{
"type": "FeatureCollection",
"name": "Acapulco",
"crs": { "type": "name", "properties": { "name": "urn:ogc:def:crs:OGC:1.3:CRS84" } },
"features": [
{ "type": "Feature", "properties": { "Name": "Acapulco- Pie de la Cuesta", "AREA": 144.79881809982999, "Superficie": 144.79 }, "geometry": { "type": "MultiPolygon", "coordinates": [ [ [ [ -100.001992957887424, 16.914370273756354, 0.0 ], [ -100.001169290336946, 16.916207920120076, 0.0 ], [ -100.001971646756289, 16.916502891680867, 0.0 ], [ -100.001070900159746, 16.918857679190555, 0.0 ], [ -100.001000261652734, 16.918833138738425, 0.0 ], [ -100.000013661301409, 16.918587429566283, 0.0 ], [ -99.995572661549033, 16.916952507951915, 0.0 ], [ -99.992957507682775, 16.916016185098897, 0.0 ], [ -99.990944368987414, 16.915284800653065, 0.0 ], [ -99.990615369103992, 16.915214077068068, 0.0 ], [ -99.990249014980009, 16.915179692388964, 0.0 ], [ -99.990042599886081, 16.915207815987969, 0.0 ], [ -99.989845184307796, 16.915163569343292, 0.0 ], [ -99.98971373849821, 16.915164215955823, 0.0 ], [ -99.989572768868129, 16.915137784880926, 0.0 ], [ -99.989366153225376, 16.915129738646556, 0.0 ], [ -99.989197292021402, 16.915157676985238, 0.0 ], [ -99.989066138491467, 16.915212538328035, 0.0 ], [ -99.988972814943395, 16.915321446227836, 0.0 ], [ -99.988860461740899, 16.915385262120193, 0.0 ], [ -99.988756861639843, 16.915322493038673, 0.0 ], [ -99.988775215004125, 16.915241062125343, 0.0 ], [ -99.988812338118862, 16.915159538581914, 0.0 ], [ -99.98886787665117, 16.915005616016401, 0.0 ], [ -99.988895199853573, 16.914842784766734, 0.0 ], [ -99.988828861362833, 16.9147256004062, 0.0 ], [ -99.988688076993128, 16.914735322976799, 0.0 ], [ -99.988603799725524, 16.914780923101141, 0.0 ], [ -99.988490861064349, 16.914727246165512, 0.0 ], [ -99.988349507423777, 16.914628492510985, 0.0 ], [ -99.988189599870111, 16.914575046701088, 0.0 ], [ -99.988048768735666, 16.914575722991284, 0.0 ], [ -99.987879338260825, 16.914495185104784, 0.0 ], [ -99.987709861021244, 16.914405630615423, 0.0 ], [ -99.987559369369365, 16.914352123651614, 0.0 ], [ -99.98739966146519, 16.914334815299519, 0.0 ], [ -99.98691143031823, 16.914337169724661, 0.0 ], [ -99.986723168939079, 16.914247692577025, 0.0 ], [ -99.986543938551904, 16.914085861373451, 0.0 ], [ -99.986261707012162, 16.913978769204899, 0.0 ], [ -99.986149030952959, 16.913979307898785, 0.0 ], [ -99.986017722739689, 16.914007061876475, 0.0 ], [ -99.985905107834412, 16.914016630663014, 0.0 ], [ -99.985792107120005, 16.91395390834623, 0.0 ], [ -99.985669400022744, 16.913827969085556, 0.0 ], [ -99.985481430923244, 16.91379272375525, 0.0 ], [ -99.985330784588029, 16.913712092339264, 0.0 ], [ -99.985218153494941, 16.913721677313617, 0.0 ], [ -99.985143184210528, 16.913749154300096, 0.0 ], [ -99.985077707270364, 16.913794661794267, 0.0 ], [ -99.984936769116587, 16.913777261711292, 0.0 ], [ -99.984851799371029, 16.913687292634499, 0.0 ], [ -99.984720076570227, 16.913633692141218, 0.0 ], [ -99.984626230516085, 16.913643184485409, 0.0 ], [ -99.984494784706499, 16.913643815809511, 0.0 ], [ -99.98428793793795, 16.913590584937594, 0.0 ], [ -99.984156076641568, 16.913509861790718, 0.0 ], [ -99.984014676236256, 16.913402077144209, 0.0 ], [ -99.983863984035622, 16.913312415635513, 0.0 ], [ -99.98372272302521, 16.913231754541865, 0.0 ], [ -99.983619491646209, 16.913241292751536, 0.0 ], [ -99.983478661411084, 16.913241969941001, 0.0 ], [ -99.983394107152264, 16.913233339147329, 0.0 ], [ -99.983365953875648, 16.913233477642901, 0.0 ], [ -99.98308356855182, 16.913099246632953, 0.0 ], [ -99.982932923115882, 16.913018631404778, 0.0 ], [ -99.982772892355058, 16.912938046753478, 0.0 ], [ -99.982659845775231, 16.912866292545402, 0.0 ], [ -99.982462261124397, 16.912785892255162, 0.0 ], [ -99.982349322463222, 16.912732200031027, 0.0 ], [ -99.982283122468118, 16.912642138324088, 0.0 ], [ -99.982282277105355, 16.912479446469316, 0.0 ], [ -99.982206799703988, 16.912407492611752, 0.0 ], [ -99.982093799888901, 16.912344769395645, 0.0 ], [ -99.982008876908083, 16.912263831310838, 0.0 ], [ -99.981914845593636, 16.912237169110135, 0.0 ], [ -99.981783399784035, 16.912237800434184, 0.0 ], [ -99.98163346121521, 16.91229275440713, 0.0 ], [ -99.981436199421012, 16.912275616026932, 0.0 ], [ -99.981294891645916, 16.912185907753496, 0.0 ], [ -99.981238276625106, 16.912131953826645, 0.0 ], [ -99.981209738438622, 16.91205978503109, 0.0 ], [ -99.981134492163051, 16.912033031099554, 0.0 ], [ -99.980824661328995, 16.912034507786355, 0.0 ], [ -99.980645799663876, 16.911944984773296, 0.0 ], [ -99.980570307873393, 16.911873030915668, 0.0 ], [ -99.980532338496573, 16.911791876993558, 0.0 ], [ -99.980513137970888, 16.911710616052115, 0.0 ], [ -99.980428307620286, 16.911647754340432, 0.0 ], [ -99.98033443008984, 16.911648200404159, 0.0 ], [ -99.980146692116136, 16.911658138812129, 0.0 ], [ -99.98000558399049, 16.91160458508358, 0.0 ], [ -99.97980779969015, 16.911488031147766, 0.0 ], [ -99.979741707613698, 16.911416046713214, 0.0 ], [ -99.979600030217171, 16.911254031148644, 0.0 ], [ -99.979571399400527, 16.911163785080646, 0.0 ], [ -99.979439445473986, 16.911064984661383, 0.0 ], [ -99.97912904626844, 16.910958015699919, 0.0 ], [ -99.978225846345708, 16.910600785198142, 0.0 ], [ -99.978045922581202, 16.910303384793448, 0.0 ], [ -99.977933030684767, 16.910258723561295, 0.0 ], [ -99.977707692056299, 16.910259800049793, 0.0 ], [ -99.977651077035546, 16.910205846122942, 0.0 ], [ -99.977631738014281, 16.910097476917091, 0.0 ], [ -99.977631184031907, 16.909989015980326, 0.0 ], [ -99.977546353681248, 16.909926154268646, 0.0 ], [ -99.977321030341216, 16.909927230757148, 0.0 ], [ -99.977264461185882, 16.909882307822272, 0.0 ], [ -99.977169969418526, 16.90976524666883, 0.0 ], [ -99.977169553931731, 16.909683908385716, 0.0 ], [ -99.977197199990769, 16.909584354334523, 0.0 ], [ -99.977196646008395, 16.909475892498506, 0.0 ], [ -99.977149368648384, 16.909412846425763, 0.0 ], [ -99.976979676470876, 16.909278077621252, 0.0 ], [ -99.976885276434317, 16.909179108129361, 0.0 ], [ -99.976856415391239, 16.909043662135335, 0.0 ], [ -99.976883968820061, 16.908926030811699, 0.0 ], [ -99.97692138421445, 16.9088987390856, 0.0 ], [ -99.976995938012067, 16.908789922916636, 0.0 ], [ -99.976995245534113, 16.908654353715519, 0.0 ], [ -99.976947322460944, 16.908464769433635, 0.0 ], [ -99.976880892239365, 16.908329507800598, 0.0 ], [ -99.976739645618139, 16.908248831418462, 0.0 ], [ -99.976664123250657, 16.908167846568912, 0.0 ], [ -99.976579523126475, 16.908150169494771, 0.0 ], [ -99.976541507884249, 16.908059969292196, 0.0 ], [ -99.976512830302866, 16.907960676943731, 0.0 ], [ -99.976465830833376, 16.907951861789059, 0.0 ], [ -99.976427861456614, 16.907870707866945, 0.0 ], [ -99.976398076809744, 16.907554492745703, 0.0 ], [ -99.976405922495303, 16.907256184925018, 0.0 ], [ -99.976394399481933, 16.906840476906552, 0.0 ], [ -99.976402291932175, 16.906551200077843, 0.0 ], [ -99.976401168678933, 16.906334277305117, 0.0 ], [ -99.976419538231085, 16.906252846391798, 0.0 ], [ -99.976344291955456, 16.906226092460255, 0.0 ], [ -99.976287768665543, 16.906190200517411, 0.0 ], [ -99.976230922519051, 16.906091046664532, 0.0 ], [ -99.97622098411108, 16.905982630693927, 0.0 ], [ -99.976304630953905, 16.905819538640852, 0.0 ], [ -99.976472323039218, 16.905565661825904, 0.0 ], [ -99.976537122789921, 16.905384585130548, 0.0 ], [ -99.976592615456809, 16.90522163067379, 0.0 ], [ -99.976591769194783, 16.905058938819018, 0.0 ], [ -99.9765253074969, 16.904914630905523, 0.0 ], [ -99.976449922725706, 16.904860769608884, 0.0 ], [ -99.976308815499408, 16.9048072005919, 0.0 ], [ -99.976158091822469, 16.904708508091236, 0.0 ], [ -99.97608264589735, 16.904645600514133, 0.0 ], [ -99.976016415325262, 16.904546492526663, 0.0 ], [ -99.975987646013039, 16.904429123805066, 0.0 ], [ -99.975930953650561, 16.904357077317286, 0.0 ], [ -99.975790122516116, 16.904357754506801, 0.0 ], [ -99.97563073836784, 16.904403708064706, 0.0 ], [ -99.975546384657889, 16.9044312309166, 0.0 ], [ -99.975536907602191, 16.9044132004089, 0.0 ], [ -99.975461384335404, 16.904332200270858, 0.0 ], [ -99.975451430638998, 16.90422378519958, 0.0 ], [ -99.975338214986607, 16.904115862057438, 0.0 ], [ -99.975177030395642, 16.903809323641443, 0.0 ], [ -99.975139246279184, 16.903764308076404, 0.0 ], [ -99.974979445744793, 16.903728923351199, 0.0 ], [ -99.974829368680389, 16.90375675377123, 0.0 ], [ -99.974688030328309, 16.903658000116646, 0.0 ], [ -99.974556123166508, 16.903568246877111, 0.0 ], [ -99.974462245636118, 16.903568692940894, 0.0 ], [ -99.974293014810769, 16.903524307800634, 0.0 ], [ -99.973812677013385, 16.903228322928783, 0.0 ], [ -99.973727477041393, 16.903093138637477, 0.0 ], [ -99.973539015113431, 16.902958461563795, 0.0 ], [ -99.973426214947835, 16.90293187760409, 0.0 ], [ -99.9731721231949, 16.902815584471682, 0.0 ], [ -99.973077723158383, 16.902716615879172, 0.0 ], [ -99.972917660921269, 16.902626984947457, 0.0 ], [ -99.972776415199348, 16.902546307666004, 0.0 ], [ -99.972126707181758, 16.902178815899667, 0.0 ], [ -99.972042307606387, 16.902197292471097, 0.0 ], [ -99.971986015442212, 16.902206600454292, 0.0 ], [ -99.971901523236681, 16.902207000652595, 0.0 ], [ -99.971835615521229, 16.902171169863664, 0.0 ], [ -99.971722445734258, 16.902072276814177, 0.0 ], [ -99.971618615406726, 16.901964307806626, 0.0 ], [ -99.971533153732025, 16.901774907885738, 0.0 ], [ -99.97142016920543, 16.901712169381138, 0.0 ], [ -99.971213107498897, 16.901613723294759, 0.0 ], [ -99.97098736867207, 16.90153346150009, 0.0 ], [ -99.970771538575619, 16.90155255410712, 0.0 ], [ -99.970677277034667, 16.901480692879712, 0.0 ], [ -99.970620122420655, 16.901318277116843, 0.0 ], [ -99.970544877044404, 16.901291507896818, 0.0 ], [ -99.970422676265457, 16.901264969802583, 0.0 ], [ -99.970140477101324, 16.90115784615773, 0.0 ], [ -99.969914461283352, 16.901023339055886, 0.0 ], [ -99.969688583960931, 16.900915953708363, 0.0 ], [ -99.969519461054233, 16.900889631451374, 0.0 ], [ -99.969387830883647, 16.900854108230533, 0.0 ], [ -99.969293123278987, 16.900691861540228, 0.0 ], [ -99.969104661351025, 16.900557169178054, 0.0 ], [ -99.968926137830991, 16.900530908074984, 0.0 ], [ -99.968785446091431, 16.900558692629605, 0.0 ], [ -99.968597953632653, 16.900613800386619, 0.0 ], [ -99.968485153467043, 16.900587215527651, 0.0 ], [ -99.96828763086944, 16.900515846229379, 0.0 ], [ -99.968118599693582, 16.900507615634005, 0.0 ], [ -99.967978045550353, 16.900562507553726, 0.0 ], [ -99.96781049196062, 16.900843492633097, 0.0 ], [ -99.967672292242483, 16.901359338362855, 0.0 ], [ -99.967728984604946, 16.901431384850586, 0.0 ], [ -99.967869861604811, 16.901439753941531, 0.0 ], [ -99.967917445633589, 16.901566077212742, 0.0 ], [ -99.96786195386602, 16.901729030770184, 0.0 ], [ -99.967900384595055, 16.901900584544357, 0.0 ], [ -99.967947968623832, 16.902026892527086, 0.0 ], [ -99.968061045780587, 16.902107708304129, 0.0 ], [ -99.9681180609997, 16.902243015802583, 0.0 ], [ -99.968062476601972, 16.902387892986894, 0.0 ], [ -99.96810072296995, 16.902523292216188, 0.0 ], [ -99.968186046149071, 16.902685584771966, 0.0 ], [ -99.968299353532302, 16.902811585186559, 0.0 ], [ -99.968365194697924, 16.902880839279362, 0.0 ], [ -99.968169648810203, 16.903131081933907, 0.0 ], [ -99.96683204666158, 16.902117715959889, 0.0 ], [ -99.966663795197974, 16.901935262402503, 0.0 ], [ -99.966620720369917, 16.901916992675122, 0.0 ], [ -99.966560030520967, 16.901906195414654, 0.0 ], [ -99.966488483156922, 16.901873282925692, 0.0 ], [ -99.966428451611705, 16.901841054820867, 0.0 ], [ -99.966339905262373, 16.901786054982495, 0.0 ], [ -99.966211285122654, 16.901699101332493, 0.0 ], [ -99.966096469576371, 16.90160986610249, 0.0 ], [ -99.965971734507903, 16.901532315763802, 0.0 ], [ -99.965945744100793, 16.901515259221863, 0.0 ], [ -99.965908821534882, 16.901499361906072, 0.0 ], [ -99.965812996072898, 16.901446613070789, 0.0 ], [ -99.965789330413259, 16.901433978495334, 0.0 ], [ -99.965747151309927, 16.901403143440348, 0.0 ], [ -99.96569970128013, 16.901354599834974, 0.0 ], [ -99.965570616190973, 16.901213892806936, 0.0 ], [ -99.965380946473488, 16.901045208769403, 0.0 ], [ -99.965194694179729, 16.900869303175849, 0.0 ], [ -99.965177859770392, 16.900841674203946, 0.0 ], [ -99.964396131276374, 16.89959512931182, 0.0 ], [ -99.96429218223841, 16.899378381007519, 0.0 ], [ -99.964153370981251, 16.899248987450846, 0.0 ], [ -99.96396172545326, 16.898992750814834, 0.0 ], [ -99.963884329797963, 16.898866022848722, 0.0 ], [ -99.963730150925699, 16.898733006822855, 0.0 ], [ -99.963605335817533, 16.898639014179196, 0.0 ], [ -99.963442849907551, 16.898532637870975, 0.0 ], [ -99.96339281432688, 16.898352580107542, 0.0 ], [ -99.963353674032817, 16.898202027301743, 0.0 ], [ -99.963310311421708, 16.898126862864498, 0.0 ], [ -99.963073322975447, 16.898009753147623, 0.0 ], [ -99.963031164556583, 16.897970049877923, 0.0 ], [ -99.962841359041477, 16.897874392589191, 0.0 ], [ -99.962372554150022, 16.897650983905805, 0.0 ], [ -99.962189693199718, 16.897511944220923, 0.0 ], [ -99.962154530607052, 16.897439203456543, 0.0 ], [ -99.961977839006011, 16.897306045337761, 0.0 ], [ -99.961598881782948, 16.897515806809114, 0.0 ], [ -99.961449159950746, 16.897257816495085, 0.0 ], [ -99.961240132326225, 16.896905033140797, 0.0 ], [ -99.961119206785952, 16.896754706064886, 0.0 ], [ -99.960970426543895, 16.896606185726963, 0.0 ], [ -99.960778033679276, 16.896442781609153, 0.0 ], [ -99.96059454320357, 16.896317896353874, 0.0 ], [ -99.960442594649976, 16.896231425639822, 0.0 ], [ -99.960259300226483, 16.896145101515284, 0.0 ], [ -99.959929357853525, 16.895987371220262, 0.0 ], [ -99.959812348860794, 16.895922531899373, 0.0 ], [ -99.958889160606248, 16.895309864258881, 0.0 ], [ -99.958569609000222, 16.89502521893877, 0.0 ], [ -99.958293442488355, 16.894595064210872, 0.0 ], [ -99.958220954433443, 16.894494805990576, 0.0 ], [ -99.958068986994135, 16.894256228442259, 0.0 ], [ -99.958259104573983, 16.894085756552503, 0.0 ], [ -99.958277117994555, 16.893870239420032, 0.0 ], [ -99.958453974171562, 16.893766950484402, 0.0 ], [ -99.958811767648911, 16.893828328314726, 0.0 ], [ -99.958830219039328, 16.893581722518547, 0.0 ], [ -99.958831560827832, 16.893582822389423, 0.0 ], [ -99.95883477410554, 16.893539871667773, 0.0 ], [ -99.95883968440387, 16.893161527782354, 0.0 ], [ -99.95883314003737, 16.893117065300373, 0.0 ], [ -99.958877719431143, 16.893244369731921, 0.0 ], [ -99.958950649952513, 16.893453046620834, 0.0 ], [ -99.958960712466876, 16.893469945781419, 0.0 ], [ -99.960663832369974, 16.894866332115615, 0.0 ], [ -99.961584341544096, 16.895534255901229, 0.0 ], [ -99.966719881417362, 16.898029572406866, 0.0 ], [ -99.967118749630572, 16.898232186066593, 0.0 ], [ -99.970946304728159, 16.900177695744105, 0.0 ], [ -99.973367357017878, 16.901486954859134, 0.0 ], [ -99.97603274341634, 16.902891052879852, 0.0 ], [ -99.9774113474557, 16.903617725777451, 0.0 ], [ -99.980749475308016, 16.905346192173052, 0.0 ], [ -99.981299549234791, 16.905664351628559, 0.0 ], [ -99.981205052970779, 16.905820944281228, 0.0 ], [ -99.98113167908366, 16.905778496280618, 0.0 ], [ -99.981122740721844, 16.905775644530422, 0.0 ], [ -99.98101717110552, 16.905811708243792, 0.0 ], [ -99.980973089936128, 16.905886008432617, 0.0 ], [ -99.980641305751647, 16.905717097765887, 0.0 ], [ -99.980550370802916, 16.905670802465636, 0.0 ], [ -99.980540176088198, 16.905665608880785, 0.0 ], [ -99.980507586455929, 16.90564901638902, 0.0 ], [ -99.980311219487135, 16.905547442460541, 0.0 ], [ -99.980189062774969, 16.905484260590182, 0.0 ], [ -99.980170513358473, 16.90547405598295, 0.0 ], [ -99.980123387983951, 16.905448128528349, 0.0 ], [ -99.97977223599986, 16.905254936166443, 0.0 ], [ -99.979709884203771, 16.905220632426278, 0.0 ], [ -99.979685015251221, 16.905268276709645, 0.0 ], [ -99.979668402075049, 16.905272811990748, 0.0 ], [ -99.979402700973822, 16.905129050865074, 0.0 ], [ -99.979160759961076, 16.904998143749367, 0.0 ], [ -99.979158365965759, 16.904996847826339, 0.0 ], [ -99.979083947965762, 16.905134667131218, 0.0 ], [ -99.979075838778911, 16.905149686708739, 0.0 ], [ -99.979029789892891, 16.9052349667204, 0.0 ], [ -99.979005009973207, 16.905280858225069, 0.0 ], [ -99.978966763605243, 16.905350763427066, 0.0 ], [ -99.979040440563836, 16.905414911169256, 0.0 ], [ -99.979054219976263, 16.905428755332814, 0.0 ], [ -99.979148739622588, 16.90552370485517, 0.0 ], [ -99.979225956312803, 16.905680758859997, 0.0 ], [ -99.979287189352263, 16.905827812403686, 0.0 ], [ -99.979283294388495, 16.905829792710787, 0.0 ], [ -99.97932205516868, 16.906068694015062, 0.0 ], [ -99.979333869562367, 16.906202109339912, 0.0 ], [ -99.979303657737603, 16.906195041567969, 0.0 ], [ -99.97925579491897, 16.906186403579742, 0.0 ], [ -99.979194288485587, 16.906175453434454, 0.0 ], [ -99.979084460579372, 16.906141506725188, 0.0 ], [ -99.978851855428729, 16.906069596934401, 0.0 ], [ -99.978846354275788, 16.906067897215735, 0.0 ], [ -99.978626124695836, 16.905997934457165, 0.0 ], [ -99.978451825291472, 16.90594028611536, 0.0 ], [ -99.978385538062071, 16.905918361543172, 0.0 ], [ -99.978304838297618, 16.905896033175448, 0.0 ], [ -99.978273441166323, 16.90588734482515, 0.0 ], [ -99.978141577172039, 16.905850853034512, 0.0 ], [ -99.977986622184858, 16.905807024574582, 0.0 ], [ -99.97785292627151, 16.905768472437103, 0.0 ], [ -99.977677424473555, 16.905717023122175, 0.0 ], [ -99.977653050148092, 16.905793316208641, 0.0 ], [ -99.977632474559016, 16.905865180134011, 0.0 ], [ -99.977608747745478, 16.90593613754276, 0.0 ], [ -99.977581918270857, 16.906006070623732, 0.0 ], [ -99.977545494828689, 16.906085413311249, 0.0 ], [ -99.977504446173214, 16.906164526671603, 0.0 ], [ -99.977450351052823, 16.906260934894309, 0.0 ], [ -99.977254619005407, 16.906639391194972, 0.0 ], [ -99.977244039380892, 16.906667163159117, 0.0 ], [ -99.97723413784513, 16.90669515725574, 0.0 ], [ -99.977224922492155, 16.906723374384285, 0.0 ], [ -99.977216384328642, 16.906751786665669, 0.0 ], [ -99.977208551233616, 16.906780386006062, 0.0 ], [ -99.97720141331456, 16.906809153519646, 0.0 ], [ -99.977194971470738, 16.906838072119399, 0.0 ], [ -99.977189233796082, 16.906867131013311, 0.0 ], [ -99.977186796633305, 16.906902374544984, 0.0 ], [ -99.977187541271974, 16.906937684626481, 0.0 ], [ -99.977191478503869, 16.906972798655772, 0.0 ], [ -99.977312215186544, 16.907336393659705, 0.0 ], [ -99.977360132863794, 16.907389648813311, 0.0 ], [ -99.977384587228869, 16.907416825426196, 0.0 ], [ -99.977395427656802, 16.907424958894804, 0.0 ], [ -99.977406438955953, 16.907432194839938, 0.0 ], [ -99.977418086975092, 16.907438845326507, 0.0 ], [ -99.97743015407832, 16.907444753872362, 0.0 ], [ -99.977442593500825, 16.907449900692423, 0.0 ], [ -99.977453611994576, 16.907453681442288, 0.0 ], [ -99.977455346786769, 16.907454277692803, 0.0 ], [ -99.977544923759183, 16.907488209113637, 0.0 ], [ -99.977547858247021, 16.907489320675662, 0.0 ], [ -99.978756376205752, 16.907882495280997, 0.0 ], [ -99.978756317749855, 16.907887520692551, 0.0 ], [ -99.979867855517057, 16.90824514329876, 0.0 ], [ -99.979868456264228, 16.908245167580446, 0.0 ], [ -99.980637034871222, 16.908673002956785, 0.0 ], [ -99.980793926098784, 16.908729582004639, 0.0 ], [ -99.980950586200549, 16.908786732122056, 0.0 ], [ -99.981107014277256, 16.908844470396048, 0.0 ], [ -99.981287074738646, 16.908909433823336, 0.0 ], [ -99.981467089334672, 16.908974524954427, 0.0 ], [ -99.981647048172704, 16.909039741990565, 0.0 ], [ -99.982120308305525, 16.909206237977568, 0.0 ], [ -99.982156354931817, 16.909219261060112, 0.0 ], [ -99.98218934386307, 16.909231169882617, 0.0 ], [ -99.982203716828053, 16.909236360769512, 0.0 ], [ -99.982630984732111, 16.909390675439393, 0.0 ], [ -99.98295263715444, 16.909501759698514, 0.0 ], [ -99.983427339799846, 16.909668977841076, 0.0 ], [ -99.983653986042611, 16.909749334064543, 0.0 ], [ -99.983659746200317, 16.909733923281976, 0.0 ], [ -99.983694820659423, 16.909746074022166, 0.0 ], [ -99.983688967871558, 16.909761739312838, 0.0 ], [ -99.983824287960502, 16.909809715446048, 0.0 ], [ -99.984331863524631, 16.909991425264138, 0.0 ], [ -99.984806483432408, 16.91016020373047, 0.0 ], [ -99.985233825980231, 16.910315515748493, 0.0 ], [ -99.985259051064304, 16.910323863255712, 0.0 ], [ -99.985770065635961, 16.910492970873971, 0.0 ], [ -99.98744124341863, 16.911078533847331, 0.0 ], [ -99.98877908838422, 16.911547136391277, 0.0 ], [ -99.989309531909328, 16.911733512791443, 0.0 ], [ -99.990187406923269, 16.91203756008537, 0.0 ], [ -99.99111950655994, 16.912352375861534, 0.0 ], [ -99.991683465119763, 16.912535320448736, 0.0 ], [ -99.992297813593211, 16.912719519590208, 0.0 ], [ -99.99260363075291, 16.912807878880528, 0.0 ], [ -99.992766096877858, 16.912853837834408, 0.0 ], [ -99.99294520315857, 16.912905473308964, 0.0 ], [ -99.992999072549139, 16.912920504577695, 0.0 ], [ -99.993107110804488, 16.912961159330109, 0.0 ], [ -99.993233129205521, 16.913009012256165, 0.0 ], [ -99.993559101970959, 16.913132458596124, 0.0 ], [ -99.993925814025033, 16.913273756478706, 0.0 ], [ -99.994264555364907, 16.913405888471001, 0.0 ], [ -99.994794282130385, 16.913611108366013, 0.0 ], [ -99.995258474399066, 16.91379353404443, 0.0 ], [ -99.995686274701768, 16.913959657712098, 0.0 ], [ -99.995689594998794, 16.913960928454117, 0.0 ], [ -99.995721074867674, 16.913972965879736, 0.0 ], [ -99.996080126496622, 16.9141102653765, 0.0 ], [ -99.996462511036043, 16.914258287490043, 0.0 ], [ -99.997051538197866, 16.914487308842293, 0.0 ], [ -99.997527049333826, 16.914671598815289, 0.0 ], [ -99.99793064528302, 16.914828255319772, 0.0 ], [ -99.998430796943694, 16.915025231129562, 0.0 ], [ -99.998434940120376, 16.915015177608378, 0.0 ], [ -99.998454920358256, 16.915024046722404, 0.0 ], [ -99.998456191100331, 16.91502460969803, 0.0 ], [ -99.998453471550434, 16.915032414014718, 0.0 ], [ -99.998528682752465, 16.91506009244938, 0.0 ], [ -99.998826383530741, 16.915169736893919, 0.0 ], [ -99.999074215102908, 16.915262196193453, 0.0 ], [ -99.999080744180958, 16.915264631557534, 0.0 ], [ -99.999119870985226, 16.915279236547576, 0.0 ], [ -99.999121996982524, 16.915280030648944, 0.0 ], [ -99.999289615323462, 16.915342589289139, 0.0 ], [ -99.9995857935495, 16.915457051401855, 0.0 ], [ -100.000322046025587, 16.915741870291125, 0.0 ], [ -100.000865911032918, 16.915953421413295, 0.0 ], [ -100.001095642849577, 16.915452857863151, 0.0 ], [ -100.001232310122987, 16.915157128398782, 0.0 ], [ -100.001287492523716, 16.91503771821618, 0.0 ], [ -100.001297703426246, 16.915015624571481, 0.0 ], [ -100.001452803204245, 16.914680003879138, 0.0 ], [ -100.001467711265832, 16.914647743398689, 0.0 ], [ -100.001530510024963, 16.914514650031155, 0.0 ], [ -100.001618141763799, 16.914328924740119, 0.0 ], [ -100.001650937340855, 16.914314279280628, 0.0 ], [ -100.001816732755984, 16.914317815414904, 0.0 ], [ -100.001944324970566, 16.914344857129496, 0.0 ], [ -100.001992957887424, 16.914370273756354, 0.0 ] ] ] ] } },
{ "type": "Feature", "properties": { "Name": "Acapulco", "AREA": 2580.74654224083, "Superficie": 2580.74 }, "geometry": { "type": "MultiPolygon", "coordinates": [ [ [ [ -99.906967847900233, 16.850611806440309, 0.0 ], [ -99.906914097330045, 16.850587979313236, 0.0 ], [ -99.906646880880842, 16.850679664953297, 0.0 ], [ -99.90621453419449, 16.850848156146721, 0.0 ], [ -99.90605397778458, 16.850884280033732, 0.0 ], [ -99.905356349295147, 16.851122147146217, 0.0 ], [ -99.904741855750999, 16.851370138820801, 0.0 ], [ -99.904508151403562, 16.851491842378906, 0.0 ], [ -99.903860610359317, 16.851665212091994, 0.0 ], [ -99.903008705560538, 16.851828985786604, 0.0 ], [ -99.90288350579317, 16.851853146663757, 0.0 ], [ -99.902560349806549, 16.852069681706205, 0.0 ], [ -99.902029483203307, 16.852719979869899, 0.0 ], [ -99.901763930459538, 16.853020207309001, 0.0 ], [ -99.901623515679375, 16.853283157942904, 0.0 ], [ -99.901367165504865, 16.85380108141862, 0.0 ], [ -99.901214733010946, 16.85411523965465, 0.0 ], [ -99.901069272051572, 16.854463470552218, 0.0 ], [ -99.900855554126991, 16.855067776355142, 0.0 ], [ -99.900830959553488, 16.855339399664704, 0.0 ], [ -99.90079546592105, 16.855898326155554, 0.0 ], [ -99.900803299121009, 16.856401972340656, 0.0 ], [ -99.900828202301383, 16.856483186427905, 0.0 ], [ -99.900620683760096, 16.856958921308642, 0.0 ], [ -99.900581732827945, 16.857275567410102, 0.0 ], [ -99.900514297962047, 16.857378757223902, 0.0 ], [ -99.900466516981623, 16.857443584853737, 0.0 ], [ -99.900374804119451, 16.857561364565406, 0.0 ], [ -99.90036398527532, 16.857583981615505, 0.0 ], [ -99.900221827640848, 16.857757356516966, 0.0 ], [ -99.900053960187563, 16.857807334540944, 0.0 ], [ -99.899775986038378, 16.857890034397705, 0.0 ], [ -99.899337794069538, 16.858019851535001, 0.0 ], [ -99.899193925025202, 16.858062591815322, 0.0 ], [ -99.89874902321435, 16.858198196989346, 0.0 ], [ -99.898295425858862, 16.85833645426413, 0.0 ], [ -99.898160782059961, 16.858368853240048, 0.0 ], [ -99.89726293670067, 16.858632467014782, 0.0 ], [ -99.896765842735022, 16.858780509812725, 0.0 ], [ -99.896241192642435, 16.858943752951912, 0.0 ], [ -99.896109137092537, 16.858995651028515, 0.0 ], [ -99.895217149017753, 16.859268031394606, 0.0 ], [ -99.895082927900376, 16.859303952115727, 0.0 ], [ -99.894652765078675, 16.859436487903565, 0.0 ], [ -99.894194449879535, 16.859572111064089, 0.0 ], [ -99.894057174664525, 16.859627944574015, 0.0 ], [ -99.89361265956218, 16.859757882220606, 0.0 ], [ -99.893608215112636, 16.859742773610265, 0.0 ], [ -99.893152408122731, 16.859875538725245, 0.0 ], [ -99.893028640724779, 16.859915804071136, 0.0 ], [ -99.892764883957796, 16.859995665667604, 0.0 ], [ -99.892209645224398, 16.860157457300829, 0.0 ], [ -99.89209199591437, 16.860196965417796, 0.0 ], [ -99.891974463516249, 16.860279845138844, 0.0 ], [ -99.891509933102441, 16.860524012873039, 0.0 ], [ -99.891512962019135, 16.860529511327911, 0.0 ], [ -99.891411112898211, 16.860576819264843, 0.0 ], [ -99.891404379673986, 16.860563748518246, 0.0 ], [ -99.89129401037593, 16.860613716649702, 0.0 ], [ -99.891199958376944, 16.86065629864936, 0.0 ], [ -99.891209101784227, 16.860676023479808, 0.0 ], [ -99.891111022621217, 16.860720801623863, 0.0 ], [ -99.890896166490506, 16.860818896075163, 0.0 ], [ -99.890890145529397, 16.860804442171336, 0.0 ], [ -99.89067740010745, 16.860902311792358, 0.0 ], [ -99.890684855487166, 16.860917447382345, 0.0 ], [ -99.890342457504062, 16.861084571995548, 0.0 ], [ -99.890100707147496, 16.861202786079723, 0.0 ], [ -99.889971221859867, 16.861293215609575, 0.0 ], [ -99.889371686119944, 16.861578693701738, 0.0 ], [ -99.888957189488167, 16.86177130510168, 0.0 ], [ -99.888846043175931, 16.861807727644699, 0.0 ], [ -99.88744834203294, 16.862487677164662, 0.0 ], [ -99.887127184237727, 16.862640115848759, 0.0 ], [ -99.886757280489689, 16.862819670891209, 0.0 ], [ -99.886513135238545, 16.862923801592267, 0.0 ], [ -99.88622502842793, 16.863046683157954, 0.0 ], [ -99.886054415344574, 16.86310569397272, 0.0 ], [ -99.885866367104711, 16.863161589535704, 0.0 ], [ -99.885360323085933, 16.863311036175503, 0.0 ], [ -99.884537757277258, 16.863548498564455, 0.0 ], [ -99.884260878502232, 16.863622400353673, 0.0 ], [ -99.884003218239513, 16.863691169711899, 0.0 ], [ -99.883680916506648, 16.863808417924243, 0.0 ], [ -99.883383490021515, 16.863888800228096, 0.0 ], [ -99.882908036442359, 16.8640219637428, 0.0 ], [ -99.882769351989509, 16.864053486779081, 0.0 ], [ -99.882086071380741, 16.864231527363128, 0.0 ], [ -99.8816033566751, 16.86437654933837, 0.0 ], [ -99.881056192055269, 16.864538355360981, 0.0 ], [ -99.880636653824183, 16.864663713659468, 0.0 ], [ -99.880646966350014, 16.864692443401616, 0.0 ], [ -99.880204606922632, 16.864837583188031, 0.0 ], [ -99.879815157309281, 16.864954518436374, 0.0 ], [ -99.879524671791785, 16.86504173738626, 0.0 ], [ -99.879118312225955, 16.864727228278976, 0.0 ], [ -99.879063394225852, 16.86469563059898, 0.0 ], [ -99.878938291334691, 16.864623650661027, 0.0 ], [ -99.878866075774283, 16.864584093081415, 0.0 ], [ -99.878626491884688, 16.864444249402759, 0.0 ], [ -99.878503595929658, 16.864373538408181, 0.0 ], [ -99.878244194579509, 16.864224285122702, 0.0 ], [ -99.878100332729787, 16.8641415106224, 0.0 ], [ -99.877941478282139, 16.864050108925539, 0.0 ], [ -99.877815358257749, 16.863951669134281, 0.0 ], [ -99.877720466292089, 16.863899383449848, 0.0 ], [ -99.877551272338863, 16.863806156129264, 0.0 ], [ -99.877542896952662, 16.863801541707861, 0.0 ], [ -99.877523015640179, 16.863790587066028, 0.0 ], [ -99.877345205282609, 16.863692612224327, 0.0 ], [ -99.87730307294413, 16.863669396225752, 0.0 ], [ -99.877188386000796, 16.863636681587646, 0.0 ], [ -99.876745371867003, 16.863397550057069, 0.0 ], [ -99.876721874380451, 16.863386172733772, 0.0 ], [ -99.876697610671783, 16.863376401599673, 0.0 ], [ -99.876672697652339, 16.863368285218314, 0.0 ], [ -99.876647256731133, 16.863361860461623, 0.0 ], [ -99.876619893958548, 16.863356950163109, 0.0 ], [ -99.876466792474105, 16.863328608029004, 0.0 ], [ -99.876425057635913, 16.863321606806778, 0.0 ], [ -99.876341239022565, 16.863309714172029, 0.0 ], [ -99.876257040895212, 16.863300645408511, 0.0 ], [ -99.876172564877606, 16.863294410408795, 0.0 ], [ -99.876087915290668, 16.863291019065393, 0.0 ], [ -99.876003193757981, 16.86329047407628, 0.0 ], [ -99.875920167447362, 16.863293011063771, 0.0 ], [ -99.875842046039168, 16.863298379116994, 0.0 ], [ -99.87576416744804, 16.863306368693998, 0.0 ], [ -99.875665519913412, 16.863320318977568, 0.0 ], [ -99.875276786160327, 16.863383968495437, 0.0 ], [ -99.874944484865694, 16.863438379277962, 0.0 ], [ -99.874801528633213, 16.863463507235107, 0.0 ], [ -99.874594122486371, 16.863471106506555, 0.0 ], [ -99.874207550703431, 16.863447210620389, 0.0 ], [ -99.87417395293113, 16.863439690489372, 0.0 ], [ -99.874056041019116, 16.86341331067581, 0.0 ], [ -99.873919219961707, 16.86338269595478, 0.0 ], [ -99.873639793407335, 16.863311186362179, 0.0 ], [ -99.873600243921715, 16.8632708994325, 0.0 ], [ -99.873550309964287, 16.863236220675212, 0.0 ], [ -99.873504541666875, 16.863215431946795, 0.0 ], [ -99.873430757688936, 16.863183573463278, 0.0 ], [ -99.873404217796079, 16.863172111603713, 0.0 ], [ -99.873367418437226, 16.863156225079813, 0.0 ], [ -99.873322578239879, 16.86313554696795, 0.0 ], [ -99.873214279181255, 16.863085333321575, 0.0 ], [ -99.873097778305407, 16.863046148061414, 0.0 ], [ -99.872984005073306, 16.863008124725237, 0.0 ], [ -99.872895207813201, 16.862977957866569, 0.0 ], [ -99.872865871028694, 16.862968113887398, 0.0 ], [ -99.872816996472864, 16.862951717447853, 0.0 ], [ -99.872750913389552, 16.862929544662787, 0.0 ], [ -99.872718787807415, 16.862918766288146, 0.0 ], [ -99.872631396187558, 16.862889408819168, 0.0 ], [ -99.872540912698526, 16.86285901533147, 0.0 ], [ -99.872473494122119, 16.862836623111825, 0.0 ], [ -99.872437079673148, 16.862824529028952, 0.0 ], [ -99.872362069919063, 16.862799613311608, 0.0 ], [ -99.87229747521377, 16.862778069152622, 0.0 ], [ -99.872224476344186, 16.862753719109037, 0.0 ], [ -99.872184281145223, 16.86274031111645, 0.0 ], [ -99.872088232651279, 16.862708274567236, 0.0 ], [ -99.871979843660441, 16.862671359196042, 0.0 ], [ -99.871887125356139, 16.862650780009513, 0.0 ], [ -99.871706560375117, 16.862610699024565, 0.0 ], [ -99.871646638547077, 16.862597441219059, 0.0 ], [ -99.871495102782447, 16.862563911795178, 0.0 ], [ -99.871340311471727, 16.862529787919353, 0.0 ], [ -99.871244979737639, 16.862508825621884, 0.0 ], [ -99.871151987140138, 16.862488306690064, 0.0 ], [ -99.870973625497982, 16.862448948759997, 0.0 ], [ -99.870754497587541, 16.862400604804122, 0.0 ], [ -99.870612594461136, 16.86218428457715, 0.0 ], [ -99.870422251151581, 16.862121491213941, 0.0 ], [ -99.870364922069029, 16.862053943134981, 0.0 ], [ -99.87036884311317, 16.862022426393931, 0.0 ], [ -99.870380477642527, 16.861976179656999, 0.0 ], [ -99.870414541263585, 16.861904086404596, 0.0 ], [ -99.870466671365307, 16.861840088849071, 0.0 ], [ -99.869471397052976, 16.861815411452252, 0.0 ], [ -99.86940252247399, 16.861896818083718, 0.0 ], [ -99.869343553927536, 16.861985141401245, 0.0 ], [ -99.869295256736279, 16.862079286929593, 0.0 ], [ -99.869266390297298, 16.862152984572614, 0.0 ], [ -99.869224780464833, 16.862332111537789, 0.0 ], [ -99.869218277467098, 16.862410632244856, 0.0 ], [ -99.869219070669146, 16.862481601344992, 0.0 ], [ -99.869072612476657, 16.862558598600515, 0.0 ], [ -99.869006981752307, 16.862567512680641, 0.0 ], [ -99.868931168903885, 16.862585215835107, 0.0 ], [ -99.868866568802616, 16.8626163027003, 0.0 ], [ -99.868781221341862, 16.862671593019623, 0.0 ], [ -99.868653880937529, 16.862844908565755, 0.0 ], [ -99.868360674970745, 16.863242773135646, 0.0 ], [ -99.868124005783784, 16.863572841413596, 0.0 ], [ -99.868075641143491, 16.863617661825682, 0.0 ], [ -99.867993915252555, 16.863634033084164, 0.0 ], [ -99.867938804797632, 16.863627361013979, 0.0 ], [ -99.867859273252463, 16.863581156545301, 0.0 ], [ -99.867826744773936, 16.863525153962822, 0.0 ], [ -99.867814119191848, 16.863488048834419, 0.0 ], [ -99.867789977790721, 16.863305295802881, 0.0 ], [ -99.867787680023071, 16.863264748969073, 0.0 ], [ -99.867788527184246, 16.863180819739107, 0.0 ], [ -99.867800789440537, 16.863093037813538, 0.0 ], [ -99.867854657032424, 16.862884338441631, 0.0 ], [ -99.867937990911074, 16.862644846282763, 0.0 ], [ -99.867993120251867, 16.862533860949089, 0.0 ], [ -99.868044717954888, 16.862381022066586, 0.0 ], [ -99.868057312960104, 16.862318971543459, 0.0 ], [ -99.868034402730984, 16.862175614213349, 0.0 ], [ -99.868072566361377, 16.862170643660299, 0.0 ], [ -99.868038545907723, 16.861989288175206, 0.0 ], [ -99.867968646101701, 16.86181331872978, 0.0 ], [ -99.867798641859451, 16.861525439447576, 0.0 ], [ -99.86764751798421, 16.86124955082613, 0.0 ], [ -99.86759825312248, 16.861069814120807, 0.0 ], [ -99.867564245259189, 16.860946483793327, 0.0 ], [ -99.867418047870274, 16.860826739962135, 0.0 ], [ -99.867325246828273, 16.860705714597081, 0.0 ], [ -99.867251197550274, 16.860570388212864, 0.0 ], [ -99.867032184753043, 16.860593697741077, 0.0 ], [ -99.866838929438643, 16.86061942284806, 0.0 ], [ -99.866554094361504, 16.860547698317752, 0.0 ], [ -99.866479843635489, 16.860445332985705, 0.0 ], [ -99.866413622056541, 16.860301405485586, 0.0 ], [ -99.866325843728305, 16.860110625105275, 0.0 ], [ -99.866228143179853, 16.860014502867099, 0.0 ], [ -99.866171192712045, 16.859997386070631, 0.0 ], [ -99.866071674633645, 16.860020337668573, 0.0 ], [ -99.865780220546355, 16.860335851318609, 0.0 ], [ -99.865632794683393, 16.860463327520673, 0.0 ], [ -99.8656165232494, 16.860471946623072, 0.0 ], [ -99.865601076494173, 16.860478526962531, 0.0 ], [ -99.865576149085541, 16.860486510244289, 0.0 ], [ -99.865557841586735, 16.860490480751253, 0.0 ], [ -99.865514881871775, 16.860493984509951, 0.0 ], [ -99.865474302662449, 16.860490013103625, 0.0 ], [ -99.86520929044201, 16.860426838427827, 0.0 ], [ -99.865203877422573, 16.860428281839802, 0.0 ], [ -99.865200565219425, 16.86042997526317, 0.0 ], [ -99.86519760644984, 16.860432193890741, 0.0 ], [ -99.865195289796304, 16.860435436845982, 0.0 ], [ -99.865195475956114, 16.860443098170546, 0.0 ], [ -99.86521069248505, 16.860471234360084, 0.0 ], [ -99.865447783453931, 16.860564526431798, 0.0 ], [ -99.865562197003385, 16.86066613453448, 0.0 ], [ -99.865570789126252, 16.860680138777415, 0.0 ], [ -99.865578973856032, 16.860696401218082, 0.0 ], [ -99.865585366237326, 16.860712428036148, 0.0 ], [ -99.865590368266396, 16.860728909012039, 0.0 ], [ -99.865593791086155, 16.860744836005427, 0.0 ], [ -99.865595916184077, 16.860760973440275, 0.0 ], [ -99.865596733667871, 16.860778124411066, 0.0 ], [ -99.865596083457945, 16.860795281677095, 0.0 ], [ -99.865595515985831, 16.860800919526923, 0.0 ], [ -99.865543038745841, 16.860880882746581, 0.0 ], [ -99.865402120377155, 16.860945507129593, 0.0 ], [ -99.865287574627487, 16.861009880601667, 0.0 ], [ -99.865231635896748, 16.861041318202293, 0.0 ], [ -99.865192820258017, 16.861069719691784, 0.0 ], [ -99.86496712369933, 16.86122421242754, 0.0 ], [ -99.864906590332509, 16.861265650489425, 0.0 ], [ -99.864903697213435, 16.8612705688817, 0.0 ], [ -99.864900240219526, 16.861277986489934, 0.0 ], [ -99.864897643876759, 16.861285724256955, 0.0 ], [ -99.864896088049647, 16.86129279652544, 0.0 ], [ -99.864895187828338, 16.861308110181202, 0.0 ], [ -99.864896046680883, 16.86131619868371, 0.0 ], [ -99.86489712676655, 16.861321518173611, 0.0 ], [ -99.864899498278817, 16.861329322490231, 0.0 ], [ -99.864903153123691, 16.861337640319888, 0.0 ], [ -99.864906819659552, 16.861343950862697, 0.0 ], [ -99.864911104929206, 16.861349885488831, 0.0 ], [ -99.864916614175968, 16.861356045845007, 0.0 ], [ -99.864922789820469, 16.861361587467449, 0.0 ], [ -99.864929561715542, 16.861366448303098, 0.0 ], [ -99.86493601075388, 16.861370143617364, 0.0 ], [ -99.864944550715961, 16.861373887494945, 0.0 ], [ -99.864953497171825, 16.861376603447518, 0.0 ], [ -99.864958081016198, 16.861377563923497, 0.0 ], [ -99.864964585812572, 16.861378452453664, 0.0 ], [ -99.864976773424928, 16.861378676384899, 0.0 ], [ -99.865158798904929, 16.861390574415559, 0.0 ], [ -99.865343578109233, 16.861402652310691, 0.0 ], [ -99.865383369512472, 16.861405452799428, 0.0 ], [ -99.865584662068159, 16.861426450170544, 0.0 ], [ -99.865653404446689, 16.861433620465331, 0.0 ], [ -99.86566781878031, 16.861437012708045, 0.0 ], [ -99.865711400826058, 16.861447474521352, 0.0 ], [ -99.865748080575031, 16.861461387033554, 0.0 ], [ -99.865777171844513, 16.861473383090129, 0.0 ], [ -99.86581486782751, 16.861490252573216, 0.0 ], [ -99.865850873084923, 16.861507817232106, 0.0 ], [ -99.865878079375477, 16.861522077781785, 0.0 ], [ -99.865901615532607, 16.86153513413921, 0.0 ], [ -99.865917685518411, 16.861543280198362, 0.0 ], [ -99.865933495599904, 16.861553015359448, 0.0 ], [ -99.865946940464596, 16.861562862935894, 0.0 ], [ -99.865960227048333, 16.861574311305439, 0.0 ], [ -99.86597000717569, 16.861584063553714, 0.0 ], [ -99.865980276534117, 16.861595820390782, 0.0 ], [ -99.865988576377276, 16.861606768737374, 0.0 ], [ -99.865997077668567, 16.861619769336922, 0.0 ], [ -99.865999877258105, 16.861624585206581, 0.0 ], [ -99.86604588477536, 16.861706075475183, 0.0 ], [ -99.866047038605586, 16.861717355671484, 0.0 ], [ -99.866047000833987, 16.861734521031444, 0.0 ], [ -99.866045925244862, 16.861746223009899, 0.0 ], [ -99.866044001594901, 16.861757825163572, 0.0 ], [ -99.866041483493291, 16.861768395794908, 0.0 ], [ -99.866036390632587, 16.861783901905596, 0.0 ], [ -99.86602678227581, 16.861804499078456, 0.0 ], [ -99.866018647008559, 16.861817711917976, 0.0 ], [ -99.866005102319207, 16.861835025665918, 0.0 ], [ -99.865985818156503, 16.861853487848293, 0.0 ], [ -99.865970106101088, 16.861864937117215, 0.0 ], [ -99.865949804805155, 16.861876236199407, 0.0 ], [ -99.865934301392485, 16.861882690633767, 0.0 ], [ -99.86591367634071, 16.861888788037216, 0.0 ], [ -99.865892427159451, 16.861892384426024, 0.0 ], [ -99.865748101259499, 16.86189542053728, 0.0 ], [ -99.8652618693053, 16.861921642969492, 0.0 ], [ -99.86487391076804, 16.861938386547418, 0.0 ], [ -99.864755724562656, 16.861938884771803, 0.0 ], [ -99.864704201503244, 16.861943288751881, 0.0 ], [ -99.864646429054915, 16.861915980837917, 0.0 ], [ -99.864573534506576, 16.861824130379485, 0.0 ], [ -99.864488611525815, 16.861710529817284, 0.0 ], [ -99.864419482438734, 16.861616831251744, 0.0 ], [ -99.864404288392791, 16.861607168935848, 0.0 ], [ -99.864339942799688, 16.861574484874719, 0.0 ], [ -99.864233594370432, 16.861544770374852, 0.0 ], [ -99.864193784081522, 16.861540599319362, 0.0 ], [ -99.86415377144499, 16.861539286309036, 0.0 ], [ -99.864113752513276, 16.861540846632803, 0.0 ], [ -99.86407398179449, 16.861545271297356, 0.0 ], [ -99.864034655340561, 16.861552541416813, 0.0 ], [ -99.86399599888172, 16.861562602132437, 0.0 ], [ -99.863958227355795, 16.861575405780339, 0.0 ], [ -99.863921547606992, 16.861590881314271, 0.0 ], [ -99.86388617547226, 16.861608945096918, 0.0 ], [ -99.863852288118267, 16.861629497303618, 0.0 ], [ -99.863776611966671, 16.861679142578335, 0.0 ], [ -99.863686925276966, 16.86176678061241, 0.0 ], [ -99.863629501765672, 16.861810070378503, 0.0 ], [ -99.863582849434522, 16.861818876539981, 0.0 ], [ -99.863467611206886, 16.861819361274566, 0.0 ], [ -99.863289608394268, 16.861780889176885, 0.0 ], [ -99.863249714468338, 16.861732724185966, 0.0 ], [ -99.863089518232357, 16.861695127128591, 0.0 ], [ -99.862973368991334, 16.861683530370723, 0.0 ], [ -99.862884541154187, 16.861700018541171, 0.0 ], [ -99.862830106989463, 16.861724490892641, 0.0 ], [ -99.862811612431585, 16.861649214040138, 0.0 ], [ -99.862812238359652, 16.861639775655298, 0.0 ], [ -99.862722869130792, 16.861318348962751, 0.0 ], [ -99.862782893481324, 16.861261731243868, 0.0 ], [ -99.862971740319153, 16.861273495275611, 0.0 ], [ -99.863044262548271, 16.860912360816879, 0.0 ], [ -99.862841787384127, 16.860805908965631, 0.0 ], [ -99.862693463997687, 16.86070356611679, 0.0 ], [ -99.862657866133191, 16.860645719924033, 0.0 ], [ -99.862618844549559, 16.860535883024681, 0.0 ], [ -99.862635032346532, 16.860381378597825, 0.0 ], [ -99.862404491139841, 16.860357681462002, 0.0 ], [ -99.862346815818569, 16.860356340572821, 0.0 ], [ -99.861747906006656, 16.860141792909474, 0.0 ], [ -99.861693884630668, 16.860509837758794, 0.0 ], [ -99.861608482311226, 16.860647574326201, 0.0 ], [ -99.861380064404059, 16.860671305636281, 0.0 ], [ -99.861334733177046, 16.860757332984509, 0.0 ], [ -99.86119503159091, 16.861050270953335, 0.0 ], [ -99.861175750126222, 16.861082531433674, 0.0 ], [ -99.861141172093085, 16.861101442377791, 0.0 ], [ -99.861123095719847, 16.861108117145928, 0.0 ], [ -99.861101495802998, 16.86110144237778, 0.0 ], [ -99.861002860858946, 16.860982784028351, 0.0 ], [ -99.860905709796228, 16.860871912908578, 0.0 ], [ -99.8608629803079, 16.860856168477426, 0.0 ], [ -99.86084286157427, 16.860811344468001, 0.0 ], [ -99.86086101798719, 16.860769827265695, 0.0 ], [ -99.86096429792957, 16.860559271693088, 0.0 ], [ -99.861161762071333, 16.860246446116602, 0.0 ], [ -99.861256511044814, 16.860100389921225, 0.0 ], [ -99.861420900819496, 16.859976141385854, 0.0 ], [ -99.861547867105912, 16.859897349982759, 0.0 ], [ -99.861567273576327, 16.859877455180477, 0.0 ], [ -99.861602473940664, 16.859765478793911, 0.0 ], [ -99.861581411818293, 16.859560730143752, 0.0 ], [ -99.861533607455499, 16.859225680520861, 0.0 ], [ -99.861557912533158, 16.859093494569201, 0.0 ], [ -99.861589136994667, 16.858982601865705, 0.0 ], [ -99.861580756212504, 16.858980883261207, 0.0 ], [ -99.861580817366303, 16.858832610236956, 0.0 ], [ -99.861553240555281, 16.858611257403648, 0.0 ], [ -99.861384123044445, 16.858516788119342, 0.0 ], [ -99.861280200086696, 16.85842711671819, 0.0 ], [ -99.861250537747651, 16.858391894770193, 0.0 ], [ -99.861220875408549, 16.858356673721687, 0.0 ], [ -99.861200199095379, 16.858330213868381, 0.0 ], [ -99.861194111584439, 16.858333429843924, 0.0 ], [ -99.861157349997313, 16.858352862394778, 0.0 ], [ -99.861095317460524, 16.858385655273761, 0.0 ], [ -99.861038766291642, 16.858423809910896, 0.0 ], [ -99.860913993451675, 16.858507997246413, 0.0 ], [ -99.860915446756053, 16.858580292846341, 0.0 ], [ -99.860963931006211, 16.858688446214892, 0.0 ], [ -99.860968909652911, 16.858803304029376, 0.0 ], [ -99.860928060646984, 16.858880536008026, 0.0 ], [ -99.860884556842336, 16.858974740891764, 0.0 ], [ -99.860848116313093, 16.859001575762075, 0.0 ], [ -99.86079547899368, 16.859000215088027, 0.0 ], [ -99.860708349076617, 16.859028989796169, 0.0 ], [ -99.860647322881221, 16.859049140005819, 0.0 ], [ -99.860616076836095, 16.859018629606108, 0.0 ], [ -99.860594829453419, 16.859009156147632, 0.0 ], [ -99.860594796178532, 16.858989288325059, 0.0 ], [ -99.860575965274222, 16.858991148123096, 0.0 ], [ -99.86040821293426, 16.859007714534414, 0.0 ], [ -99.86038846022484, 16.859011051918685, 0.0 ], [ -99.860328280291355, 16.859021228646888, 0.0 ], [ -99.860090412308296, 16.859061454422712, 0.0 ], [ -99.859980659045789, 16.859060757448106, 0.0 ], [ -99.859909128768891, 16.859071986383238, 0.0 ], [ -99.859826983793823, 16.85908488446, 0.0 ], [ -99.859675333815176, 16.859102160436347, 0.0 ], [ -99.859470881941263, 16.859125442984858, 0.0 ], [ -99.859310225252287, 16.859133500910385, 0.0 ], [ -99.859183785069206, 16.859139842030224, 0.0 ], [ -99.859174842210791, 16.859140286295254, 0.0 ], [ -99.858987313779167, 16.859126166939117, 0.0 ], [ -99.85897067272397, 16.859134615170372, 0.0 ], [ -99.85891436617068, 16.859163201920403, 0.0 ], [ -99.85878098232206, 16.859230921769722, 0.0 ], [ -99.858767284748069, 16.859237876227155, 0.0 ], [ -99.858659139473275, 16.859294689998077, 0.0 ], [ -99.858655329945009, 16.859278584938917, 0.0 ], [ -99.858570950154842, 16.859255493046646, 0.0 ], [ -99.858556820906131, 16.859250594439395, 0.0 ], [ -99.858547278199978, 16.859246797501722, 0.0 ], [ -99.858537891076423, 16.859242657922369, 0.0 ], [ -99.858528673025432, 16.859238181996602, 0.0 ], [ -99.858519634838842, 16.859233375120304, 0.0 ], [ -99.858511586805776, 16.859228722927352, 0.0 ], [ -99.858502932629733, 16.859223302713357, 0.0 ], [ -99.858495250620948, 16.859218107329863, 0.0 ], [ -99.858487760167577, 16.859212661035592, 0.0 ], [ -99.858473424074759, 16.859201035499549, 0.0 ], [ -99.858462550371996, 16.859191063816688, 0.0 ], [ -99.8584521748935, 16.859180609197825, 0.0 ], [ -99.858441129420157, 16.859168298378449, 0.0 ], [ -99.858433580510905, 16.859159066837542, 0.0 ], [ -99.858428159397718, 16.859151960394684, 0.0 ], [ -99.85833680266677, 16.859016837257283, 0.0 ], [ -99.858302259706988, 16.85886349475447, 0.0 ], [ -99.858229974899018, 16.858743501811261, 0.0 ], [ -99.858198798101569, 16.858763706879635, 0.0 ], [ -99.858145881093151, 16.858673628984771, 0.0 ], [ -99.85812557260266, 16.858639060844094, 0.0 ], [ -99.858076023555157, 16.858554699040148, 0.0 ], [ -99.858064685802105, 16.85854123169258, 0.0 ], [ -99.857947145310106, 16.858401620038759, 0.0 ], [ -99.857914543087304, 16.858371579085194, 0.0 ], [ -99.85787040975714, 16.858340850150281, 0.0 ], [ -99.857822563126447, 16.858315796836731, 0.0 ], [ -99.857771786504202, 16.858296811248859, 0.0 ], [ -99.857700974785757, 16.85828148770053, 0.0 ], [ -99.857646643143653, 16.85827771954126, 0.0 ], [ -99.857593853838921, 16.858280506540325, 0.0 ], [ -99.857538711907637, 16.858290248895855, 0.0 ], [ -99.857507312078383, 16.858302137034173, 0.0 ], [ -99.857448214029432, 16.858333377683376, 0.0 ], [ -99.857395454402308, 16.858373795014703, 0.0 ], [ -99.857360969898309, 16.858409442341948, 0.0 ], [ -99.85733069512105, 16.858450679855082, 0.0 ], [ -99.857320861933715, 16.858484567209132, 0.0 ], [ -99.857318582152402, 16.85851809663302, 0.0 ], [ -99.857343432219182, 16.858692280924171, 0.0 ], [ -99.857343479883184, 16.858701253460143, 0.0 ], [ -99.857353009999031, 16.858969871962127, 0.0 ], [ -99.8573487049444, 16.858974687831616, 0.0 ], [ -99.857303017585764, 16.85902580709546, 0.0 ], [ -99.857319816921574, 16.859131839862584, 0.0 ], [ -99.85733051165937, 16.859196226824448, 0.0 ], [ -99.857340771125166, 16.859233799600297, 0.0 ], [ -99.85734627407686, 16.859249179805825, 0.0 ], [ -99.857351394816646, 16.859261808985305, 0.0 ], [ -99.857354698026427, 16.859269298539338, 0.0 ], [ -99.857364857667619, 16.859281792820521, 0.0 ], [ -99.85737855614093, 16.859303368455869, 0.0 ], [ -99.857390714075677, 16.859331742066324, 0.0 ], [ -99.8573976361576, 16.859361702080886, 0.0 ], [ -99.857399179394179, 16.859390556828828, 0.0 ], [ -99.857394487631097, 16.859425460416723, 0.0 ], [ -99.857378671254253, 16.859466926357637, 0.0 ], [ -99.857359370903907, 16.859495747830515, 0.0 ], [ -99.857323666919243, 16.859528900438473, 0.0 ], [ -99.857278045211118, 16.859560744532757, 0.0 ], [ -99.857122140540014, 16.85956119059653, 0.0 ], [ -99.857113075373604, 16.859560485528043, 0.0 ], [ -99.857089603068346, 16.859558656306998, 0.0 ], [ -99.857032961967107, 16.859554245132468, 0.0 ], [ -99.856937842472973, 16.859561380353568, 0.0 ], [ -99.856899971122402, 16.859569269206528, 0.0 ], [ -99.856881133023364, 16.85957319294857, 0.0 ], [ -99.856848729550848, 16.859579943259796, 0.0 ], [ -99.856818302788042, 16.859586280782306, 0.0 ], [ -99.856792366340244, 16.859591683909166, 0.0 ], [ -99.856702978225428, 16.859620705930919, 0.0 ], [ -99.856546962038294, 16.859654964705044, 0.0 ], [ -99.85639528687858, 16.859688870944797, 0.0 ], [ -99.856367324258144, 16.859695120333527, 0.0 ], [ -99.856340345496164, 16.859701151187199, 0.0 ], [ -99.856320050495583, 16.859700978517363, 0.0 ], [ -99.856304188253318, 16.859699339053343, 0.0 ], [ -99.856288533754423, 16.859696385679793, 0.0 ], [ -99.856274094239737, 16.859692430461386, 0.0 ], [ -99.856261766332921, 16.859688049863674, 0.0 ], [ -99.856250636323296, 16.859683236692089, 0.0 ], [ -99.856242302305986, 16.859678950523175, 0.0 ], [ -99.856191344020829, 16.859648920361504, 0.0 ], [ -99.856133282890269, 16.859558411691467, 0.0 ], [ -99.856108014638778, 16.859495778407442, 0.0 ], [ -99.855946947858854, 16.859294866265085, 0.0 ], [ -99.855818434738467, 16.859134561211079, 0.0 ], [ -99.855769447767273, 16.859038656608728, 0.0 ], [ -99.855754189869458, 16.858909439319234, 0.0 ], [ -99.855809724804544, 16.858760571843042, 0.0 ], [ -99.855884220146265, 16.858590537923131, 0.0 ], [ -99.855959907089641, 16.858405179555515, 0.0 ], [ -99.855967623272704, 16.858382072374805, 0.0 ], [ -99.855962075355023, 16.858358413010414, 0.0 ], [ -99.855944709446419, 16.858340370811561, 0.0 ], [ -99.855884127515992, 16.858299165673934, 0.0 ], [ -99.855753798664466, 16.858210521298528, 0.0 ], [ -99.855713236542272, 16.858182931896859, 0.0 ], [ -99.855579977699392, 16.858092294623869, 0.0 ], [ -99.855522316767178, 16.858045430052638, 0.0 ], [ -99.85544369533585, 16.857990989592675, 0.0 ], [ -99.855388916730703, 16.857954368299485, 0.0 ], [ -99.855364767235699, 16.8579382236702, 0.0 ], [ -99.855210100031684, 16.857834823218639, 0.0 ], [ -99.855163488170035, 16.857804417140237, 0.0 ], [ -99.855066708527318, 16.857742536588884, 0.0 ], [ -99.854913925402855, 16.857644158850967, 0.0 ], [ -99.854797920053457, 16.857568101386782, 0.0 ], [ -99.854696768806448, 16.857499385088712, 0.0 ], [ -99.854585260067282, 16.857424179282528, 0.0 ], [ -99.854506187176298, 16.857375482792293, 0.0 ], [ -99.854320619266744, 16.857254885504574, 0.0 ], [ -99.854202172258056, 16.857175892653398, 0.0 ], [ -99.854066414199224, 16.857077762229093, 0.0 ], [ -99.854021908549839, 16.857047019804096, 0.0 ], [ -99.85375436653635, 16.856861113749453, 0.0 ], [ -99.853632866329292, 16.856773421756085, 0.0 ], [ -99.853411177149724, 16.856624119007957, 0.0 ], [ -99.853267352172224, 16.856539369596355, 0.0 ], [ -99.853153504296358, 16.856462362448156, 0.0 ], [ -99.852928019977753, 16.856312629824167, 0.0 ], [ -99.852796894326787, 16.856229943457262, 0.0 ], [ -99.852577381506421, 16.856126161693112, 0.0 ], [ -99.852378629535735, 16.856058127081035, 0.0 ], [ -99.852304512808473, 16.856032757206087, 0.0 ], [ -99.852211483338749, 16.856022825992735, 0.0 ], [ -99.852131307879176, 16.856018394133621, 0.0 ], [ -99.852089758301361, 16.856011672600737, 0.0 ], [ -99.851828589783167, 16.855971433334958, 0.0 ], [ -99.851438026809092, 16.855877518932509, 0.0 ], [ -99.851447682829871, 16.855830186713828, 0.0 ], [ -99.851302903671638, 16.855763040631867, 0.0 ], [ -99.851160760426353, 16.855698181525895, 0.0 ], [ -99.851062174045694, 16.855619828992015, 0.0 ], [ -99.85092407685022, 16.855505199605307, 0.0 ], [ -99.850769561631466, 16.855371015360102, 0.0 ], [ -99.850765267368786, 16.855367301160129, 0.0 ], [ -99.850588381514171, 16.855214274319334, 0.0 ], [ -99.850420757777329, 16.855058855282032, 0.0 ], [ -99.850287795710813, 16.854932829686387, 0.0 ], [ -99.850020056745791, 16.85467587988807, 0.0 ], [ -99.849928975207661, 16.854588551220722, 0.0 ], [ -99.849870238686151, 16.854533454255545, 0.0 ], [ -99.849549515263448, 16.854232763231433, 0.0 ], [ -99.84925538569297, 16.854001947731764, 0.0 ], [ -99.848959141816522, 16.853806732794563, 0.0 ], [ -99.848851058595073, 16.853724249674485, 0.0 ], [ -99.848633413666676, 16.85357604409921, 0.0 ], [ -99.848428155100862, 16.853436162648954, 0.0 ], [ -99.848306867133729, 16.853353441208409, 0.0 ], [ -99.84815800325481, 16.853261231920378, 0.0 ], [ -99.848089568444493, 16.853220943192127, 0.0 ], [ -99.848150280776451, 16.852506989406091, 0.0 ], [ -99.848122672488955, 16.852296320518793, 0.0 ], [ -99.848101819908663, 16.852252565803379, 0.0 ], [ -99.848041830631587, 16.852194563128702, 0.0 ], [ -99.847935409357206, 16.852055189795237, 0.0 ], [ -99.847927676986274, 16.851974201348348, 0.0 ], [ -99.847927064547889, 16.851906021046197, 0.0 ], [ -99.847947098745124, 16.851844829375455, 0.0 ], [ -99.848017330401092, 16.851753746937838, 0.0 ], [ -99.848082346888418, 16.851685949746919, 0.0 ], [ -99.848118714572479, 16.851654281020384, 0.0 ], [ -99.848196104832027, 16.851610395903201, 0.0 ], [ -99.848240534938284, 16.851551006473805, 0.0 ], [ -99.848246282505499, 16.851489500939799, 0.0 ], [ -99.848261919017943, 16.851322129912539, 0.0 ], [ -99.848268330284839, 16.851251911746314, 0.0 ], [ -99.848277172419159, 16.851092949380241, 0.0 ], [ -99.848288125262286, 16.850911271038509, 0.0 ], [ -99.848304675485977, 16.850776764835871, 0.0 ], [ -99.848318539434558, 16.850567972833748, 0.0 ], [ -99.848323087306255, 16.850519803346284, 0.0 ], [ -99.848329021932273, 16.85045662417399, 0.0 ], [ -99.848335226355189, 16.850359564842215, 0.0 ], [ -99.848365250221732, 16.850057448392704, 0.0 ], [ -99.848393917011265, 16.849759349214647, 0.0 ], [ -99.848412456535243, 16.849527996819628, 0.0 ], [ -99.848439604369787, 16.849188638544998, 0.0 ], [ -99.84845806115618, 16.849072731221607, 0.0 ], [ -99.848471368424441, 16.848850338772252, 0.0 ], [ -99.848482789814511, 16.848659481050273, 0.0 ], [ -99.848490651687825, 16.848528079307467, 0.0 ], [ -99.848504735970323, 16.848398208210824, 0.0 ], [ -99.848534561985957, 16.84804607326776, 0.0 ], [ -99.848550050110362, 16.847863188935143, 0.0 ], [ -99.848565556220933, 16.847680115744762, 0.0 ], [ -99.848580281720274, 16.84749971264165, 0.0 ], [ -99.848594687960102, 16.847316652941284, 0.0 ], [ -99.848601565975059, 16.847229260422122, 0.0 ], [ -99.848608588780849, 16.847140035084575, 0.0 ], [ -99.848622649681147, 16.846976114755932, 0.0 ], [ -99.848640939193444, 16.846763008705913, 0.0 ], [ -99.848660592078261, 16.846594679900644, 0.0 ], [ -99.848661101993741, 16.846588408028762, 0.0 ], [ -99.848671778745256, 16.846457072835729, 0.0 ], [ -99.8486909819689, 16.84624483643017, 0.0 ], [ -99.848701745954315, 16.846125875009189, 0.0 ], [ -99.848716219643393, 16.845960917762223, 0.0 ], [ -99.848727799313963, 16.845827488947577, 0.0 ], [ -99.848735065836081, 16.845722744009485, 0.0 ], [ -99.84875482574023, 16.845490918571212, 0.0 ], [ -99.848757372620241, 16.845461046690044, 0.0 ], [ -99.84876552767264, 16.845365368716955, 0.0 ], [ -99.848752760896787, 16.845244369432237, 0.0 ], [ -99.848746816378082, 16.845138985975606, 0.0 ], [ -99.848743839622045, 16.845000387857734, 0.0 ], [ -99.848741302634664, 16.844856156386694, 0.0 ], [ -99.848745357677615, 16.844429991051296, 0.0 ], [ -99.848759566066633, 16.844191685997597, 0.0 ], [ -99.848772749228488, 16.844102447170254, 0.0 ], [ -99.848813624314914, 16.843688199650721, 0.0 ], [ -99.848816881659388, 16.843572018933621, 0.0 ], [ -99.848826150971604, 16.84347882848521, 0.0 ], [ -99.848816625352583, 16.843477842828293, 0.0 ], [ -99.848854865425267, 16.843134934929424, 0.0 ], [ -99.848860773071749, 16.843034297195167, 0.0 ], [ -99.84889837462589, 16.842751575524911, 0.0 ], [ -99.848872499331904, 16.84274846836723, 0.0 ], [ -99.848894234147053, 16.842598155680495, 0.0 ], [ -99.848877115552114, 16.842595576424742, 0.0 ], [ -99.848880573445285, 16.842492559084455, 0.0 ], [ -99.848880889107249, 16.842416297474301, 0.0 ], [ -99.84886391800103, 16.842270290741336, 0.0 ], [ -99.848780545451291, 16.842050652016038, 0.0 ], [ -99.84874804035536, 16.841941704546116, 0.0 ], [ -99.84871833754687, 16.841910900068051, 0.0 ], [ -99.848724567150725, 16.84190585577079, 0.0 ], [ -99.848694404788603, 16.841871313710207, 0.0 ], [ -99.848697785339994, 16.841868576173962, 0.0 ], [ -99.848663727114968, 16.841829574375364, 0.0 ], [ -99.848651462160717, 16.841839508286849, 0.0 ], [ -99.848250824981108, 16.841380719144865, 0.0 ], [ -99.848205356157735, 16.84130959086508, 0.0 ], [ -99.848185905620653, 16.841307056575481, 0.0 ], [ -99.848186796848836, 16.841300716355075, 0.0 ], [ -99.848176040957071, 16.841299317009877, 0.0 ], [ -99.848080214595825, 16.841109715640982, 0.0 ], [ -99.848053323967292, 16.841088073455861, 0.0 ], [ -99.847955133288224, 16.840958846273843, 0.0 ], [ -99.847874286035051, 16.840847038959847, 0.0 ], [ -99.847807165134157, 16.840748832093027, 0.0 ], [ -99.847718208693948, 16.840612620775964, 0.0 ], [ -99.847662857220712, 16.840525926130734, 0.0 ], [ -99.847402192322932, 16.839928290658232, 0.0 ], [ -99.847365818343292, 16.839844701371984, 0.0 ], [ -99.847280069784972, 16.839583052615808, 0.0 ], [ -99.847274739503177, 16.839563187491191, 0.0 ], [ -99.847251834670033, 16.83946010629904, 0.0 ], [ -99.847174710609934, 16.839081852345711, 0.0 ], [ -99.847150871381189, 16.838984859563762, 0.0 ], [ -99.847110268789493, 16.838637841763102, 0.0 ], [ -99.847078220549008, 16.83828800368854, 0.0 ], [ -99.847066701132803, 16.838287773462007, 0.0 ], [ -99.847076467770364, 16.837998360835737, 0.0 ], [ -99.847034991037674, 16.837912291219364, 0.0 ], [ -99.847132463158232, 16.837467347140485, 0.0 ], [ -99.847164014972918, 16.837339176661825, 0.0 ], [ -99.84718689552443, 16.837256318524396, 0.0 ], [ -99.847381423379503, 16.836849769201642, 0.0 ], [ -99.847543895799731, 16.836510208579337, 0.0 ], [ -99.847592457391613, 16.836420967054089, 0.0 ], [ -99.847687657824736, 16.836212862133944, 0.0 ], [ -99.847974403061926, 16.835802741603345, 0.0 ], [ -99.848069182612164, 16.835702310713259, 0.0 ], [ -99.848134978811743, 16.835572240866266, 0.0 ], [ -99.848299909079188, 16.835400573777516, 0.0 ], [ -99.84843403486849, 16.835263777901215, 0.0 ], [ -99.848567041901049, 16.835116839470736, 0.0 ], [ -99.848626916964179, 16.835041067091591, 0.0 ], [ -99.848658303303694, 16.835005695856239, 0.0 ], [ -99.848771437117648, 16.834889114940832, 0.0 ], [ -99.84888836607081, 16.834770206579833, 0.0 ], [ -99.848987970483904, 16.83463189894297, 0.0 ], [ -99.849128637042554, 16.834502715827789, 0.0 ], [ -99.849241740279638, 16.834354892464429, 0.0 ], [ -99.849692152236628, 16.833961486733354, 0.0 ], [ -99.849897248025172, 16.833849540024339, 0.0 ], [ -99.850094943292618, 16.833768164869067, 0.0 ], [ -99.850306728238536, 16.833702950530775, 0.0 ], [ -99.85049766779872, 16.833632956296015, 0.0 ], [ -99.85084633855331, 16.833494857301901, 0.0 ], [ -99.851012455026435, 16.833377395950151, 0.0 ], [ -99.85117089218852, 16.833257707877006, 0.0 ], [ -99.851720580306164, 16.832746104249448, 0.0 ], [ -99.852240892069176, 16.832315899159592, 0.0 ], [ -99.852532109634751, 16.832097095904427, 0.0 ], [ -99.853000653722745, 16.831753074644777, 0.0 ], [ -99.853310505241211, 16.831538418163571, 0.0 ], [ -99.85367545462401, 16.831274322352215, 0.0 ], [ -99.853783607992696, 16.831196058851102, 0.0 ], [ -99.853899680791244, 16.831122209222652, 0.0 ], [ -99.85400348593771, 16.831045706594239, 0.0 ], [ -99.85477794880876, 16.830868361185988, 0.0 ], [ -99.855408586702424, 16.830749527468743, 0.0 ], [ -99.855472277589115, 16.830721718632446, 0.0 ], [ -99.855632430657806, 16.83064263584907, 0.0 ], [ -99.855687377436155, 16.830605904838702, 0.0 ], [ -99.855773436260733, 16.830528385976262, 0.0 ], [ -99.855825624818294, 16.830464553896153, 0.0 ], [ -99.855868486506949, 16.830395396030781, 0.0 ], [ -99.855908389426247, 16.830303807275012, 0.0 ], [ -99.855935147854325, 16.830192714022527, 0.0 ], [ -99.855943290316077, 16.830111555603867, 0.0 ], [ -99.855951432777999, 16.830030397185219, 0.0 ], [ -99.855933075816438, 16.829899801234994, 0.0 ], [ -99.85590385324582, 16.829725339053251, 0.0 ], [ -99.855840723536133, 16.829483828815626, 0.0 ], [ -99.855803930472689, 16.829308693041867, 0.0 ], [ -99.855777838442009, 16.829123870670227, 0.0 ], [ -99.855805401763519, 16.828943703189445, 0.0 ], [ -99.855853275373818, 16.828808174457773, 0.0 ], [ -99.855959368395759, 16.82861309082158, 0.0 ], [ -99.856104929964147, 16.828452617594333, 0.0 ], [ -99.856298076460632, 16.828355940474353, 0.0 ], [ -99.85651569800666, 16.828271392510882, 0.0 ], [ -99.856687838138683, 16.828225361611249, 0.0 ], [ -99.85686553158456, 16.82824734643799, 0.0 ], [ -99.857119809497206, 16.828321545003345, 0.0 ], [ -99.8574788756343, 16.828421192902525, 0.0 ], [ -99.858180738893466, 16.828622885495214, 0.0 ], [ -99.857776511996803, 16.828381474552117, 0.0 ], [ -99.857688340859227, 16.82815798181435, 0.0 ], [ -99.857512534288688, 16.827829920005399, 0.0 ], [ -99.85723770995827, 16.827288903752173, 0.0 ], [ -99.857622138949083, 16.827368624119917, 0.0 ], [ -99.857695042593818, 16.827427782867275, 0.0 ], [ -99.858149482701648, 16.827529071398111, 0.0 ], [ -99.8597278082229, 16.827992931260386, 0.0 ], [ -99.860023051305561, 16.827825549166999, 0.0 ], [ -99.859897098969995, 16.827680916612863, 0.0 ], [ -99.859913664164836, 16.827327567126716, 0.0 ], [ -99.860057428914459, 16.826992923327488, 0.0 ], [ -99.860021770355786, 16.826937981846715, 0.0 ], [ -99.859860779490631, 16.826875694727072, 0.0 ], [ -99.859754975556584, 16.826970578660493, 0.0 ], [ -99.859553221711195, 16.82692944878238, 0.0 ], [ -99.859422311556202, 16.826893269167254, 0.0 ], [ -99.859367562633977, 16.826833160666709, 0.0 ], [ -99.859347939853535, 16.826709944427556, 0.0 ], [ -99.85928272138645, 16.826744320934004, 0.0 ], [ -99.859257993938854, 16.826697203703898, 0.0 ], [ -99.859284889398324, 16.826621013566342, 0.0 ], [ -99.859289686641532, 16.826476708257871, 0.0 ], [ -99.85920987939916, 16.826296029545354, 0.0 ], [ -99.8590593945124, 16.826147126677355, 0.0 ], [ -99.859080830496907, 16.82606833601605, 0.0 ], [ -99.858937678113136, 16.82573314322492, 0.0 ], [ -99.858757219988192, 16.82558174200442, 0.0 ], [ -99.8586810473887, 16.825603047241835, 0.0 ], [ -99.858664302657601, 16.825513922667945, 0.0 ], [ -99.858609820242123, 16.825512838615886, 0.0 ], [ -99.858553704163668, 16.825451423890748, 0.0 ], [ -99.858541488305846, 16.825460656715222, 0.0 ], [ -99.858486491985104, 16.825345458229183, 0.0 ], [ -99.858191214841128, 16.825101406470896, 0.0 ], [ -99.858177170591944, 16.825007023826569, 0.0 ], [ -99.858147279444466, 16.825022888857234, 0.0 ], [ -99.858136147987253, 16.8249704679532, 0.0 ], [ -99.858024317950765, 16.824936831071945, 0.0 ], [ -99.857920694820749, 16.824911029976803, 0.0 ], [ -99.857756852647569, 16.824819895934645, 0.0 ], [ -99.857300123148903, 16.824409932601242, 0.0 ], [ -99.857147389238435, 16.824365972360873, 0.0 ], [ -99.857035665851143, 16.824355944802718, 0.0 ], [ -99.857031715760897, 16.824386130029733, 0.0 ], [ -99.856985381501588, 16.824379764814672, 0.0 ], [ -99.857002679409248, 16.824289186419161, 0.0 ], [ -99.856900613214009, 16.824306663901883, 0.0 ], [ -99.85688488351299, 16.82414014548154, 0.0 ], [ -99.856868446342745, 16.824119227050492, 0.0 ], [ -99.856726749445556, 16.824106700909844, 0.0 ], [ -99.856650423918936, 16.824093902205991, 0.0 ], [ -99.856411047126102, 16.824165730816688, 0.0 ], [ -99.856299453491147, 16.824184559386001, 0.0 ], [ -99.856092102442645, 16.824109345446093, 0.0 ], [ -99.855958435656859, 16.824065304876108, 0.0 ], [ -99.855822139335459, 16.82404226213221, 0.0 ], [ -99.85565870506295, 16.824041630933241, 0.0 ], [ -99.855460026101795, 16.824077873500134, 0.0 ], [ -99.855269441980724, 16.824097030280249, 0.0 ], [ -99.854934190114676, 16.824048581066478, 0.0 ], [ -99.854834491453133, 16.824290345924254, 0.0 ], [ -99.85441027065788, 16.824446888873528, 0.0 ], [ -99.853788066326317, 16.824187137425604, 0.0 ], [ -99.85287305386575, 16.824232910493468, 0.0 ], [ -99.852783524480714, 16.822486115790689, 0.0 ], [ -99.852185041872715, 16.822656493876, 0.0 ], [ -99.852178656267142, 16.822446650492473, 0.0 ], [ -99.851758232182519, 16.822233276508069, 0.0 ], [ -99.852138506637743, 16.821995596734489, 0.0 ], [ -99.85260889934797, 16.821810009969752, 0.0 ], [ -99.852853921907311, 16.82178275975291, 0.0 ], [ -99.853066317759456, 16.821768761519994, 0.0 ], [ -99.853358031806025, 16.821827888225272, 0.0 ], [ -99.853870031259362, 16.821810021738347, 0.0 ], [ -99.854088003828068, 16.821824856380619, 0.0 ], [ -99.854099286722999, 16.821911380784297, 0.0 ], [ -99.854096962489479, 16.822000585099666, 0.0 ], [ -99.854408131532466, 16.822146200722003, 0.0 ], [ -99.85480907999063, 16.822267832154022, 0.0 ], [ -99.854793254790152, 16.822383326325429, 0.0 ], [ -99.854967553395952, 16.822377354652573, 0.0 ], [ -99.854973330345359, 16.82245078502973, 0.0 ], [ -99.855133821825035, 16.82240289669986, 0.0 ], [ -99.855242561348092, 16.822355223587977, 0.0 ], [ -99.855277876380086, 16.822334089671237, 0.0 ], [ -99.85537495903489, 16.822420256940585, 0.0 ], [ -99.855454254784192, 16.822488134588951, 0.0 ], [ -99.855486863686906, 16.822470946956262, 0.0 ], [ -99.855597659609685, 16.82257804400599, 0.0 ], [ -99.855732139655004, 16.822500094717274, 0.0 ], [ -99.855830690466092, 16.822609865985658, 0.0 ], [ -99.856000402962778, 16.822492419255589, 0.0 ], [ -99.856115750144866, 16.822703120211592, 0.0 ], [ -99.856252186904882, 16.822757642667277, 0.0 ], [ -99.856345226742732, 16.822550008758359, 0.0 ], [ -99.856290067701821, 16.822398083047254, 0.0 ], [ -99.85646066435261, 16.822174385751023, 0.0 ], [ -99.856547813501393, 16.822171399231461, 0.0 ], [ -99.856645975626847, 16.8221946004846, 0.0 ], [ -99.856711912130379, 16.822320247466326, 0.0 ], [ -99.856734126742623, 16.822414596218287, 0.0 ], [ -99.856752273748896, 16.822209897665424, 0.0 ], [ -99.856707773865068, 16.822005460226201, 0.0 ], [ -99.856643995519264, 16.821753882439147, 0.0 ], [ -99.85667073821665, 16.82164358940868, 0.0 ], [ -99.856708576343237, 16.821577847436366, 0.0 ], [ -99.856982733904317, 16.82136683494754, 0.0 ], [ -99.857139120272777, 16.82070902851483, 0.0 ], [ -99.85673705362737, 16.820641185304648, 0.0 ], [ -99.856844899338284, 16.819912462989855, 0.0 ], [ -99.856135774911536, 16.819535920446405, 0.0 ], [ -99.855760010281699, 16.819347039434433, 0.0 ], [ -99.855349476063111, 16.819105368218231, 0.0 ], [ -99.855122200294829, 16.818944299639835, 0.0 ], [ -99.854820777222642, 16.818647771577499, 0.0 ], [ -99.854607789883175, 16.818415195205258, 0.0 ], [ -99.854362475513369, 16.818128029085408, 0.0 ], [ -99.854148415282737, 16.817836721587469, 0.0 ], [ -99.853956132135409, 16.817544228783269, 0.0 ], [ -99.853694385353208, 16.817202404567404, 0.0 ], [ -99.853561193959536, 16.817092761022138, 0.0 ], [ -99.853351472058364, 16.816999305273722, 0.0 ], [ -99.853195468461763, 16.816976493970174, 0.0 ], [ -99.853037515134815, 16.81699498043406, 0.0 ], [ -99.852804077211957, 16.81707063050532, 0.0 ], [ -99.852629093423502, 16.817174454537561, 0.0 ], [ -99.852485308016014, 16.817266520833297, 0.0 ], [ -99.852076584132647, 16.817493208444887, 0.0 ], [ -99.852082359578731, 16.817512087013313, 0.0 ], [ -99.851352493188472, 16.817897554428615, 0.0 ], [ -99.85125535291769, 16.81794231188826, 0.0 ], [ -99.850865123592143, 16.818099677058569, 0.0 ], [ -99.850653523906658, 16.818178175282632, 0.0 ], [ -99.850328529603416, 16.818294946854447, 0.0 ], [ -99.850208360393154, 16.818339295122424, 0.0 ], [ -99.849611429989068, 16.818500663175197, 0.0 ], [ -99.849383136188351, 16.818552782484975, 0.0 ], [ -99.849228211778154, 16.818587766112493, 0.0 ], [ -99.848789174446381, 16.818616772845868, 0.0 ], [ -99.848563856502381, 16.818631672813577, 0.0 ], [ -99.848242954114596, 16.818606511581319, 0.0 ], [ -99.848057298970787, 16.818560340387535, 0.0 ], [ -99.847732727349069, 16.818419538031257, 0.0 ], [ -99.847319532935671, 16.818238273377684, 0.0 ], [ -99.847090597018962, 16.818169847560508, 0.0 ], [ -99.846869904288326, 16.818145806883475, 0.0 ], [ -99.846699979186212, 16.818155033028514, 0.0 ], [ -99.846219299646577, 16.818182509115672, 0.0 ], [ -99.845992360224841, 16.818166053320734, 0.0 ], [ -99.845689571082403, 16.818127605504568, 0.0 ], [ -99.845559697287797, 16.818104372418929, 0.0 ], [ -99.845447559922547, 16.818075676851038, 0.0 ], [ -99.845315540345496, 16.818044464080909, 0.0 ], [ -99.845156414302664, 16.817978441252077, 0.0 ], [ -99.84498400797105, 16.81790926540037, 0.0 ], [ -99.844889393895983, 16.817871185406997, 0.0 ], [ -99.84485076351757, 16.817853535312448, 0.0 ], [ -99.844658776247115, 16.817763782072969, 0.0 ], [ -99.844585405957289, 16.817729285877871, 0.0 ], [ -99.844469373628272, 16.817671756246675, 0.0 ], [ -99.844133054162683, 16.817502695393216, 0.0 ], [ -99.843344605035099, 16.817125057475494, 0.0 ], [ -99.843012756099483, 16.816972536053864, 0.0 ], [ -99.842813304455888, 16.816881698231946, 0.0 ], [ -99.842570983929249, 16.81669263375818, 0.0 ], [ -99.842424974498556, 16.8165086414607, 0.0 ], [ -99.842356401192504, 16.816401864954113, 0.0 ], [ -99.842308673272342, 16.816327545879687, 0.0 ], [ -99.842119866903886, 16.815951486272237, 0.0 ], [ -99.842000033140664, 16.815707341920355, 0.0 ], [ -99.841879488013433, 16.815508796793718, 0.0 ], [ -99.841772685426633, 16.815384778484876, 0.0 ], [ -99.84162398522426, 16.8152483288473, 0.0 ], [ -99.841490930527698, 16.815148845842536, 0.0 ], [ -99.841357875830909, 16.815049362837954, 0.0 ], [ -99.841032090124429, 16.81482680041648, 0.0 ], [ -99.840814716791215, 16.814678299863825, 0.0 ], [ -99.840568126283472, 16.814521003042042, 0.0 ], [ -99.840212220483181, 16.814237482773645, 0.0 ], [ -99.839855801169904, 16.813976870036523, 0.0 ], [ -99.839563606041168, 16.813764008602103, 0.0 ], [ -99.839359358313402, 16.813647021193212, 0.0 ], [ -99.839140381488903, 16.81354671261078, 0.0 ], [ -99.838848699873154, 16.813450505836325, 0.0 ], [ -99.83855330585601, 16.813348995759721, 0.0 ], [ -99.838355795848884, 16.813249841906774, 0.0 ], [ -99.838256454037776, 16.813153802406134, 0.0 ], [ -99.838141034146929, 16.813020366396866, 0.0 ], [ -99.838007160167763, 16.812833450403446, 0.0 ], [ -99.837833592811648, 16.812605417406129, 0.0 ], [ -99.837716920165349, 16.812457603935336, 0.0 ], [ -99.837600247519049, 16.812309790464553, 0.0 ], [ -99.837494301086792, 16.812187470975115, 0.0 ], [ -99.836944309897547, 16.81163808233174, 0.0 ], [ -99.836539334388362, 16.811236072786581, 0.0 ], [ -99.836307643848272, 16.811024086392649, 0.0 ], [ -99.83619919999866, 16.810949450756652, 0.0 ], [ -99.836143114678578, 16.810919074355859, 0.0 ], [ -99.835992698569783, 16.810892816850011, 0.0 ], [ -99.835837733690028, 16.810904922624214, 0.0 ], [ -99.835445849611858, 16.810954969895924, 0.0 ], [ -99.835368971965977, 16.810964410978894, 0.0 ], [ -99.835210148095427, 16.810943097945767, 0.0 ], [ -99.835100344470902, 16.810899270385161, 0.0 ], [ -99.835032968162466, 16.810861972801831, 0.0 ], [ -99.834970325885422, 16.810819322453877, 0.0 ], [ -99.834879039301882, 16.810724173282097, 0.0 ], [ -99.834833526411614, 16.810662698324901, 0.0 ], [ -99.834800255093285, 16.810603513941082, 0.0 ], [ -99.834778353903531, 16.810546183959268, 0.0 ], [ -99.834760381851709, 16.810434011520496, 0.0 ], [ -99.834755914919072, 16.810355397283779, 0.0 ], [ -99.834766016104425, 16.810228430097986, 0.0 ], [ -99.834790438993195, 16.810124896546878, 0.0 ], [ -99.834826032361093, 16.810008012559759, 0.0 ], [ -99.834882687851348, 16.809806129149642, 0.0 ], [ -99.834941588948766, 16.809628772949569, 0.0 ], [ -99.835008081223464, 16.809442657352857, 0.0 ], [ -99.835138016172152, 16.809069115847187, 0.0 ], [ -99.835146125359074, 16.808943386128472, 0.0 ], [ -99.835129937562172, 16.808801255473664, 0.0 ], [ -99.835112103106667, 16.808652344830019, 0.0 ], [ -99.835062244692438, 16.808532529952345, 0.0 ], [ -99.83502150000777, 16.808446631207168, 0.0 ], [ -99.834873986011303, 16.808263316998584, 0.0 ], [ -99.834829979485562, 16.808217701585811, 0.0 ], [ -99.834645142724753, 16.808071968246786, 0.0 ], [ -99.834527579749476, 16.807988342987695, 0.0 ], [ -99.834381632372029, 16.807884527049278, 0.0 ], [ -99.833940168669415, 16.807566994421389, 0.0 ], [ -99.833725789179425, 16.807415695178175, 0.0 ], [ -99.833358912549386, 16.807150203619123, 0.0 ], [ -99.833164950367802, 16.807000313613681, 0.0 ], [ -99.83291620148708, 16.806827068214655, 0.0 ], [ -99.832442630188723, 16.806494115810892, 0.0 ], [ -99.832135928096136, 16.806271806099115, 0.0 ], [ -99.831957913592476, 16.80614852973093, 0.0 ], [ -99.831702457567928, 16.805964205583734, 0.0 ], [ -99.831607454086225, 16.805895654760768, 0.0 ], [ -99.831451477469386, 16.805764137904699, 0.0 ], [ -99.831381998545851, 16.805665574007204, 0.0 ], [ -99.831319112552592, 16.805541830890828, 0.0 ], [ -99.831209489691844, 16.805322445774323, 0.0 ], [ -99.831158302978906, 16.805210661842683, 0.0 ], [ -99.831038078010465, 16.805004664034008, 0.0 ], [ -99.830990284439679, 16.804937729292927, 0.0 ], [ -99.830860494282035, 16.804826883354103, 0.0 ], [ -99.830636183578576, 16.804704525193866, 0.0 ], [ -99.830433622079454, 16.804662933347799, 0.0 ], [ -99.830317394597671, 16.804651737687607, 0.0 ], [ -99.830171893283818, 16.804661969274544, 0.0 ], [ -99.830043212889564, 16.804689867143789, 0.0 ], [ -99.829851931586987, 16.804767527199765, 0.0 ], [ -99.829660650284325, 16.804845188154953, 0.0 ], [ -99.829493947453329, 16.804945707178828, 0.0 ], [ -99.829372288965558, 16.805032288509373, 0.0 ], [ -99.82920573901913, 16.805204390870013, 0.0 ], [ -99.828854129280217, 16.805642351713228, 0.0 ], [ -99.828707536189427, 16.805824877216363, 0.0 ], [ -99.828555763003635, 16.805983937608797, 0.0 ], [ -99.828383774856889, 16.806144791249263, 0.0 ], [ -99.828199395850959, 16.806270097387134, 0.0 ], [ -99.828078636685291, 16.80633919769593, 0.0 ], [ -99.827886402101285, 16.806449197372675, 0.0 ], [ -99.827386685712611, 16.806735197071809, 0.0 ], [ -99.827316552082777, 16.806762045432148, 0.0 ], [ -99.827192442043156, 16.806791907420742, 0.0 ], [ -99.827134917807825, 16.806798990481123, 0.0 ], [ -99.827005508962714, 16.806801848526618, 0.0 ], [ -99.826824195745644, 16.806789066462326, 0.0 ], [ -99.826662886148938, 16.806758839349065, 0.0 ], [ -99.826530250536223, 16.806699420242111, 0.0 ], [ -99.826362806663781, 16.806617206918698, 0.0 ], [ -99.826246723972758, 16.806541189924015, 0.0 ], [ -99.826136541733604, 16.806438228341673, 0.0 ], [ -99.826040088544858, 16.806298726405252, 0.0 ], [ -99.825655036616126, 16.805803191863841, 0.0 ], [ -99.82536846135099, 16.805355869977461, 0.0 ], [ -99.824813749620446, 16.804158071038326, 0.0 ], [ -99.824522346794367, 16.803670191526237, 0.0 ], [ -99.824150366511674, 16.803331325180576, 0.0 ], [ -99.823895388926587, 16.803170171166585, 0.0 ], [ -99.82370774268378, 16.803057583240896, 0.0 ], [ -99.823524512112215, 16.802948307518417, 0.0 ], [ -99.822173485783253, 16.802245593459524, 0.0 ], [ -99.820621555405978, 16.801352337340511, 0.0 ], [ -99.819236371926479, 16.800593955246875, 0.0 ], [ -99.818061260184606, 16.799926165460182, 0.0 ], [ -99.809549169823981, 16.795143105869666, 0.0 ], [ -99.798593805825078, 16.789011656762622, 0.0 ], [ -99.793778113434769, 16.786287654351778, 0.0 ], [ -99.79016123891563, 16.784252714291426, 0.0 ], [ -99.781501665135352, 16.778102307475589, 0.0 ], [ -99.781458736896752, 16.778070506548715, 0.0 ], [ -99.778831441283444, 16.776216921973454, 0.0 ], [ -99.778787374503338, 16.776185497862514, 0.0 ], [ -99.777256789534817, 16.775111136269903, 0.0 ], [ -99.773880927928019, 16.772694286512085, 0.0 ], [ -99.7736586083238, 16.772535391595163, 0.0 ], [ -99.773401796121618, 16.772321688395319, 0.0 ], [ -99.773262569377607, 16.77218315233074, 0.0 ], [ -99.773219400120809, 16.772125666766151, 0.0 ], [ -99.773133355685331, 16.77197985248835, 0.0 ], [ -99.773072807029905, 16.771822577250187, 0.0 ], [ -99.77303933516265, 16.771657952752488, 0.0 ], [ -99.773033056995544, 16.771574224970603, 0.0 ], [ -99.773041615843567, 16.771406674978095, 0.0 ], [ -99.773056397999937, 16.771323949041058, 0.0 ], [ -99.773090574935736, 16.771206960732741, 0.0 ], [ -99.773118667058498, 16.771136501548312, 0.0 ], [ -99.773181009861332, 16.77101901681419, 0.0 ], [ -99.77357818914777, 16.770373874654581, 0.0 ], [ -99.774135883030112, 16.769596662556008, 0.0 ], [ -99.77474697325971, 16.768855047422619, 0.0 ], [ -99.776402395819389, 16.766553738064594, 0.0 ], [ -99.77653684536466, 16.7663797039603, 0.0 ], [ -99.777283904094375, 16.765525972146005, 0.0 ], [ -99.777746786950161, 16.765018563855673, 0.0 ], [ -99.777869422101617, 16.764861115048458, 0.0 ], [ -99.778020541480316, 16.764660606701622, 0.0 ], [ -99.778241878125755, 16.764375864254756, 0.0 ], [ -99.778426970294049, 16.764137828098278, 0.0 ], [ -99.778579588842604, 16.763928982136971, 0.0 ], [ -99.7786639002843, 16.763807470238643, 0.0 ], [ -99.778770319760042, 16.763605557150814, 0.0 ], [ -99.778862286231117, 16.763207510918043, 0.0 ], [ -99.778849466395343, 16.762710363892264, 0.0 ], [ -99.778774680572681, 16.762436094050596, 0.0 ], [ -99.778701685300064, 16.762267483757395, 0.0 ], [ -99.778580379346593, 16.762047767690373, 0.0 ], [ -99.778418707323112, 16.761820833664665, 0.0 ], [ -99.778254068436127, 16.761690309660253, 0.0 ], [ -99.779254328589957, 16.760338276090689, 0.0 ], [ -99.780060881070312, 16.760974866596879, 0.0 ], [ -99.780452450385837, 16.761338569519403, 0.0 ], [ -99.780789956956539, 16.761622275947385, 0.0 ], [ -99.781130353948186, 16.761900704254284, 0.0 ], [ -99.781469267957846, 16.762191673606878, 0.0 ], [ -99.78163144090388, 16.762362503426857, 0.0 ], [ -99.781763656533087, 16.762460426107843, 0.0 ], [ -99.78188597332462, 16.762555211054117, 0.0 ], [ -99.781939741091719, 16.762660369680471, 0.0 ], [ -99.782893821957884, 16.763396898248391, 0.0 ], [ -99.783276439421741, 16.763636228529151, 0.0 ], [ -99.783554524187423, 16.763834580301811, 0.0 ], [ -99.783917147024226, 16.764101098886613, 0.0 ], [ -99.784599520217284, 16.764689008191336, 0.0 ], [ -99.785105110078405, 16.765109184941082, 0.0 ], [ -99.786883358445778, 16.766605518330035, 0.0 ], [ -99.787836616432287, 16.767356984637161, 0.0 ], [ -99.789274989414821, 16.768451820195533, 0.0 ], [ -99.792463949417368, 16.770969297794913, 0.0 ], [ -99.795263951735549, 16.77298217748557, 0.0 ], [ -99.796609291651009, 16.774037753139847, 0.0 ], [ -99.796986925971453, 16.774329356514667, 0.0 ], [ -99.797210918314761, 16.774550788488227, 0.0 ], [ -99.797565954470826, 16.774838400671737, 0.0 ], [ -99.798028896681856, 16.775177462170287, 0.0 ], [ -99.798984320235718, 16.775859615928653, 0.0 ], [ -99.799293787743693, 16.776085316983817, 0.0 ], [ -99.799523916161377, 16.776268545756743, 0.0 ], [ -99.799706222229986, 16.776442756128397, 0.0 ], [ -99.799950686740431, 16.776625928244119, 0.0 ], [ -99.800190994584341, 16.776818709615775, 0.0 ], [ -99.800356868240328, 16.776925269385853, 0.0 ], [ -99.800546743902714, 16.777017246648651, 0.0 ], [ -99.80071898565825, 16.777207806694943, 0.0 ], [ -99.800921226998653, 16.777431545429515, 0.0 ], [ -99.801051259073972, 16.777545652310092, 0.0 ], [ -99.801202527739974, 16.777680052392608, 0.0 ], [ -99.801413753307713, 16.777832711410667, 0.0 ], [ -99.801635043188355, 16.777950509108837, 0.0 ], [ -99.801728328065508, 16.778026267997969, 0.0 ], [ -99.801877531888238, 16.778135391735017, 0.0 ], [ -99.802035704649597, 16.778166118871404, 0.0 ], [ -99.80217028549589, 16.77820574030272, 0.0 ], [ -99.80221053375476, 16.778258970275317, 0.0 ], [ -99.802211005898755, 16.778371671515455, 0.0 ], [ -99.802310000571651, 16.778483987845728, 0.0 ], [ -99.802405656061751, 16.778534034218293, 0.0 ], [ -99.802510544891277, 16.778584044618015, 0.0 ], [ -99.802649543207451, 16.778683363946072, 0.0 ], [ -99.802780661663689, 16.778825240092822, 0.0 ], [ -99.803106071453513, 16.779039557529696, 0.0 ], [ -99.803199775414896, 16.779146984246093, 0.0 ], [ -99.803409210432292, 16.779279112641056, 0.0 ], [ -99.80360372749567, 16.779411298592713, 0.0 ], [ -99.803776212967307, 16.779626213179252, 0.0 ], [ -99.804225078989703, 16.779945422143609, 0.0 ], [ -99.804475479924918, 16.780146065388745, 0.0 ], [ -99.804673308292024, 16.78028875362309, 0.0 ], [ -99.804911438877298, 16.780442916307663, 0.0 ], [ -99.805084987347868, 16.780554680454255, 0.0 ], [ -99.805484788157969, 16.780867181375346, 0.0 ], [ -99.80577040384668, 16.781047838986744, 0.0 ], [ -99.805927673688643, 16.781156736993967, 0.0 ], [ -99.806242724187939, 16.781495376710428, 0.0 ], [ -99.806487247154337, 16.781739338499836, 0.0 ], [ -99.806819271457869, 16.782023521568419, 0.0 ], [ -99.807268801179816, 16.78232686109595, 0.0 ], [ -99.807495404255178, 16.782449385630628, 0.0 ], [ -99.807627790755419, 16.78256864742519, 0.0 ], [ -99.807839645848503, 16.782767451556765, 0.0 ], [ -99.808051514431384, 16.782969887150553, 0.0 ], [ -99.808266192496376, 16.78316004340132, 0.0 ], [ -99.808558993768145, 16.783329414520949, 0.0 ], [ -99.808588786508892, 16.783397506689646, 0.0 ], [ -99.808621442690878, 16.783445693264177, 0.0 ], [ -99.808828314640493, 16.783527298645989, 0.0 ], [ -99.808914041615196, 16.783566751004908, 0.0 ], [ -99.809302978615108, 16.783882705322753, 0.0 ], [ -99.809749440749684, 16.784194932849914, 0.0 ], [ -99.810189020372604, 16.784507995847317, 0.0 ], [ -99.810802683562656, 16.784978643449616, 0.0 ], [ -99.811107188611459, 16.78521456350148, 0.0 ], [ -99.81143743675392, 16.785433319092533, 0.0 ], [ -99.811817027099721, 16.785713603599959, 0.0 ], [ -99.812163963062062, 16.785938001537708, 0.0 ], [ -99.812371406081141, 16.786056598733069, 0.0 ], [ -99.812587750589842, 16.786176239142151, 0.0 ], [ -99.81268762839693, 16.786260937292464, 0.0 ], [ -99.812862249758552, 16.786340191846527, 0.0 ], [ -99.813053944749356, 16.786531301378432, 0.0 ], [ -99.813315828228554, 16.786638192099076, 0.0 ], [ -99.813436574803688, 16.786733647939624, 0.0 ], [ -99.813845054071578, 16.787036514423733, 0.0 ], [ -99.813973382830966, 16.787116521710171, 0.0 ], [ -99.814271650182093, 16.787229492746974, 0.0 ], [ -99.814982889814019, 16.787614708352177, 0.0 ], [ -99.816376148306063, 16.788282975678836, 0.0 ], [ -99.817408686027704, 16.788802472655952, 0.0 ], [ -99.817956906451684, 16.788937480680314, 0.0 ], [ -99.818734840705943, 16.789242778031955, 0.0 ], [ -99.819691366828692, 16.7896079945134, 0.0 ], [ -99.820514626014756, 16.789889294355472, 0.0 ], [ -99.822096779908065, 16.790372318427774, 0.0 ], [ -99.823211818736013, 16.790628134181073, 0.0 ], [ -99.823848977613764, 16.790767586654965, 0.0 ], [ -99.82432497888027, 16.790843922009561, 0.0 ], [ -99.825245720978842, 16.79097599644518, 0.0 ], [ -99.825714148154873, 16.79106304722194, 0.0 ], [ -99.825915289624504, 16.791158919448716, 0.0 ], [ -99.826403133163694, 16.791281908933055, 0.0 ], [ -99.826451005874787, 16.791260719107008, 0.0 ], [ -99.827002694084683, 16.791332370792304, 0.0 ], [ -99.827408570714567, 16.791366474883031, 0.0 ], [ -99.827934400717595, 16.791344669021377, 0.0 ], [ -99.828416359992673, 16.79134884457358, 0.0 ], [ -99.828583411760519, 16.791247276041126, 0.0 ], [ -99.828820775224187, 16.790812343215229, 0.0 ], [ -99.828963168480925, 16.790536844000314, 0.0 ], [ -99.829124433111701, 16.790172555618994, 0.0 ], [ -99.829145881043132, 16.789984827537918, 0.0 ], [ -99.829221933111342, 16.789767732095292, 0.0 ], [ -99.829192524380971, 16.78953531850026, 0.0 ], [ -99.829146479092358, 16.789417008188479, 0.0 ], [ -99.829148160824502, 16.789293076214673, 0.0 ], [ -99.82910569933415, 16.789220603448197, 0.0 ], [ -99.829162098517543, 16.788927654687647, 0.0 ], [ -99.829183974526472, 16.788857057906966, 0.0 ], [ -99.82923255950061, 16.788807717502323, 0.0 ], [ -99.829354133452171, 16.788709090652159, 0.0 ], [ -99.829423083574056, 16.788607097639559, 0.0 ], [ -99.829413413164161, 16.788464736758268, 0.0 ], [ -99.82945233042625, 16.788394832455648, 0.0 ], [ -99.82957530552153, 16.788228682707651, 0.0 ], [ -99.829724566001516, 16.788046253431844, 0.0 ], [ -99.82978392755183, 16.788004834255844, 0.0 ], [ -99.82989267717096, 16.787905401613092, 0.0 ], [ -99.829924722713315, 16.787867782072563, 0.0 ], [ -99.8299713642527, 16.787791322611554, 0.0 ], [ -99.830029371424018, 16.787685735008719, 0.0 ], [ -99.830061934076582, 16.787634278499294, 0.0 ], [ -99.830069832822176, 16.787565156606714, 0.0 ], [ -99.830047303006097, 16.787443155477309, 0.0 ], [ -99.830015985914486, 16.787386151949413, 0.0 ], [ -99.830001546399842, 16.787312755579361, 0.0 ], [ -99.829987010657476, 16.78721759471636, 0.0 ], [ -99.829941928542738, 16.786983299739514, 0.0 ], [ -99.829925631028516, 16.786914865828514, 0.0 ], [ -99.829895179984192, 16.786861904753142, 0.0 ], [ -99.829866451141299, 16.786796946721836, 0.0 ], [ -99.829868006069262, 16.786745566654698, 0.0 ], [ -99.829886956583266, 16.786596149692734, 0.0 ], [ -99.829901812484266, 16.786499388935795, 0.0 ], [ -99.82990821385863, 16.786465727311565, 0.0 ], [ -99.829957997629151, 16.786370926177309, 0.0 ], [ -99.82995976839419, 16.7862763192968, 0.0 ], [ -99.829974788871027, 16.786217394817065, 0.0 ], [ -99.83001820724013, 16.786164663968233, 0.0 ], [ -99.830105246325672, 16.786105449007323, 0.0 ], [ -99.830163948672919, 16.78596301528097, 0.0 ], [ -99.830264283335509, 16.785906423642579, 0.0 ], [ -99.830410889916209, 16.785866140310187, 0.0 ], [ -99.830567968202843, 16.785865501791591, 0.0 ], [ -99.830750721234381, 16.785911029970173, 0.0 ], [ -99.830870682701345, 16.785938159818208, 0.0 ], [ -99.831015654314456, 16.785999850612768, 0.0 ], [ -99.83108350546496, 16.786026266399116, 0.0 ], [ -99.831243808720444, 16.786073068017849, 0.0 ], [ -99.83144707258981, 16.786087070462024, 0.0 ], [ -99.831589832770021, 16.78605419214739, 0.0 ], [ -99.831728038783581, 16.786057664429784, 0.0 ], [ -99.831908208962261, 16.7860811340372, 0.0 ], [ -99.832142708984406, 16.786080181655155, 0.0 ], [ -99.83226821387251, 16.786051433926556, 0.0 ], [ -99.832376825895281, 16.78599048597232, 0.0 ], [ -99.832543451384765, 16.785914667727809, 0.0 ], [ -99.832629297969333, 16.785869424634257, 0.0 ], [ -99.832686375241508, 16.785803576274077, 0.0 ], [ -99.832718369522752, 16.785741282933994, 0.0 ], [ -99.832714498840517, 16.785675682786628, 0.0 ], [ -99.83270344257528, 16.785606658021038, 0.0 ], [ -99.832703156590981, 16.785541042585066, 0.0 ], [ -99.832735121194446, 16.785471843350987, 0.0 ], [ -99.832763439946348, 16.785388844919225, 0.0 ], [ -99.832745064098901, 16.785285314965392, 0.0 ], [ -99.832723176398986, 16.785199066383935, 0.0 ], [ -99.832700987426236, 16.785043750768633, 0.0 ], [ -99.832700401967486, 16.784909067399663, 0.0 ], [ -99.832709228813428, 16.784635654611808, 0.0 ], [ -99.832708896963481, 16.784559760824319, 0.0 ], [ -99.832746478732588, 16.784504964232887, 0.0 ], [ -99.832847165929536, 16.784468126203191, 0.0 ], [ -99.832910047426381, 16.784434477169437, 0.0 ], [ -99.832933112338935, 16.784392415877392, 0.0 ], [ -99.832980055151054, 16.784357533873273, 0.0 ], [ -99.833004776614757, 16.784309398560083, 0.0 ], [ -99.833035040600237, 16.784261242562305, 0.0 ], [ -99.833079283647692, 16.784242382879818, 0.0 ], [ -99.833173448961077, 16.784236661392864, 0.0 ], [ -99.833297701992947, 16.784142756882769, 0.0 ], [ -99.833344574657986, 16.784091862449539, 0.0 ], [ -99.833413377290981, 16.783987509615987, 0.0 ], [ -99.833440754452852, 16.783912677927727, 0.0 ], [ -99.833495577124779, 16.783779026081163, 0.0 ], [ -99.833642601890233, 16.783657095998247, 0.0 ], [ -99.833747151675198, 16.783619138312755, 0.0 ], [ -99.833939099375527, 16.783519833373703, 0.0 ], [ -99.834255268631352, 16.7833902770397, 0.0 ], [ -99.834332298262495, 16.783346357748364, 0.0 ], [ -99.834419975866695, 16.783302397087994, 0.0 ], [ -99.834531775086987, 16.783294247431623, 0.0 ], [ -99.834872827684421, 16.783240794427286, 0.0 ], [ -99.83492214021021, 16.783198523593168, 0.0 ], [ -99.834982876823915, 16.783105721651904, 0.0 ], [ -99.835058208535088, 16.783021273513096, 0.0 ], [ -99.83517148803935, 16.782959110574662, 0.0 ], [ -99.835290947684555, 16.782978256241559, 0.0 ], [ -99.835495436430847, 16.782968359202467, 0.0 ], [ -99.83564319324438, 16.782963011833711, 0.0 ], [ -99.835882120629037, 16.783008804412869, 0.0 ], [ -99.835934091550655, 16.783025256610351, 0.0 ], [ -99.835994886620313, 16.783081251998219, 0.0 ], [ -99.836092115024655, 16.783062107230471, 0.0 ], [ -99.836128731821134, 16.783028629068042, 0.0 ], [ -99.836202017574692, 16.782974169722188, 0.0 ], [ -99.836243687661522, 16.782934423285095, 0.0 ], [ -99.836290671842619, 16.782917230945483, 0.0 ], [ -99.836349496497647, 16.782916990826436, 0.0 ], [ -99.83644366540841, 16.782927940971771, 0.0 ], [ -99.836478810913945, 16.782893798210235, 0.0 ], [ -99.836557926072999, 16.782825475815226, 0.0 ], [ -99.836610792719512, 16.782808260992621, 0.0 ], [ -99.836687390676104, 16.782836282068896, 0.0 ], [ -99.836713947656108, 16.782856006000024, 0.0 ], [ -99.83681423465481, 16.782920761683837, 0.0 ], [ -99.837031204192328, 16.783293012662512, 0.0 ], [ -99.837145557487091, 16.783623057558078, 0.0 ], [ -99.837269673821879, 16.783698986419147, 0.0 ], [ -99.837349370842333, 16.783778155537558, 0.0 ], [ -99.837378868605526, 16.783969708435336, 0.0 ], [ -99.837379214844475, 16.784048890144163, 0.0 ], [ -99.837386499352931, 16.784147838052377, 0.0 ], [ -99.837390227042931, 16.784217108332879, 0.0 ], [ -99.837356238065411, 16.784276633559951, 0.0 ], [ -99.837308563205283, 16.784339515056612, 0.0 ], [ -99.837366378820946, 16.784499740970375, 0.0 ], [ -99.837445101875517, 16.784600925492441, 0.0 ], [ -99.837671275074854, 16.784684109184408, 0.0 ], [ -99.837948553148806, 16.784749681452745, 0.0 ], [ -99.838101619559723, 16.784781064194814, 0.0 ], [ -99.838220869662905, 16.784816269055739, 0.0 ], [ -99.838395911008092, 16.784899683873334, 0.0 ], [ -99.838480724271619, 16.784927379395121, 0.0 ], [ -99.838643257845661, 16.784967541319073, 0.0 ], [ -99.838710587389187, 16.784967266126554, 0.0 ], [ -99.838772186452729, 16.784939990588093, 0.0 ], [ -99.838846996557152, 16.784939684818649, 0.0 ], [ -99.838890083975798, 16.784955723328032, 0.0 ], [ -99.838944520838439, 16.785000541941539, 0.0 ], [ -99.838997030454209, 16.785032755657141, 0.0 ], [ -99.839060225814364, 16.785032673818986, 0.0 ], [ -99.839098052198949, 16.785035688346454, 0.0 ], [ -99.839121252009761, 16.785076769377497, 0.0 ], [ -99.839129588725143, 16.785103656408747, 0.0 ], [ -99.839164190140934, 16.78512093688181, 0.0 ], [ -99.839190377499506, 16.785093906858432, 0.0 ], [ -99.839229763308424, 16.78507790791917, 0.0 ], [ -99.839275748342629, 16.785066634917257, 0.0 ], [ -99.839318619024539, 16.785094966259862, 0.0 ], [ -99.839333598132669, 16.785136081465161, 0.0 ], [ -99.839358355569175, 16.785158151727384, 0.0 ], [ -99.839394489429722, 16.785150085707926, 0.0 ], [ -99.839442132813815, 16.785141972024455, 0.0 ], [ -99.839480064419035, 16.785168739445851, 0.0 ], [ -99.839485129400828, 16.785198809177754, 0.0 ], [ -99.83950823568216, 16.785219302928446, 0.0 ], [ -99.839544481058624, 16.78523657440854, 0.0 ], [ -99.839590521850596, 16.785237970156224, 0.0 ], [ -99.839626600852512, 16.78524948777368, 0.0 ], [ -99.8396458823172, 16.785264833805172, 0.0 ], [ -99.839693941187932, 16.785269265664112, 0.0 ], [ -99.839757990004784, 16.785269003961446, 0.0 ], [ -99.839790089506607, 16.785285838370893, 0.0 ], [ -99.83981745857443, 16.785319660973752, 0.0 ], [ -99.839817527822106, 16.785335084346684, 0.0 ], [ -99.839868976237767, 16.785382690858683, 0.0 ], [ -99.839889915152924, 16.785410368393965, 0.0 ], [ -99.839933275066073, 16.785439498334199, 0.0 ], [ -99.839971712989779, 16.78544088329016, 0.0 ], [ -99.839984434799419, 16.785420778945873, 0.0 ], [ -99.839992353330047, 16.78540069528594, 0.0 ], [ -99.840005059851251, 16.785377507166285, 0.0 ], [ -99.840035382292569, 16.785354246201567, 0.0 ], [ -99.840062575992704, 16.785347965336491, 0.0 ], [ -99.840077014608028, 16.785354075330417, 0.0 ], [ -99.84010553660687, 16.78538351643618, 0.0 ], [ -99.840144066261246, 16.785427671350014, 0.0 ], [ -99.840202135485811, 16.785455217584275, 0.0 ], [ -99.84026746223924, 16.785494466696321, 0.0 ], [ -99.840327795956625, 16.78549654323103, 0.0 ], [ -99.840371097413822, 16.785466148843732, 0.0 ], [ -99.840404787816283, 16.78544509121803, 0.0 ], [ -99.840489130734454, 16.785419177253395, 0.0 ], [ -99.840722624415093, 16.785368006728156, 0.0 ], [ -99.840818165691417, 16.785388048120005, 0.0 ], [ -99.840924285692722, 16.785401918363952, 0.0 ], [ -99.840975212501633, 16.785405796240635, 0.0 ], [ -99.841019880028966, 16.785434219313796, 0.0 ], [ -99.841092234084897, 16.785487047289564, 0.0 ], [ -99.841206683607084, 16.785496758168957, 0.0 ], [ -99.841341339996362, 16.785445163163892, 0.0 ], [ -99.841509613943117, 16.785370229852216, 0.0 ], [ -99.841692562127548, 16.785346279107557, 0.0 ], [ -99.841899740745987, 16.785354711151051, 0.0 ], [ -99.842179071072849, 16.785327308808288, 0.0 ], [ -99.84227148270827, 16.78527761856736, 0.0 ], [ -99.842461296317254, 16.785204048628088, 0.0 ], [ -99.842656254947826, 16.785191509380748, 0.0 ], [ -99.842865511899447, 16.785238241751586, 0.0 ], [ -99.842992497971068, 16.785237721044037, 0.0 ], [ -99.843090015957102, 16.785251545422508, 0.0 ], [ -99.843175984849438, 16.785325157630034, 0.0 ], [ -99.843250104274546, 16.785390282935339, 0.0 ], [ -99.843315299726839, 16.785441221435349, 0.0 ], [ -99.843513451849844, 16.785505838623578, 0.0 ], [ -99.843693634619058, 16.785513634846431, 0.0 ], [ -99.843936728562838, 16.785403440016808, 0.0 ], [ -99.844044992547879, 16.785360434436541, 0.0 ], [ -99.844137086722753, 16.785294278508161, 0.0 ], [ -99.844176964460928, 16.785228337517935, 0.0 ], [ -99.844196688392003, 16.785147001932728, 0.0 ], [ -99.844176330438813, 16.785085177139248, 0.0 ], [ -99.844119602103547, 16.784973201652058, 0.0 ], [ -99.844063023955016, 16.784896048813607, 0.0 ], [ -99.844050649283645, 16.784822583195702, 0.0 ], [ -99.8440502562799, 16.784733590782761, 0.0 ], [ -99.84408994516042, 16.784625087577744, 0.0 ], [ -99.844238204694946, 16.784543224090605, 0.0 ], [ -99.844581092808767, 16.78436596411802, 0.0 ], [ -99.844694420876408, 16.784346500091029, 0.0 ], [ -99.844832420945124, 16.784331683760282, 0.0 ], [ -99.844906216614163, 16.784293380734987, 0.0 ], [ -99.84508370771249, 16.784287902964365, 0.0 ], [ -99.845167660324833, 16.784316057140465, 0.0 ], [ -99.845202574704558, 16.784406162914134, 0.0 ], [ -99.845212816184073, 16.784491618293597, 0.0 ], [ -99.845213277536345, 16.784596115018864, 0.0 ], [ -99.845233105788736, 16.784619784275606, 0.0 ], [ -99.845297250833028, 16.784629019413785, 0.0 ], [ -99.845395867790671, 16.784628614718827, 0.0 ], [ -99.845425601176203, 16.784661742145712, 0.0 ], [ -99.845484770271412, 16.784661499328699, 0.0 ], [ -99.845573653866666, 16.784689633719722, 0.0 ], [ -99.845588803845885, 16.784770319095056, 0.0 ], [ -99.845544677710336, 16.784827500688774, 0.0 ], [ -99.845523438421424, 16.784875539774529, 0.0 ], [ -99.845504317036216, 16.784916527276096, 0.0 ], [ -99.845492930719729, 16.78496120289736, 0.0 ], [ -99.84558207601755, 16.78503893759693, 0.0 ], [ -99.845586283046146, 16.785117022132901, 0.0 ], [ -99.84553624027086, 16.785150697246987, 0.0 ], [ -99.845443333108904, 16.785095293612923, 0.0 ], [ -99.845350526671098, 16.785062202158937, 0.0 ], [ -99.845316141092496, 16.785144163672207, 0.0 ], [ -99.84530482222533, 16.785203714979616, 0.0 ], [ -99.845339947945831, 16.785289110104316, 0.0 ], [ -99.845386655135485, 16.785374456665973, 0.0 ], [ -99.845406272946775, 16.785445039057496, 0.0 ], [ -99.845371707503887, 16.785486091310069, 0.0 ], [ -99.845279080030991, 16.785493909116777, 0.0 ], [ -99.845128623452808, 16.785520559626089, 0.0 ], [ -99.844923828037849, 16.785513038595926, 0.0 ], [ -99.844845712924894, 16.785500281712697, 0.0 ], [ -99.844737137774359, 16.785507266746944, 0.0 ], [ -99.844672873120203, 16.785556567581637, 0.0 ], [ -99.844672633001153, 16.785733941768108, 0.0 ], [ -99.844668520401513, 16.785888750165665, 0.0 ], [ -99.844654467595205, 16.785965047748846, 0.0 ], [ -99.844597122324899, 16.786013799996965, 0.0 ], [ -99.844563565921362, 16.786018558309987, 0.0 ], [ -99.844477214817118, 16.786016601385079, 0.0 ], [ -99.844438658183094, 16.785975175014467, 0.0 ], [ -99.844368604593058, 16.78586225613827, 0.0 ], [ -99.844291386104203, 16.785756299813492, 0.0 ], [ -99.844255206378193, 16.785710241934169, 0.0 ], [ -99.844224109620427, 16.785728852504686, 0.0 ], [ -99.844214678430262, 16.785765855110292, 0.0 ], [ -99.844215220721367, 16.785888299605396, 0.0 ], [ -99.844160170521093, 16.786005385939973, 0.0 ], [ -99.84416052035732, 16.786084957055152, 0.0 ], [ -99.844170567583205, 16.786201213315447, 0.0 ], [ -99.844187088129217, 16.786344986132178, 0.0 ], [ -99.844188089973954, 16.786571457007309, 0.0 ], [ -99.844210775372574, 16.786672360041496, 0.0 ], [ -99.844229275326313, 16.786834432263273, 0.0 ], [ -99.844250598251961, 16.786953398180906, 0.0 ], [ -99.844350779130778, 16.787131981056174, 0.0 ], [ -99.844489947418708, 16.787331216862352, 0.0 ], [ -99.844572696738169, 16.787476568888557, 0.0 ], [ -99.84468782704721, 16.787693971, 0.0 ], [ -99.844737240296865, 16.787795955019469, 0.0 ], [ -99.844780983321243, 16.787845558925479, 0.0 ], [ -99.844836010139375, 16.787986823533171, 0.0 ], [ -99.844852945272692, 16.788125624897699, 0.0 ], [ -99.844875077588313, 16.788209379659225, 0.0 ], [ -99.844937860159632, 16.788258905324192, 0.0 ], [ -99.845030586557812, 16.788313549031216, 0.0 ], [ -99.84506891206621, 16.788368416669073, 0.0 ], [ -99.845080188665236, 16.788401909220728, 0.0 ], [ -99.845122884878833, 16.788451740655375, 0.0 ], [ -99.845188868137427, 16.78843101218148, 0.0 ], [ -99.845245330273372, 16.788392138086799, 0.0 ], [ -99.845318381303741, 16.788369107348611, 0.0 ], [ -99.845367987008501, 16.78838026883437, 0.0 ], [ -99.845384735982293, 16.788432480774414, 0.0 ], [ -99.845384968007465, 16.788484760163552, 0.0 ], [ -99.845382819527003, 16.78853250427181, 0.0 ], [ -99.84536908418147, 16.788628028460888, 0.0 ], [ -99.845414200470543, 16.788691490919636, 0.0 ], [ -99.845407281986127, 16.788727888281585, 0.0 ], [ -99.845421702615056, 16.788786926975146, 0.0 ], [ -99.845412555610494, 16.788852883253973, 0.0 ], [ -99.845363141461462, 16.788884909910674, 0.0 ], [ -99.845414605165502, 16.788960969173385, 0.0 ], [ -99.845417383171309, 16.789005697854801, 0.0 ], [ -99.845378757289382, 16.78902325531908, 0.0 ], [ -99.845353073551109, 16.78905069992993, 0.0 ], [ -99.845353833478171, 16.789222194348948, 0.0 ], [ -99.845338649324788, 16.789289362913845, 0.0 ], [ -99.84533644238843, 16.789373878501806, 0.0 ], [ -99.84533685068061, 16.789465838677643, 0.0 ], [ -99.845388833293555, 16.789588095214466, 0.0 ], [ -99.845453930719955, 16.789634028987333, 0.0 ], [ -99.845552798588358, 16.789660799106624, 0.0 ], [ -99.845643130091844, 16.789671299590843, 0.0 ], [ -99.845730665603256, 16.789687247268656, 0.0 ], [ -99.845773214327949, 16.789738707375591, 0.0 ], [ -99.845767798610552, 16.789790367131896, 0.0 ], [ -99.845742551942806, 16.789823082669212, 0.0 ], [ -99.84571169620331, 16.78986397574192, 0.0 ], [ -99.845695082127975, 16.789934703823626, 0.0 ], [ -99.845696476976286, 16.790037561084656, 0.0 ], [ -99.845701691245665, 16.790094874878545, 0.0 ], [ -99.845711981288503, 16.790178446178455, 0.0 ], [ -99.845737048091905, 16.790238068532119, 0.0 ], [ -99.84582170037676, 16.790311779664933, 0.0 ], [ -99.84587645290145, 16.79035455501872, 0.0 ], [ -99.845918144572295, 16.790413853616538, 0.0 ], [ -99.84596189479123, 16.790494651407066, 0.0 ], [ -99.845962843576004, 16.790708849234186, 0.0 ], [ -99.845970403277136, 16.790764281646425, 0.0 ], [ -99.845967233166732, 16.790881542449309, 0.0 ], [ -99.845956593287738, 16.790977515400126, 0.0 ], [ -99.84593132413687, 16.791101974376762, 0.0 ], [ -99.845876375559783, 16.791187469326356, 0.0 ], [ -99.845839756964779, 16.791248020679799, 0.0 ], [ -99.845803753506004, 16.7914471323794, 0.0 ], [ -99.845778392624325, 16.79155027292688, 0.0 ], [ -99.845786067438723, 16.791617746362071, 0.0 ], [ -99.845830722375524, 16.791706386240772, 0.0 ], [ -99.845949134310729, 16.791791169826809, 0.0 ], [ -99.845986224150522, 16.791837207021665, 0.0 ], [ -99.846109189353172, 16.791995125274862, 0.0 ], [ -99.84616110181895, 16.792098982582154, 0.0 ], [ -99.846161650405421, 16.792222874086512, 0.0 ], [ -99.846180620704672, 16.792419063888872, 0.0 ], [ -99.846357529042336, 16.792691366913111, 0.0 ], [ -99.8464739732608, 16.792822186794574, 0.0 ], [ -99.846583400069392, 16.792907081896367, 0.0 ], [ -99.846699625752706, 16.792988665694388, 0.0 ], [ -99.846805383327364, 16.793014490626319, 0.0 ], [ -99.846955468485532, 16.793046698046844, 0.0 ], [ -99.847020491268154, 16.793108798032613, 0.0 ], [ -99.847118278151584, 16.793144269992236, 0.0 ], [ -99.847205564550734, 16.793163672865319, 0.0 ], [ -99.847323569992227, 16.793170599443723, 0.0 ], [ -99.847485415584913, 16.793231691289634, 0.0 ], [ -99.847593567155002, 16.79328001815832, 0.0 ], [ -99.847722810524786, 16.793319805964298, 0.0 ], [ -99.847939468897039, 16.793406274879704, 0.0 ], [ -99.84807772437307, 16.793430150980779, 0.0 ], [ -99.84817878119145, 16.793429735493927, 0.0 ], [ -99.848271593924494, 16.793418830314796, 0.0 ], [ -99.848334364804657, 16.793408048342823, 0.0 ], [ -99.848451679567006, 16.793378627022207, 0.0 ], [ -99.84852794207643, 16.793330958457091, 0.0 ], [ -99.848645162409866, 16.793280491201809, 0.0 ], [ -99.848695565813273, 16.793264511148262, 0.0 ], [ -99.848755498433164, 16.793286574216101, 0.0 ], [ -99.848788542223076, 16.793338493876483, 0.0 ], [ -99.848833139603357, 16.793384788277528, 0.0 ], [ -99.848883348753134, 16.793390159928038, 0.0 ], [ -99.84895090042933, 16.793389881138236, 0.0 ], [ -99.849028171078828, 16.793404436665462, 0.0 ], [ -99.84910118163981, 16.793409609565792, 0.0 ], [ -99.849155627495804, 16.793397974137182, 0.0 ], [ -99.849205170248013, 16.793349842421314, 0.0 ], [ -99.849257052136764, 16.793294854274166, 0.0 ], [ -99.849316155581732, 16.793264941923496, 0.0 ], [ -99.849394161876603, 16.793223540733997, 0.0 ], [ -99.849462526539867, 16.793145662142589, 0.0 ], [ -99.849576049760472, 16.792944680752491, 0.0 ], [ -99.849638040029106, 16.792902001626143, 0.0 ], [ -99.849707912855493, 16.792884245411692, 0.0 ], [ -99.849803604318424, 16.792846418127791, 0.0 ], [ -99.849837072588457, 16.792798864675945, 0.0 ], [ -99.849847069452323, 16.79271647148806, 0.0 ], [ -99.849864983048178, 16.792666487168784, 0.0 ], [ -99.849965555131803, 16.79256126199283, 0.0 ], [ -99.849996399179986, 16.792506232476796, 0.0 ], [ -99.850058278831966, 16.792438599861558, 0.0 ], [ -99.850120255610875, 16.792393425116522, 0.0 ], [ -99.850223764880297, 16.792365546133109, 0.0 ], [ -99.850401801867235, 16.792346572236568, 0.0 ], [ -99.850449499210583, 16.792317858682338, 0.0 ], [ -99.850490336525411, 16.792282590868979, 0.0 ], [ -99.850538014983002, 16.792249489522415, 0.0 ], [ -99.850617770459337, 16.792260128502217, 0.0 ], [ -99.850690685692086, 16.792268602813802, 0.0 ], [ -99.850829861174816, 16.792325063151168, 0.0 ], [ -99.850889122000922, 16.792335788465888, 0.0 ], [ -99.851034872427036, 16.792335186819511, 0.0 ], [ -99.851128442389324, 16.792378674436403, 0.0 ], [ -99.851158478846301, 16.792398007162372, 0.0 ], [ -99.85128284609209, 16.792453416192295, 0.0 ], [ -99.851516672521996, 16.792489882801931, 0.0 ], [ -99.85164200474037, 16.792489364792452, 0.0 ], [ -99.851816277164914, 16.792494535894203, 0.0 ], [ -99.85202416265048, 16.792496621422053, 0.0 ], [ -99.852149047006378, 16.79253668531987, 0.0 ], [ -99.85232197674344, 16.79260465248279, 0.0 ], [ -99.852438488410996, 16.792643933071183, 0.0 ], [ -99.852577756523772, 16.792737341155487, 0.0 ], [ -99.852615849107735, 16.792863699500224, 0.0 ], [ -99.852695010132209, 16.792942895598276, 0.0 ], [ -99.852804161748352, 16.793014740637883, 0.0 ], [ -99.852925794155681, 16.793023820193298, 0.0 ], [ -99.853071010384497, 16.793039108667926, 0.0 ], [ -99.853186367322522, 16.793016389095207, 0.0 ], [ -99.853291815530497, 16.792990533586412, 0.0 ], [ -99.853463336929053, 16.792986648515125, 0.0 ], [ -99.853645180746071, 16.792994951056187, 0.0 ], [ -99.853790255781348, 16.793013904268314, 0.0 ], [ -99.853926606493303, 16.793027306864868, 0.0 ], [ -99.854054084493896, 16.793001641112824, 0.0 ], [ -99.854175559520115, 16.792931310531682, 0.0 ], [ -99.85423684292158, 16.792926246449152, 0.0 ], [ -99.854418959233215, 16.793057812767923, 0.0 ], [ -99.85465651155431, 16.793118731944094, 0.0 ], [ -99.854898797906685, 16.793117728300555, 0.0 ], [ -99.855169605358526, 16.793242275410758, 0.0 ], [ -99.855430933056709, 16.793330955759131, 0.0 ], [ -99.855766690445989, 16.793392399239849, 0.0 ], [ -99.856225963423014, 16.793429990901352, 0.0 ], [ -99.856329959225832, 16.793429560126121, 0.0 ], [ -99.856433874988966, 16.793410916280887, 0.0 ], [ -99.856550395649833, 16.793392221174145, 0.0 ], [ -99.856629181656956, 16.793391894720219, 0.0 ], [ -99.85678699828685, 16.793445881022759, 0.0 ], [ -99.856894486157103, 16.793521326048442, 0.0 ], [ -99.856995741725655, 16.793611973214119, 0.0 ], [ -99.857122343786727, 16.793732871774637, 0.0 ], [ -99.857293223069405, 16.79391011106275, 0.0 ], [ -99.85730842430992, 16.793997989215878, 0.0 ], [ -99.857348472019964, 16.794123793578365, 0.0 ], [ -99.857386145519854, 16.794270997308839, 0.0 ], [ -99.857480496992935, 16.794420184044327, 0.0 ], [ -99.857791172290376, 16.794716858696113, 0.0 ], [ -99.858191224011378, 16.795156026429595, 0.0 ], [ -99.858489650542495, 16.795416363074757, 0.0 ], [ -99.858837399491961, 16.795681518287605, 0.0 ], [ -99.859020123745267, 16.795822740627042, 0.0 ], [ -99.859124735583634, 16.795947582714803, 0.0 ], [ -99.85912552608778, 16.796122967600972, 0.0 ], [ -99.859100077971789, 16.796248348382615, 0.0 ], [ -99.858918858284255, 16.796441191807617, 0.0 ], [ -99.858728441230255, 16.796517147648331, 0.0 ], [ -99.858581039648811, 16.796517759187214, 0.0 ], [ -99.858476765955459, 16.796468079738244, 0.0 ], [ -99.858446213287721, 16.796470912602665, 0.0 ], [ -99.858393326856117, 16.796432305606515, 0.0 ], [ -99.858287903829194, 16.796432742676977, 0.0 ], [ -99.858167259776849, 16.796495961419563, 0.0 ], [ -99.857747961664586, 16.796745903700636, 0.0 ], [ -99.857658454839282, 16.796843412693359, 0.0 ], [ -99.85760115453526, 16.796939951317707, 0.0 ], [ -99.85752786248645, 16.79701115783876, 0.0 ], [ -99.857360912341903, 16.797089198307958, 0.0 ], [ -99.857140397676801, 16.797161016367905, 0.0 ], [ -99.856983239350598, 16.797184226071231, 0.0 ], [ -99.856785985650276, 16.797220494830068, 0.0 ], [ -99.856590434366694, 16.797227272120942, 0.0 ], [ -99.856462636207254, 16.797202749407518, 0.0 ], [ -99.856351421546492, 16.797184988696412, 0.0 ], [ -99.856145697131808, 16.797183562371568, 0.0 ], [ -99.855961849625274, 16.797177291399002, 0.0 ], [ -99.855887701421864, 16.797201996674854, 0.0 ], [ -99.855746103165657, 16.79724029520349, 0.0 ], [ -99.855360185189923, 16.797494411238173, 0.0 ], [ -99.855195977078267, 16.797562922491064, 0.0 ], [ -99.855124158118997, 16.797586313857373, 0.0 ], [ -99.85497671337022, 16.797675450161982, 0.0 ], [ -99.854899200803004, 16.797766220534697, 0.0 ], [ -99.854816917332471, 16.79794536908366, 0.0 ], [ -99.854787341328233, 16.798008083306453, 0.0 ], [ -99.854778719527928, 16.798043645198216, 0.0 ], [ -99.854728031938691, 16.798097988531421, 0.0 ], [ -99.854691304525545, 16.798142633575701, 0.0 ], [ -99.854680627774371, 16.798165520422398, 0.0 ], [ -99.854646197229783, 16.798180200056258, 0.0 ], [ -99.854611674954484, 16.798174112545318, 0.0 ], [ -99.854592216323397, 16.798161733377412, 0.0 ], [ -99.854553401583701, 16.79815981692218, 0.0 ], [ -99.85451681716296, 16.798174504649634, 0.0 ], [ -99.854512614631062, 16.798199442850148, 0.0 ], [ -99.854491186484665, 16.798228606065432, 0.0 ], [ -99.854445958679719, 16.798239175797388, 0.0 ], [ -99.854394236870121, 16.798243543804688, 0.0 ], [ -99.854252758223822, 16.798351592851692, 0.0 ], [ -99.854199915858999, 16.798401099631175, 0.0 ], [ -99.854116944407053, 16.798494545487017, 0.0 ], [ -99.854054796756941, 16.798547743983303, 0.0 ], [ -99.85398643389243, 16.798554961042612, 0.0 ], [ -99.853892793783075, 16.798544946192344, 0.0 ], [ -99.853809862800517, 16.798514081459864, 0.0 ], [ -99.853708975954092, 16.798493693828902, 0.0 ], [ -99.853611783522467, 16.798494095825955, 0.0 ], [ -99.853543514187436, 16.798522117801607, 0.0 ], [ -99.853435816775004, 16.79858844550051, 0.0 ], [ -99.853339089293172, 16.798692869380542, 0.0 ], [ -99.85319927349326, 16.79882174492775, 0.0 ], [ -99.853078750849306, 16.7989189112788, 0.0 ], [ -99.852940721102982, 16.799039611089313, 0.0 ], [ -99.852781787515084, 16.799133699960407, 0.0 ], [ -99.852546581525132, 16.799214756755639, 0.0 ], [ -99.852133349340193, 16.799185682573292, 0.0 ], [ -99.851919712690076, 16.799199166108792, 0.0 ], [ -99.851631864884268, 16.799196154279283, 0.0 ], [ -99.851378716520188, 16.799150989426778, 0.0 ], [ -99.850892454888481, 16.799133077629559, 0.0 ], [ -99.850670044452556, 16.799119225372124, 0.0 ], [ -99.850374859977478, 16.799120443054047, 0.0 ], [ -99.850030120159545, 16.799212811522118, 0.0 ], [ -99.849733616378899, 16.799223772459179, 0.0 ], [ -99.84938155607955, 16.799208079289592, 0.0 ], [ -99.849197897430486, 16.799208835619307, 0.0 ], [ -99.849111954618593, 16.799200629305631, 0.0 ], [ -99.84897543753209, 16.799144123102906, 0.0 ], [ -99.848797262049629, 16.799023065362174, 0.0 ], [ -99.84875659920317, 16.798962093126242, 0.0 ], [ -99.848692757230481, 16.798878983178668, 0.0 ], [ -99.84862032313498, 16.798809803729512, 0.0 ], [ -99.848565247753584, 16.798751668854599, 0.0 ], [ -99.848481345503174, 16.798699211399533, 0.0 ], [ -99.848313787416942, 16.798649878189451, 0.0 ], [ -99.847968475630125, 16.798652903508859, 0.0 ], [ -99.847804284605502, 16.798620152897911, 0.0 ], [ -99.847718961426494, 16.7985870767323, 0.0 ], [ -99.847511981558341, 16.798465928160223, 0.0 ], [ -99.84739134649908, 16.798354829511872, 0.0 ], [ -99.84729227448446, 16.798268440636093, 0.0 ], [ -99.847103022052409, 16.798165890043887, 0.0 ], [ -99.846995479323482, 16.798104335946441, 0.0 ], [ -99.846741390268448, 16.7980588032712, 0.0 ], [ -99.846598696638125, 16.798018498355191, 0.0 ], [ -99.846461884573955, 16.79793727788325, 0.0 ], [ -99.846323577836301, 16.797828727014174, 0.0 ], [ -99.846267376503761, 16.797777606851128, 0.0 ], [ -99.846189816272613, 16.797718871229048, 0.0 ], [ -99.846125494061766, 16.79763954383003, 0.0 ], [ -99.846085216125402, 16.797572952629704, 0.0 ], [ -99.845987878003768, 16.797397104592786, 0.0 ], [ -99.845945523532748, 16.79735665218783, 0.0 ], [ -99.845942981149278, 16.797311523308338, 0.0 ], [ -99.845916997936627, 16.797264232458527, 0.0 ], [ -99.845848849110553, 16.797219373375466, 0.0 ], [ -99.845750113442605, 16.79714530341306, 0.0 ], [ -99.845332127441395, 16.796821183251033, 0.0 ], [ -99.845258436992879, 16.796732467829202, 0.0 ], [ -99.845184787013864, 16.796652962364416, 0.0 ], [ -99.845114527478984, 16.796619485101125, 0.0 ], [ -99.844980735338254, 16.796632313030958, 0.0 ], [ -99.844891449746228, 16.796620400611111, 0.0 ], [ -99.844730325409785, 16.79658210657902, 0.0 ], [ -99.844603778207386, 16.796485011274399, 0.0 ], [ -99.844497071848025, 16.79639013999309, 0.0 ], [ -99.844343080934038, 16.796247339343381, 0.0 ], [ -99.844260844228259, 16.796145044158603, 0.0 ], [ -99.844217629105913, 16.79609253094565, 0.0 ], [ -99.844151045999581, 16.79605704819431, 0.0 ], [ -99.844078649675453, 16.796032881612348, 0.0 ], [ -99.843963263959097, 16.796007009915733, 0.0 ], [ -99.843861604594849, 16.795992372550121, 0.0 ], [ -99.843825129891457, 16.795967723931476, 0.0 ], [ -99.8437265839802, 16.795919842227015, 0.0 ], [ -99.843554868327999, 16.79589454609652, 0.0 ], [ -99.843491990428689, 16.795891361597057, 0.0 ], [ -99.843425798527392, 16.795909872342914, 0.0 ], [ -99.843328733799638, 16.795905710280405, 0.0 ], [ -99.843238619032604, 16.795867322718831, 0.0 ], [ -99.843092982820565, 16.795798792580278, 0.0 ], [ -99.843027469008064, 16.795774312134878, 0.0 ], [ -99.842964162131864, 16.79572057224658, 0.0 ], [ -99.842843324725209, 16.795639716899469, 0.0 ], [ -99.842713466219038, 16.795550603977286, 0.0 ], [ -99.842607937971536, 16.795421698752477, 0.0 ], [ -99.842539356571535, 16.795272060557291, 0.0 ], [ -99.842479388878303, 16.795149644840247, 0.0 ], [ -99.842396840107654, 16.795040950079848, 0.0 ], [ -99.842199817533128, 16.794875434353969, 0.0 ], [ -99.841937460111296, 16.794735625748554, 0.0 ], [ -99.841627060006374, 16.794512636149307, 0.0 ], [ -99.841415767888975, 16.794381136380363, 0.0 ], [ -99.8411990609535, 16.794235552328868, 0.0 ], [ -99.841138516794729, 16.794208777712928, 0.0 ], [ -99.841021717343892, 16.794148974595654, 0.0 ], [ -99.840974085651112, 16.794113830888701, 0.0 ], [ -99.840889455849378, 16.794008166843518, 0.0 ], [ -99.840848636521002, 16.793926399583707, 0.0 ], [ -99.840783176667927, 16.793857834371686, 0.0 ], [ -99.840720050555504, 16.793841896586397, 0.0 ], [ -99.840612604953378, 16.793830168527499, 0.0 ], [ -99.840326961385642, 16.793831337646164, 0.0 ], [ -99.840144321668674, 16.793900097111866, 0.0 ], [ -99.839980828518037, 16.793944046980297, 0.0 ], [ -99.839836606939457, 16.793991009577493, 0.0 ], [ -99.839698639246436, 16.794128957485551, 0.0 ], [ -99.839482993510956, 16.794368928083593, 0.0 ], [ -99.839167641738769, 16.794681737472331, 0.0 ], [ -99.838898597857565, 16.794933037729546, 0.0 ], [ -99.838587844319079, 16.795151149406131, 0.0 ], [ -99.838332597836768, 16.795360417149531, 0.0 ], [ -99.838148852852896, 16.795549483422061, 0.0 ], [ -99.838056640866853, 16.795639056797079, 0.0 ], [ -99.837898180322327, 16.795762562492364, 0.0 ], [ -99.837842682259577, 16.795857035373956, 0.0 ], [ -99.837780081351127, 16.795931876954739, 0.0 ], [ -99.837466410412105, 16.796294989921989, 0.0 ], [ -99.837359078124507, 16.796406689317333, 0.0 ], [ -99.837319761563322, 16.796437248280483, 0.0 ], [ -99.837278381058013, 16.79647490739114, 0.0 ], [ -99.837250925655155, 16.796562780148236, 0.0 ], [ -99.837210817690561, 16.79665070326751, 0.0 ], [ -99.837165805722975, 16.796775213505377, 0.0 ], [ -99.837130529815738, 16.796944518974545, 0.0 ], [ -99.837100143522434, 16.797080588198696, 0.0 ], [ -99.837052617949496, 16.797233315565101, 0.0 ], [ -99.83687490831592, 16.797711472506531, 0.0 ], [ -99.83669048254535, 16.798410195374345, 0.0 ], [ -99.836615399046991, 16.79864316924693, 0.0 ], [ -99.836559804756689, 16.798793195049878, 0.0 ], [ -99.836489123439776, 16.79906549537634, 0.0 ], [ -99.836409387748702, 16.799484676576693, 0.0 ], [ -99.836305448603142, 16.800113217251294, 0.0 ], [ -99.836257263827235, 16.800497640553768, 0.0 ], [ -99.836229273327888, 16.800782920795314, 0.0 ], [ -99.836225921554615, 16.801403936842238, 0.0 ], [ -99.836211111519219, 16.802401916315542, 0.0 ], [ -99.836233533416419, 16.802599420027203, 0.0 ], [ -99.83626225236668, 16.802725896183347, 0.0 ], [ -99.836306745425418, 16.802882447467137, 0.0 ], [ -99.83634180009949, 16.803026982009662, 0.0 ], [ -99.836389858970449, 16.803282985721239, 0.0 ], [ -99.83640851540622, 16.803610552085495, 0.0 ], [ -99.836460471039516, 16.803863280466086, 0.0 ], [ -99.83687280210377, 16.805285109520241, 0.0 ], [ -99.836952007194952, 16.805478704778462, 0.0 ], [ -99.837070552229818, 16.805709841336174, 0.0 ], [ -99.837410582297991, 16.806024977270965, 0.0 ], [ -99.837496251716232, 16.806069498208839, 0.0 ], [ -99.837698434600611, 16.806102324362872, 0.0 ], [ -99.837818787272681, 16.806079396147307, 0.0 ], [ -99.838082919056944, 16.806063363033783, 0.0 ], [ -99.838250185762945, 16.806107550323361, 0.0 ], [ -99.838326351145795, 16.806183141938448, 0.0 ], [ -99.83852503746607, 16.806331851134185, 0.0 ], [ -99.838693334795209, 16.806426448122174, 0.0 ], [ -99.838921613307264, 16.806458652844633, 0.0 ], [ -99.839081152139045, 16.806520142190891, 0.0 ], [ -99.83941753095985, 16.806784177747652, 0.0 ], [ -99.839669894215831, 16.807157786702639, 0.0 ], [ -99.840005322453237, 16.807751741249884, 0.0 ], [ -99.840182109382468, 16.808021412857947, 0.0 ], [ -99.840381719306492, 16.808357561452393, 0.0 ], [ -99.840441391122795, 16.80841450562496, 0.0 ], [ -99.84049230174395, 16.808505796705269, 0.0 ], [ -99.840608404220134, 16.808556792761916, 0.0 ], [ -99.840764368246482, 16.808673218993931, 0.0 ], [ -99.84090645753264, 16.808799350709478, 0.0 ], [ -99.841081535749765, 16.808941187286102, 0.0 ], [ -99.8411903285363, 16.808978756464452, 0.0 ], [ -99.841420471343156, 16.808993073671445, 0.0 ], [ -99.841675751100595, 16.808995536015168, 0.0 ], [ -99.841938187662834, 16.808966383591773, 0.0 ], [ -99.842100632204051, 16.808935413638604, 0.0 ], [ -99.842294936127985, 16.808884324052368, 0.0 ], [ -99.842492162848657, 16.808838807565049, 0.0 ], [ -99.842744679888654, 16.808821007283825, 0.0 ], [ -99.842914025827156, 16.808907886289997, 0.0 ], [ -99.843113874970982, 16.809003030965066, 0.0 ], [ -99.843226727297122, 16.80906447894267, 0.0 ], [ -99.843310754553272, 16.809153912023476, 0.0 ], [ -99.843417297236059, 16.809243247078253, 0.0 ], [ -99.843568777242922, 16.809310729506588, 0.0 ], [ -99.843688003064472, 16.809359770437197, 0.0 ], [ -99.843795612343229, 16.809419165262447, 0.0 ], [ -99.843976069405642, 16.809624824026571, 0.0 ], [ -99.84418624636379, 16.809782357369951, 0.0 ], [ -99.844815385986863, 16.810270421242986, 0.0 ], [ -99.84504291356518, 16.810443393248079, 0.0 ], [ -99.845231273869672, 16.810572192352932, 0.0 ], [ -99.845479802416548, 16.810687106824666, 0.0 ], [ -99.845639342147422, 16.810710321024651, 0.0 ], [ -99.845749452440941, 16.810771245596683, 0.0 ], [ -99.845832552495949, 16.810848656540308, 0.0 ], [ -99.845953026576524, 16.810872984101085, 0.0 ], [ -99.846116661820076, 16.810934367327203, 0.0 ], [ -99.846219888702535, 16.810946357988144, 0.0 ], [ -99.846327509672449, 16.810979010572961, 0.0 ], [ -99.846422321598496, 16.811032408718741, 0.0 ], [ -99.846503968349055, 16.81102379411282, 0.0 ], [ -99.846607215016547, 16.811039919856455, 0.0 ], [ -99.846710260235852, 16.811010537206695, 0.0 ], [ -99.84679610682042, 16.810981219307841, 0.0 ], [ -99.846942011929968, 16.810922698623692, 0.0 ], [ -99.847006275684691, 16.810872787149492, 0.0 ], [ -99.847089016010955, 16.810803399057754, 0.0 ], [ -99.847143013105097, 16.810748892047798, 0.0 ], [ -99.847197084843117, 16.810711083649601, 0.0 ], [ -99.847279345830771, 16.810668989082668, 0.0 ], [ -99.847422338035926, 16.81062455088238, 0.0 ], [ -99.847554726335034, 16.810610891979191, 0.0 ], [ -99.847673023156972, 16.810558554134044, 0.0 ], [ -99.847802139722603, 16.81051654140526, 0.0 ], [ -99.848047062887247, 16.810468870142415, 0.0 ], [ -99.848313468157642, 16.810405551574945, 0.0 ], [ -99.848550229075286, 16.810339764368727, 0.0 ], [ -99.848740362843046, 16.810272593105818, 0.0 ], [ -99.848829010815791, 16.810208038869913, 0.0 ], [ -99.848906662777836, 16.810172059692771, 0.0 ], [ -99.848976843172409, 16.810121842449057, 0.0 ], [ -99.849084284277922, 16.810117834170732, 0.0 ], [ -99.849165770949185, 16.810110365301171, 0.0 ], [ -99.849235982820005, 16.81006728237918, 0.0 ], [ -99.849365710025054, 16.810073880705197, 0.0 ], [ -99.849454762692801, 16.810102041176261, 0.0 ], [ -99.849621379188875, 16.810072825800372, 0.0 ], [ -99.849758270393465, 16.810025901873981, 0.0 ], [ -99.849843241937677, 16.809968491852484, 0.0 ], [ -99.849894675964094, 16.809868431483093, 0.0 ], [ -99.850027993262927, 16.809790112223929, 0.0 ], [ -99.850094969373004, 16.809702715208285, 0.0 ], [ -99.850138048697545, 16.80961890109154, 0.0 ], [ -99.85015890037846, 16.809423663671165, 0.0 ], [ -99.8500858934147, 16.809291544269342, 0.0 ], [ -99.850092811000025, 16.80919959218749, 0.0 ], [ -99.850108512263603, 16.809119147830529, 0.0 ], [ -99.850095445114221, 16.809069734580696, 0.0 ], [ -99.850037365997252, 16.809011234580847, 0.0 ], [ -99.849934251530158, 16.808940554163424, 0.0 ], [ -99.849860160883281, 16.808894488190163, 0.0 ], [ -99.849824581005137, 16.808838982932681, 0.0 ], [ -99.84983389168633, 16.808764750193117, 0.0 ], [ -99.849882095347994, 16.808770731584097, 0.0 ], [ -99.849975488143912, 16.808822904853226, 0.0 ], [ -99.850075043993684, 16.808816311024088, 0.0 ], [ -99.850142199068898, 16.808748018306456, 0.0 ], [ -99.850276674694271, 16.808648533503113, 0.0 ], [ -99.850391277101323, 16.808505038576808, 0.0 ], [ -99.850444309223136, 16.808426043926882, 0.0 ], [ -99.850631908701189, 16.808195789604035, 0.0 ], [ -99.850778295847249, 16.808097074620314, 0.0 ], [ -99.850857274309419, 16.808017670778952, 0.0 ], [ -99.85088518386965, 16.807922110617028, 0.0 ], [ -99.850850942182831, 16.807867713324296, 0.0 ], [ -99.850807774724615, 16.807717910553201, 0.0 ], [ -99.850756529555781, 16.807663584306958, 0.0 ], [ -99.850710790935807, 16.807573785202123, 0.0 ], [ -99.85063087807805, 16.807443219828826, 0.0 ], [ -99.850650191018985, 16.807325882583481, 0.0 ], [ -99.850658295709422, 16.807238587191076, 0.0 ], [ -99.850669373558276, 16.807181275195777, 0.0 ], [ -99.850665000155232, 16.807026809439837, 0.0 ], [ -99.850670240504769, 16.80683959127424, 0.0 ], [ -99.850675871160092, 16.806740119960747, 0.0 ], [ -99.850584335464305, 16.806658600014373, 0.0 ], [ -99.850505086306271, 16.806606279256524, 0.0 ], [ -99.850510699874462, 16.806500957853014, 0.0 ], [ -99.850552463491056, 16.806325285183902, 0.0 ], [ -99.850739949654553, 16.806113919321994, 0.0 ], [ -99.850959882458255, 16.805924138088635, 0.0 ], [ -99.851131474003807, 16.805894508125043, 0.0 ], [ -99.851307274376666, 16.805844200949245, 0.0 ], [ -99.851564824922377, 16.805834872281594, 0.0 ], [ -99.851736712344973, 16.805871349683173, 0.0 ], [ -99.851985937866345, 16.80591990228174, 0.0 ], [ -99.852114733373753, 16.805919370782412, 0.0 ], [ -99.852157549197102, 16.805894403803727, 0.0 ], [ -99.85221304366263, 16.805823932028996, 0.0 ], [ -99.852272895343503, 16.805765837623422, 0.0 ], [ -99.852406288185151, 16.805724922966871, 0.0 ], [ -99.852462593839164, 16.805755245408356, 0.0 ], [ -99.852514077328465, 16.805799693501168, 0.0 ], [ -99.852582285509584, 16.805759453336236, 0.0 ], [ -99.852643213678846, 16.805730995189435, 0.0 ], [ -99.852745888377569, 16.805754074491119, 0.0 ], [ -99.852772913904474, 16.805789222694553, 0.0 ], [ -99.852812104560485, 16.805814913627497, 0.0 ], [ -99.852880524981856, 16.80582403275303, 0.0 ], [ -99.852929264639499, 16.805800329321805, 0.0 ], [ -99.852973004066484, 16.80575078746892, 0.0 ], [ -99.853038926171166, 16.805745811520008, 0.0 ], [ -99.853118833632891, 16.805787804463698, 0.0 ], [ -99.853197153791143, 16.805858377862013, 0.0 ], [ -99.85335984204869, 16.805901493159464, 0.0 ], [ -99.853537144289362, 16.805909745338507, 0.0 ], [ -99.853628662897961, 16.805919726014562, 0.0 ], [ -99.853752431195289, 16.805924390798108, 0.0 ], [ -99.853833085094379, 16.805913698758332, 0.0 ], [ -99.853924512871458, 16.805905557195892, 0.0 ], [ -99.853983851938736, 16.805938967009808, 0.0 ], [ -99.854013575431736, 16.805969912681459, 0.0 ], [ -99.85418567689311, 16.805953669126495, 0.0 ], [ -99.854258287255618, 16.805948189557341, 0.0 ], [ -99.85452518175731, 16.805889410767861, 0.0 ], [ -99.854627957180071, 16.805835871428307, 0.0 ], [ -99.854763996726604, 16.805814062868759, 0.0 ], [ -99.85495545429643, 16.805845138042855, 0.0 ], [ -99.855172670248123, 16.805876107096818, 0.0 ], [ -99.85530167259958, 16.805928687758747, 0.0 ], [ -99.855452794676253, 16.805988260649766, 0.0 ], [ -99.855673888504612, 16.806065244415603, 0.0 ], [ -99.855985447835806, 16.806210342833136, 0.0 ], [ -99.856177074478083, 16.806243905531908, 0.0 ], [ -99.856436790590919, 16.806264690663049, 0.0 ], [ -99.856724146467798, 16.806339060999054, 0.0 ], [ -99.856875585105684, 16.806435321732859, 0.0 ], [ -99.856955023121316, 16.806511116594773, 0.0 ], [ -99.857070381858193, 16.806579842785538, 0.0 ], [ -99.857285544657771, 16.806698450773006, 0.0 ], [ -99.85751474317648, 16.80678367232866, 0.0 ], [ -99.857679214789584, 16.806854797011333, 0.0 ], [ -99.857828563402975, 16.806882905321849, 0.0 ], [ -99.858132208700056, 16.806929518082821, 0.0 ], [ -99.858231900347519, 16.80697697530729, 0.0 ], [ -99.858455889992911, 16.807009559543587, 0.0 ], [ -99.858680072093264, 16.807050155840045, 0.0 ], [ -99.859007107857337, 16.807098063624775, 0.0 ], [ -99.859329626326783, 16.807217543954607, 0.0 ], [ -99.859543941065624, 16.807269097590957, 0.0 ], [ -99.859653109768772, 16.807309853966665, 0.0 ], [ -99.859764858626932, 16.807367902506879, 0.0 ], [ -99.859814944569621, 16.807382508396181, 0.0 ], [ -99.859834320463051, 16.807412052924057, 0.0 ], [ -99.859838286473234, 16.807437958794928, 0.0 ], [ -99.859846113273079, 16.807467552785454, 0.0 ], [ -99.859873132504731, 16.807485957411011, 0.0 ], [ -99.859896349402618, 16.807515483053233, 0.0 ], [ -99.85989268196721, 16.807556234033083, 0.0 ], [ -99.859942869533313, 16.807593058572927, 0.0 ], [ -99.859996773997409, 16.80760023876001, 0.0 ], [ -99.860069977912758, 16.807622157037031, 0.0 ], [ -99.860143090097097, 16.807621853066106, 0.0 ], [ -99.860208644379099, 16.807654906748546, 0.0 ], [ -99.860305325995569, 16.807761896394535, 0.0 ], [ -99.860382598443678, 16.807831936494832, 0.0 ], [ -99.860467561893984, 16.807901944219395, 0.0 ], [ -99.860591527142901, 16.808066047110508, 0.0 ], [ -99.860635786378111, 16.808094180601927, 0.0 ], [ -99.860680162525057, 16.80814779908172, 0.0 ], [ -99.860715854818409, 16.808232604251373, 0.0 ], [ -99.860698558157537, 16.808311963126751, 0.0 ], [ -99.860660643639335, 16.808385748903159, 0.0 ], [ -99.860616924896775, 16.808479377321472, 0.0 ], [ -99.860597037288926, 16.808635204650951, 0.0 ], [ -99.860587325510267, 16.808721013464037, 0.0 ], [ -99.860593430108338, 16.808819113311525, 0.0 ], [ -99.860633354611139, 16.808878918227595, 0.0 ], [ -99.860712875364413, 16.808927649791254, 0.0 ], [ -99.860803730273403, 16.808976338187506, 0.0 ], [ -99.860798582554025, 16.809090843467793, 0.0 ], [ -99.860832910575937, 16.809167023239638, 0.0 ], [ -99.860889700065172, 16.809199498658067, 0.0 ], [ -99.860935975580404, 16.809411918525363, 0.0 ], [ -99.861076313886372, 16.809625439162794, 0.0 ], [ -99.861225586057415, 16.809677407386456, 0.0 ], [ -99.861294960659507, 16.809638873235482, 0.0 ], [ -99.861374312340274, 16.809609857508978, 0.0 ], [ -99.861449041505523, 16.80965735610209, 0.0 ], [ -99.861749700154178, 16.810229753900042, 0.0 ], [ -99.861793212052703, 16.810171646004843, 0.0 ], [ -99.861793045678155, 16.810134780995494, 0.0 ], [ -99.861841961602877, 16.810060849528664, 0.0 ], [ -99.861891020519806, 16.810018513943362, 0.0 ], [ -99.86202767430332, 16.809986348791028, 0.0 ], [ -99.86207131300614, 16.809954570347312, 0.0 ], [ -99.862158668653251, 16.809912074682529, 0.0 ], [ -99.862295418664303, 16.809900975249885, 0.0 ], [ -99.862377520471682, 16.809905899038199, 0.0 ], [ -99.862454036590009, 16.809884514958465, 0.0 ], [ -99.862580841897966, 16.809806362973287, 0.0 ], [ -99.86264875959813, 16.809796736630176, 0.0 ], [ -99.86275557747355, 16.809800963443763, 0.0 ], [ -99.862809061054861, 16.809819430122786, 0.0 ], [ -99.862897185622231, 16.809887162562518, 0.0 ], [ -99.862945162654626, 16.809918617250439, 0.0 ], [ -99.862987148403704, 16.809947214792196, 0.0 ], [ -99.863020284823904, 16.810001744285156, 0.0 ], [ -99.863050322180243, 16.810033269120137, 0.0 ], [ -99.863128043390077, 16.810030067533773, 0.0 ], [ -99.86316687791475, 16.810024153591879, 0.0 ], [ -99.86321775975739, 16.810035444580134, 0.0 ], [ -99.863292473634317, 16.810029374156326, 0.0 ], [ -99.863367284638059, 16.810043445848404, 0.0 ], [ -99.863442078554613, 16.810076719864867, 0.0 ], [ -99.863500636110928, 16.810122418015332, 0.0 ], [ -99.863585522219751, 16.810124611461671, 0.0 ], [ -99.863649245481781, 16.810139658918274, 0.0 ], [ -99.86369972173037, 16.810157312609924, 0.0 ], [ -99.863726488252439, 16.810210807882527, 0.0 ], [ -99.86373470355926, 16.810266927376968, 0.0 ], [ -99.863795856559079, 16.810299853355726, 0.0 ], [ -99.863868540666203, 16.81032548313453, 0.0 ], [ -99.863914458251315, 16.810284088240106, 0.0 ], [ -99.863976831631078, 16.810239453088343, 0.0 ], [ -99.864052461017764, 16.810213778343375, 0.0 ], [ -99.864138069282035, 16.810210244007692, 0.0 ], [ -99.864230405374542, 16.81023837929785, 0.0 ], [ -99.864335887756624, 16.810260116810976, 0.0 ], [ -99.864385560011101, 16.810320125873258, 0.0 ], [ -99.864435032616257, 16.810335763284964, 0.0 ], [ -99.864589972314832, 16.8103699716969, 0.0 ], [ -99.864702096190456, 16.810404360872663, 0.0 ], [ -99.864810687528859, 16.810384882456443, 0.0 ], [ -99.864879752763954, 16.810365575810746, 0.0 ], [ -99.864954165368033, 16.810377253507621, 0.0 ], [ -99.864992955825812, 16.810431048254426, 0.0 ], [ -99.865063082261088, 16.810440868851174, 0.0 ], [ -99.865136668388118, 16.810440557685684, 0.0 ], [ -99.86519265028619, 16.810420085518608, 0.0 ], [ -99.865238077740685, 16.8103929152009, 0.0 ], [ -99.865304597894408, 16.810379143882415, 0.0 ], [ -99.865416759541404, 16.810385411257805, 0.0 ], [ -99.865541627709604, 16.810395306498375, 0.0 ], [ -99.865590296320704, 16.810374363985762, 0.0 ], [ -99.865637794913937, 16.81034469355291, 0.0 ], [ -99.865660375991126, 16.810322770779404, 0.0 ], [ -99.865689734359364, 16.8102953621414, 0.0 ], [ -99.865698652036841, 16.810261493673174, 0.0 ], [ -99.865709725389081, 16.810202512536076, 0.0 ], [ -99.865694885675907, 16.810180748043084, 0.0 ], [ -99.865672105848546, 16.810159017724569, 0.0 ], [ -99.865635819103375, 16.810160262386372, 0.0 ], [ -99.865604042458131, 16.810154940198515, 0.0 ], [ -99.865609096648086, 16.810136324231962, 0.0 ], [ -99.865619223913541, 16.810103327206939, 0.0 ], [ -99.865684331232558, 16.810112936462925, 0.0 ], [ -99.86570824060847, 16.81009965167771, 0.0 ], [ -99.865711409819312, 16.810043615820348, 0.0 ], [ -99.865683897759197, 16.81001736730763, 0.0 ], [ -99.865622273514646, 16.810020922327734, 0.0 ], [ -99.86557781822728, 16.810034295246503, 0.0 ], [ -99.865547114473316, 16.810060789274132, 0.0 ], [ -99.865540089868787, 16.810021271264809, 0.0 ], [ -99.865543227603382, 16.809958642477511, 0.0 ], [ -99.865515835153246, 16.809958758489927, 0.0 ], [ -99.865512112859392, 16.809892861566475, 0.0 ], [ -99.865563072043813, 16.809803664107793, 0.0 ], [ -99.865573013149628, 16.809731119395732, 0.0 ], [ -99.865583110737532, 16.809691530339929, 0.0 ], [ -99.865644658539679, 16.809671495243322, 0.0 ], [ -99.86572339778219, 16.809667866478829, 0.0 ], [ -99.865830712982529, 16.809652633762084, 0.0 ], [ -99.865900411340476, 16.80961432803883, 0.0 ], [ -99.865997501249296, 16.809587604684275, 0.0 ], [ -99.866106669952458, 16.809543285194533, 0.0 ], [ -99.866167198822723, 16.809493326955593, 0.0 ], [ -99.866206484807037, 16.809446381445518, 0.0 ], [ -99.866303295926002, 16.809358260475442, 0.0 ], [ -99.866391178575611, 16.809311110819181, 0.0 ], [ -99.866436616822, 16.809281682303894, 0.0 ], [ -99.866515588988875, 16.809278424959466, 0.0 ], [ -99.866527672279858, 16.809263750721637, 0.0 ], [ -99.866506261220593, 16.809231682696062, 0.0 ], [ -99.86645135581108, 16.809182211889606, 0.0 ], [ -99.866420775264146, 16.809138487751166, 0.0 ], [ -99.866381153832776, 16.809109421662583, 0.0 ], [ -99.866332389893387, 16.809074541457043, 0.0 ], [ -99.866278048358822, 16.809023791814692, 0.0 ], [ -99.866252208138462, 16.8089913685568, 0.0 ], [ -99.866211498527434, 16.808960304174828, 0.0 ], [ -99.866183019696109, 16.808942205318537, 0.0 ], [ -99.866153209868344, 16.80892931803367, 0.0 ], [ -99.86613018542522, 16.808921606347095, 0.0 ], [ -99.866111339232532, 16.808941207970346, 0.0 ], [ -99.866077636239481, 16.808963473385688, 0.0 ], [ -99.866058782852008, 16.808981775488633, 0.0 ], [ -99.865999501341506, 16.808993094355849, 0.0 ], [ -99.865978334897875, 16.808948791054029, 0.0 ], [ -99.865961372784739, 16.808908501426227, 0.0 ], [ -99.865927768717086, 16.808896537745163, 0.0 ], [ -99.865889978305518, 16.808884590251687, 0.0 ], [ -99.865858379726035, 16.808852434991877, 0.0 ], [ -99.86583309079009, 16.808824289809195, 0.0 ], [ -99.865795218540029, 16.80879619768643, 0.0 ], [ -99.865755303929745, 16.808780223028915, 0.0 ], [ -99.865694498068251, 16.808780481134416, 0.0 ], [ -99.865574963779125, 16.808776953094025, 0.0 ], [ -99.865543529775664, 16.808781120552396, 0.0 ], [ -99.865516070775698, 16.808736843330674, 0.0 ], [ -99.865503295006533, 16.808694521235338, 0.0 ], [ -99.865467472311593, 16.808654313445857, 0.0 ], [ -99.865442205858756, 16.808632222499224, 0.0 ], [ -99.865398075226608, 16.808610210692795, 0.0 ], [ -99.865368638617269, 16.808592173889792, 0.0 ], [ -99.865328679040942, 16.808566107939495, 0.0 ], [ -99.865280796437162, 16.808547085479628, 0.0 ], [ -99.865285740010563, 16.808502484502128, 0.0 ], [ -99.865275256613359, 16.808460419612796, 0.0 ], [ -99.865275076749015, 16.808420791886078, 0.0 ], [ -99.865316094827506, 16.808385944056226, 0.0 ], [ -99.86531085897451, 16.808366149977868, 0.0 ], [ -99.865326082698061, 16.808319029100005, 0.0 ], [ -99.865333671177609, 16.808289270533521, 0.0 ], [ -99.865333525487472, 16.808257074804256, 0.0 ], [ -99.86534881666006, 16.808224810726468, 0.0 ], [ -99.865356438414494, 16.808202486855347, 0.0 ], [ -99.865366614243442, 16.808175196028511, 0.0 ], [ -99.86539478460719, 16.808145355623708, 0.0 ], [ -99.865428267266338, 16.808150169694606, 0.0 ], [ -99.865492624550654, 16.808154847968009, 0.0 ], [ -99.865546599161803, 16.80813976094128, 0.0 ], [ -99.865569688356004, 16.808122324885463, 0.0 ], [ -99.865587490435928, 16.808075189618418, 0.0 ], [ -99.865607914938778, 16.808040425425474, 0.0 ], [ -99.865638640276643, 16.808005621662225, 0.0 ], [ -99.865664208901705, 16.807968361850445, 0.0 ], [ -99.865687145211211, 16.807918728266827, 0.0 ], [ -99.865762420265128, 16.807896336047175, 0.0 ], [ -99.865780583872436, 16.80789300315962, 0.0 ], [ -99.86579112482616, 16.80788685899142, 0.0 ], [ -99.865778416506316, 16.807880809252026, 0.0 ], [ -99.865759794244752, 16.807877225453694, 0.0 ], [ -99.86575932300002, 16.807865835539982, 0.0 ], [ -99.865768160637742, 16.807857254208951, 0.0 ], [ -99.865781665756913, 16.807852313333676, 0.0 ], [ -99.865786183051512, 16.807849248444192, 0.0 ], [ -99.865783395153073, 16.807842195960628, 0.0 ], [ -99.865779700738187, 16.807836916041023, 0.0 ], [ -99.865785113757511, 16.807816585966687, 0.0 ], [ -99.865808959281651, 16.807815603907098, 0.0 ], [ -99.865818102688763, 16.807808501061455, 0.0 ], [ -99.865827233505684, 16.807798749712614, 0.0 ], [ -99.865822609191582, 16.807789941752564, 0.0 ], [ -99.865808836074507, 16.807788233040636, 0.0 ], [ -99.86580147422427, 16.807782083476408, 0.0 ], [ -99.865802334875468, 16.807770604529871, 0.0 ], [ -99.865818783475675, 16.807755526496461, 0.0 ], [ -99.865837171014277, 16.80776516003419, 0.0 ], [ -99.865836305866324, 16.807775755846585, 0.0 ], [ -99.865848313614322, 16.807794245907814, 0.0 ], [ -99.865863861993205, 16.807783588042291, 0.0 ], [ -99.865873071950261, 16.807791492183636, 0.0 ], [ -99.8658804625789, 16.807803820989701, 0.0 ], [ -99.865887810939228, 16.80780555758048, 0.0 ], [ -99.865899710768588, 16.807800207513594, 0.0 ], [ -99.865918904999091, 16.807784233755459, 0.0 ], [ -99.86593266732433, 16.807785060232437, 0.0 ], [ -99.865933657477868, 16.807800063622093, 0.0 ], [ -99.865917192689835, 16.807811613615055, 0.0 ], [ -99.865899879841209, 16.807837290158997, 0.0 ], [ -99.865901759424275, 16.807846993843775, 0.0 ], [ -99.865935700737566, 16.807845966818032, 0.0 ], [ -99.865955001088025, 16.807853833188002, 0.0 ], [ -99.865963622888387, 16.807873745077359, 0.0 ], [ -99.865953785204567, 16.807891140663685, 0.0 ], [ -99.865968238209234, 16.807897151732273, 0.0 ], [ -99.865973686302198, 16.807905807706902, 0.0 ], [ -99.865990856158703, 16.807914414218825, 0.0 ], [ -99.866001667808291, 16.807911761218861, 0.0 ], [ -99.866019673134986, 16.807906482198458, 0.0 ], [ -99.866032282529488, 16.807902089010266, 0.0 ], [ -99.866037663173245, 16.807895993405506, 0.0 ], [ -99.866046653695662, 16.807889878914921, 0.0 ], [ -99.866060219968745, 16.807900232809569, 0.0 ], [ -99.866064805611927, 16.807916702993506, 0.0 ], [ -99.86607299214046, 16.807933156989744, 0.0 ], [ -99.866109891324072, 16.807948365424746, 0.0 ], [ -99.866125624963274, 16.807962304017273, 0.0 ], [ -99.866138041003353, 16.807984877899965, 0.0 ], [ -99.866145861507846, 16.80798161156218, 0.0 ], [ -99.866152530880129, 16.807970810704369, 0.0 ], [ -99.866166788731903, 16.807969651478398, 0.0 ], [ -99.866186340892511, 16.807992035604052, 0.0 ], [ -99.866192328578677, 16.808023839228891, 0.0 ], [ -99.866202187846284, 16.80805375337809, 0.0 ], [ -99.866219675163393, 16.808048066065396, 0.0 ], [ -99.866231301598759, 16.808038652861679, 0.0 ], [ -99.86625660492399, 16.8080404164321, 0.0 ], [ -99.866268189990478, 16.808021648480292, 0.0 ], [ -99.866246637737746, 16.807988032721596, 0.0 ], [ -99.866213380808517, 16.80794698496549, 0.0 ], [ -99.866205445190772, 16.807913317945342, 0.0 ], [ -99.866193581334187, 16.80787217845835, 0.0 ], [ -99.866207045983913, 16.80783841880816, 0.0 ], [ -99.866222559289156, 16.807827117927214, 0.0 ], [ -99.866234407857121, 16.807864515335208, 0.0 ], [ -99.866267654893932, 16.80790369430019, 0.0 ], [ -99.866324284303857, 16.807950261195622, 0.0 ], [ -99.866361351660728, 16.807972569778308, 0.0 ], [ -99.866392592309865, 16.807998650117604, 0.0 ], [ -99.866439448787048, 16.808034027648372, 0.0 ], [ -99.866529763203459, 16.808083958008346, 0.0 ], [ -99.866568499702112, 16.808104714361264, 0.0 ], [ -99.866609676061216, 16.808127790065608, 0.0 ], [ -99.866675136813683, 16.808180978669323, 0.0 ], [ -99.866708240858259, 16.808185177603889, 0.0 ], [ -99.866763589633493, 16.808210256997938, 0.0 ], [ -99.8668268551408, 16.80824036450127, 0.0 ], [ -99.866861176867417, 16.808268064519726, 0.0 ], [ -99.866885028686625, 16.808308465663288, 0.0 ], [ -99.866914101070392, 16.808338717058291, 0.0 ], [ -99.866966813932947, 16.808363808143213, 0.0 ], [ -99.867027313125618, 16.808363550937258, 0.0 ], [ -99.867066662062257, 16.808340599339253, 0.0 ], [ -99.867129954549355, 16.808378303416131, 0.0 ], [ -99.867177508001191, 16.808423665220001, 0.0 ], [ -99.867201036064557, 16.80847008282808, 0.0 ], [ -99.867198336299793, 16.808508903863014, 0.0 ], [ -99.867198549439081, 16.808556031935488, 0.0 ], [ -99.867270613013943, 16.808566815706005, 0.0 ], [ -99.867310916131487, 16.808561100514446, 0.0 ], [ -99.867339616195864, 16.808538799126318, 0.0 ], [ -99.86730767947131, 16.808483490820493, 0.0 ], [ -99.867371080776422, 16.808488766243613, 0.0 ], [ -99.867411413571347, 16.808491365284446, 0.0 ], [ -99.867445831525458, 16.808457953671738, 0.0 ], [ -99.867471578216282, 16.808419032812136, 0.0 ], [ -99.867471428029489, 16.808385766889668, 0.0 ], [ -99.867500197341826, 16.808377325853026, 0.0 ], [ -99.867517654082064, 16.808416065948787, 0.0 ], [ -99.867572434485851, 16.808426922564479, 0.0 ], [ -99.867598460865736, 16.808448988330213, 0.0 ], [ -99.867632990335778, 16.808440525709727, 0.0 ], [ -99.867659818011759, 16.808413293338894, 0.0 ], [ -99.867671165657441, 16.808388440574046, 0.0 ], [ -99.86771394820579, 16.808349667203398, 0.0 ], [ -99.867730966976183, 16.808313766267357, 0.0 ], [ -99.867753742306945, 16.808283346699106, 0.0 ], [ -99.867785248256155, 16.808283213599559, 0.0 ], [ -99.867811120852139, 16.808305156158099, 0.0 ], [ -99.867825493817122, 16.808316120692435, 0.0 ], [ -99.867865651244358, 16.808329730132922, 0.0 ], [ -99.867888581258512, 16.808335146749805, 0.0 ], [ -99.867954408934452, 16.808323843170911, 0.0 ], [ -99.867963124264236, 16.808351368720757, 0.0 ], [ -99.868008994185232, 16.808362198356807, 0.0 ], [ -99.86803771133691, 16.808378615480823, 0.0 ], [ -99.868057956874793, 16.808422631899017, 0.0 ], [ -99.86809809002051, 16.808430727596139, 0.0 ], [ -99.868135386704353, 16.808444352325008, 0.0 ], [ -99.868170187769522, 16.808444128393944, 0.0 ], [ -99.868171470202697, 16.808421426807566, 0.0 ], [ -99.868176903007281, 16.808395592882324, 0.0 ], [ -99.868192499050167, 16.808367937830212, 0.0 ], [ -99.868200290776372, 16.808353664690053, 0.0 ], [ -99.868217369801414, 16.808346916177356, 0.0 ], [ -99.868223833228853, 16.808345107640712, 0.0 ], [ -99.868241433860646, 16.808351263500008, 0.0 ], [ -99.868247565438423, 16.808377047962434, 0.0 ], [ -99.868242784642291, 16.808401275698316, 0.0 ], [ -99.868262868302338, 16.808403260502132, 0.0 ], [ -99.868263621934204, 16.808410845384333, 0.0 ], [ -99.868247216501459, 16.808435226004917, 0.0 ], [ -99.868245924175653, 16.808464046578532, 0.0 ], [ -99.868250245418096, 16.808473627955653, 0.0 ], [ -99.868265207438867, 16.808472880619082, 0.0 ], [ -99.868270943314997, 16.808479031981847, 0.0 ], [ -99.868273127768248, 16.808489998314766, 0.0 ], [ -99.868286101387923, 16.808521554626111, 0.0 ], [ -99.868302523907914, 16.80853198856056, 0.0 ], [ -99.868310687054077, 16.808526704144064, 0.0 ], [ -99.868331133140828, 16.808522676080713, 0.0 ], [ -99.868342076091551, 16.808529195266257, 0.0 ], [ -99.868361237047054, 16.808540931418914, 0.0 ], [ -99.868388530571849, 16.808542132013937, 0.0 ], [ -99.868411769952843, 16.808551225058974, 0.0 ], [ -99.868425492707956, 16.808569549645085, 0.0 ], [ -99.868428321974989, 16.808591861825104, 0.0 ], [ -99.868451584738352, 16.80860620960885, 0.0 ], [ -99.868473467042406, 16.80861662016093, 0.0 ], [ -99.868503010670906, 16.808635031981275, 0.0 ], [ -99.868522625784124, 16.808652305259727, 0.0 ], [ -99.868539164316587, 16.808652235112611, 0.0 ], [ -99.86856523386399, 16.808646479451621, 0.0 ], [ -99.868571851075671, 16.808651890672248, 0.0 ], [ -99.868568135976261, 16.808663691576157, 0.0 ], [ -99.868550308715442, 16.808678265989268, 0.0 ], [ -99.868560695884867, 16.808684566639609, 0.0 ], [ -99.868580444997193, 16.808677231768961, 0.0 ], [ -99.86858891661069, 16.808677195796118, 0.0 ], [ -99.86860965048055, 16.808678921594996, 0.0 ], [ -99.868618196737998, 16.80869520202214, 0.0 ], [ -99.868602365971867, 16.808734242491479, 0.0 ], [ -99.868616595944729, 16.808756841555063, 0.0 ], [ -99.868636338761519, 16.808769573257162, 0.0 ], [ -99.868670917694146, 16.808753632773914, 0.0 ], [ -99.868656439508641, 16.808778265204808, 0.0 ], [ -99.868638302880981, 16.808799400172344, 0.0 ], [ -99.868660222956407, 16.808808085824516, 0.0 ], [ -99.868678413543421, 16.808797477421646, 0.0 ], [ -99.868704012745468, 16.808813166094804, 0.0 ], [ -99.868738630349071, 16.808805996699558, 0.0 ], [ -99.868778852527669, 16.808828640729356, 0.0 ], [ -99.868795375771583, 16.808853140060421, 0.0 ], [ -99.868853789436344, 16.808865180183993, 0.0 ], [ -99.868875739189662, 16.808879126870295, 0.0 ], [ -99.868879189888219, 16.808914786787962, 0.0 ], [ -99.868844163992435, 16.80893425351308, 0.0 ], [ -99.868869413358311, 16.808970356796635, 0.0 ], [ -99.868877098964617, 16.809006540119864, 0.0 ], [ -99.868872274101776, 16.809047600466439, 0.0 ], [ -99.868882369890969, 16.809062042679209, 0.0 ], [ -99.868917525289135, 16.809069136531427, 0.0 ], [ -99.868925031030926, 16.809064276595166, 0.0 ], [ -99.868950236329908, 16.809090725656631, 0.0 ], [ -99.868975453320104, 16.809119590296852, 0.0 ], [ -99.869000517425548, 16.809114654817506, 0.0 ], [ -99.869043138995323, 16.809109644694495, 0.0 ], [ -99.869048255238411, 16.809131354328592, 0.0 ], [ -99.869057931044324, 16.809162343167657, 0.0 ], [ -99.869096261948528, 16.809195580311894, 0.0 ], [ -99.869207624997557, 16.809261911608072, 0.0 ], [ -99.869235530061246, 16.809291855434871, 0.0 ], [ -99.869259836038168, 16.809295092994258, 0.0 ], [ -99.869291130646673, 16.80930831842425, 0.0 ], [ -99.869319004234114, 16.809331581187678, 0.0 ], [ -99.869326177226924, 16.809381651841818, 0.0 ], [ -99.869364483849324, 16.809411551601951, 0.0 ], [ -99.869411852040798, 16.809430800691075, 0.0 ], [ -99.869438155412013, 16.80944331835456, 0.0 ], [ -99.869433925001147, 16.809474913336658, 0.0 ], [ -99.869403447876323, 16.809506619834735, 0.0 ], [ -99.869427582982155, 16.80952335801657, 0.0 ], [ -99.869462595388143, 16.809525314042158, 0.0 ], [ -99.869464821210158, 16.809533723602495, 0.0 ], [ -99.869464946215942, 16.809561090871622, 0.0 ], [ -99.869497705820038, 16.809550424912345, 0.0 ], [ -99.869519539560713, 16.809541912829047, 0.0 ], [ -99.869539282377616, 16.809554461069695, 0.0 ], [ -99.869561241123961, 16.809573314456998, 0.0 ], [ -99.869581114342509, 16.809613224570793, 0.0 ], [ -99.869579098961822, 16.809651125599029, 0.0 ], [ -99.869567564257295, 16.809711978225266, 0.0 ], [ -99.869555612267277, 16.809747013114244, 0.0 ], [ -99.869582386883224, 16.809772552061698, 0.0 ], [ -99.869606713544556, 16.80979343881625, 0.0 ], [ -99.869631168808951, 16.809842312472874, 0.0 ], [ -99.869578297665839, 16.809940486963963, 0.0 ], [ -99.869595359603636, 16.80996140339613, 0.0 ], [ -99.869624373531622, 16.809947289435964, 0.0 ], [ -99.869665677594469, 16.809970434388045, 0.0 ], [ -99.869646397928534, 16.809993838345065, 0.0 ], [ -99.86961497831426, 16.810012631477768, 0.0 ], [ -99.869578669085911, 16.810022111231486, 0.0 ], [ -99.86954477723522, 16.810029254546578, 0.0 ], [ -99.869520663713274, 16.810055010230595, 0.0 ], [ -99.869506389673631, 16.810113373533397, 0.0 ], [ -99.869511891725892, 16.810234240617714, 0.0 ], [ -99.869552475431988, 16.810311507670054, 0.0 ], [ -99.869576103320071, 16.810346899589828, 0.0 ], [ -99.869646617363003, 16.810369184790197, 0.0 ], [ -99.869716930857251, 16.810349527408842, 0.0 ], [ -99.86973710984536, 16.810362348143936, 0.0 ], [ -99.869784265796852, 16.810410547308948, 0.0 ], [ -99.869774396636672, 16.810452535755982, 0.0 ], [ -99.869893760054595, 16.810518839173135, 0.0 ], [ -99.869949343552832, 16.810571864999694, 0.0 ], [ -99.870073944622462, 16.810589087016918, 0.0 ], [ -99.870143004461568, 16.810562164012818, 0.0 ], [ -99.870216832506287, 16.81057072825655, 0.0 ], [ -99.870290742389386, 16.810597044218241, 0.0 ], [ -99.870346371753271, 16.810658948151907, 0.0 ], [ -99.870383464291024, 16.810703171414332, 0.0 ], [ -99.870441243933897, 16.810756700861127, 0.0 ], [ -99.870527488918015, 16.810827215803492, 0.0 ], [ -99.870535956035042, 16.810890180937228, 0.0 ], [ -99.870593469478649, 16.810941124833047, 0.0 ], [ -99.870716610049101, 16.811027228623857, 0.0 ], [ -99.870798837761754, 16.811113505983656, 0.0 ], [ -99.870905161909221, 16.811260289730626, 0.0 ], [ -99.870940212986113, 16.811293727423557, 0.0 ], [ -99.870977243470463, 16.811309377425911, 0.0 ], [ -99.871026605459065, 16.811328925089867, 0.0 ], [ -99.871045166566773, 16.811348603155629, 0.0 ], [ -99.871090406962196, 16.811364218084343, 0.0 ], [ -99.87111502410454, 16.811360160343153, 0.0 ], [ -99.871238475840585, 16.811418909455252, 0.0 ], [ -99.871293977500684, 16.811434482115715, 0.0 ], [ -99.871368901818983, 16.811428988157385, 0.0 ], [ -99.871395782554828, 16.811416909363054, 0.0 ], [ -99.87139881866608, 16.811400941899986, 0.0 ], [ -99.87138526858088, 16.81138304898866, 0.0 ], [ -99.871387246190068, 16.811363099327703, 0.0 ], [ -99.871399574096642, 16.811340114454872, 0.0 ], [ -99.871419186511844, 16.811324078643391, 0.0 ], [ -99.871429598862449, 16.811334002662189, 0.0 ], [ -99.871441069715047, 16.811350904520737, 0.0 ], [ -99.871469097086674, 16.811361753042483, 0.0 ], [ -99.871487842555496, 16.811382612817397, 0.0 ], [ -99.871502416968553, 16.811398508334602, 0.0 ], [ -99.871503591483076, 16.811429414435953, 0.0 ], [ -99.871508822839544, 16.811456112609552, 0.0 ], [ -99.871522330656489, 16.811494560425725, 0.0 ], [ -99.871497932049579, 16.811505358585578, 0.0 ], [ -99.871518045387063, 16.811528802112715, 0.0 ], [ -99.871511535194657, 16.811563051893298, 0.0 ], [ -99.871564874884541, 16.811562825264275, 0.0 ], [ -99.871589440765604, 16.811588390292055, 0.0 ], [ -99.871618435807704, 16.811609657459819, 0.0 ], [ -99.871658472725869, 16.811615903251433, 0.0 ], [ -99.87167417758684, 16.811647922713572, 0.0 ], [ -99.871746052304047, 16.811702595198767, 0.0 ], [ -99.871778967490854, 16.811737690342284, 0.0 ], [ -99.871786845552094, 16.811774744209057, 0.0 ], [ -99.871783166425473, 16.811813702840254, 0.0 ], [ -99.87185087188584, 16.811870902420246, 0.0 ], [ -99.871908352953767, 16.811901476671835, 0.0 ], [ -99.871946778286713, 16.8119013129953, 0.0 ], [ -99.871978715910643, 16.8118826871364, 0.0 ], [ -99.872017020734461, 16.811855818990967, 0.0 ], [ -99.872044546284428, 16.811806395848635, 0.0 ], [ -99.872080780868998, 16.811793912359345, 0.0 ], [ -99.872087364805679, 16.811832919553634, 0.0 ], [ -99.872074734726709, 16.811872007687032, 0.0 ], [ -99.87207494067161, 16.811917206713812, 0.0 ], [ -99.872098526291552, 16.811939702355403, 0.0 ], [ -99.872134957827654, 16.811970368337882, 0.0 ], [ -99.872141038143866, 16.81199441081344, 0.0 ], [ -99.872200293574338, 16.811997327314828, 0.0 ], [ -99.872249743696273, 16.812016119548325, 0.0 ], [ -99.87227934668006, 16.812012828929021, 0.0 ], [ -99.872319060741631, 16.812060167442944, 0.0 ], [ -99.872358695662854, 16.812091671593521, 0.0 ], [ -99.872398155216331, 16.812085166796972, 0.0 ], [ -99.872408158375436, 16.812113632138562, 0.0 ], [ -99.872431199006257, 16.81211353411242, 0.0 ], [ -99.872474071486749, 16.812132354224843, 0.0 ], [ -99.872503833650569, 16.812163900643611, 0.0 ], [ -99.87254009341622, 16.812176412011919, 0.0 ], [ -99.872550153232453, 16.812217544304357, 0.0 ], [ -99.872599732857054, 16.812264843247927, 0.0 ], [ -99.872621781535543, 16.812254184483034, 0.0 ], [ -99.872645090164383, 16.812265274023158, 0.0 ], [ -99.872661843634717, 16.812297171177583, 0.0 ], [ -99.872683416571931, 16.812293884155388, 0.0 ], [ -99.87270491666419, 16.812273013588822, 0.0 ], [ -99.872716672601953, 16.812301735236986, 0.0 ], [ -99.872717117766399, 16.812327092521397, 0.0 ], [ -99.87271984900741, 16.812364042066857, 0.0 ], [ -99.872776267076631, 16.812383516885969, 0.0 ], [ -99.87281656389888, 16.812381278473307, 0.0 ], [ -99.872852416271598, 16.81240787052684, 0.0 ], [ -99.872880398676955, 16.812449781632207, 0.0 ], [ -99.872920105544097, 16.812449612559647, 0.0 ], [ -99.87294808705019, 16.812491521866203, 0.0 ], [ -99.873019720748971, 16.812529425592629, 0.0 ], [ -99.873206795023179, 16.812631790025076, 0.0 ], [ -99.873242402780249, 16.812604894000685, 0.0 ], [ -99.873280891965081, 16.81258415473507, 0.0 ], [ -99.873335385485291, 16.812597021335652, 0.0 ], [ -99.873383174559308, 16.812629561505158, 0.0 ], [ -99.873430881795343, 16.812645729516984, 0.0 ], [ -99.873509134504459, 16.812645394969078, 0.0 ], [ -99.873577154727514, 16.812638558322814, 0.0 ], [ -99.873617948874823, 16.812631837689192, 0.0 ], [ -99.873686044640877, 16.812641369603618, 0.0 ], [ -99.873750762553129, 16.812657463870892, 0.0 ], [ -99.873791727571813, 16.812686758387191, 0.0 ], [ -99.873832723167254, 16.812722602666035, 0.0 ], [ -99.873880444792292, 16.812742046008619, 0.0 ], [ -99.87394457724605, 16.812736591620588, 0.0 ], [ -99.873966305765919, 16.812731264036699, 0.0 ], [ -99.873979917005158, 16.812736440534305, 0.0 ], [ -99.873978735295964, 16.812774377535611, 0.0 ], [ -99.873988379625644, 16.81280311717029, 0.0 ], [ -99.874008852691873, 16.812821344629469, 0.0 ], [ -99.874029332053681, 16.812840876105604, 0.0 ], [ -99.874070175663576, 16.81285509258856, 0.0 ], [ -99.874112362860842, 16.812866684849727, 0.0 ], [ -99.874132698330982, 16.812854827288614, 0.0 ], [ -99.874150332237662, 16.812846903362008, 0.0 ], [ -99.874189765710696, 16.81285065803149, 0.0 ], [ -99.874203421016659, 16.812863682912731, 0.0 ], [ -99.874214482677814, 16.812904185679763, 0.0 ], [ -99.874231100350599, 16.812932665410298, 0.0 ], [ -99.874260810353633, 16.812961008443832, 0.0 ], [ -99.874310285656804, 16.812998753889527, 0.0 ], [ -99.874349775787095, 16.813008075362571, 0.0 ], [ -99.874422181104379, 16.813029907304493, 0.0 ], [ -99.874448589696328, 16.813055100912209, 0.0 ], [ -99.874475106206717, 16.813102437627375, 0.0 ], [ -99.874540871829367, 16.813108481970907, 0.0 ], [ -99.874577136990808, 16.813133633310596, 0.0 ], [ -99.874626613193243, 16.813171378756284, 0.0 ], [ -99.874705684285459, 16.813212161212274, 0.0 ], [ -99.87472072634597, 16.813266442492356, 0.0 ], [ -99.8747834162873, 16.813310388763512, 0.0 ], [ -99.874831287199754, 16.813331405919708, 0.0 ], [ -99.874873701925367, 16.813363058458432, 0.0 ], [ -99.874905325685802, 16.813446044299607, 0.0 ], [ -99.874939542191782, 16.813502922821726, 0.0 ], [ -99.8750256405865, 16.813547331344292, 0.0 ], [ -99.875101510092293, 16.813566143362891, 0.0 ], [ -99.875201552475289, 16.813634275101716, 0.0 ], [ -99.875301545395644, 16.813691435111764, 0.0 ], [ -99.875427148309711, 16.813740257506989, 0.0 ], [ -99.875532779080004, 16.813783683969913, 0.0 ], [ -99.875578339634274, 16.813778004751267, 0.0 ], [ -99.875613002203863, 16.813760431099013, 0.0 ], [ -99.875646878766076, 16.813749972883045, 0.0 ], [ -99.875684313046079, 16.81373606846477, 0.0 ], [ -99.875732474439815, 16.813725554490926, 0.0 ], [ -99.87574668013076, 16.813708308191956, 0.0 ], [ -99.875766209808262, 16.813684166790889, 0.0 ], [ -99.875773459243362, 16.813708193978066, 0.0 ], [ -99.875759348880422, 16.813746057234763, 0.0 ], [ -99.875780911925006, 16.813775177282647, 0.0 ], [ -99.875795370325662, 16.813812919131063, 0.0 ], [ -99.875834753436607, 16.813835090117379, 0.0 ], [ -99.875863258348318, 16.813821220772748, 0.0 ], [ -99.875909606708547, 16.813805559079295, 0.0 ], [ -99.875911561834585, 16.813841634483818, 0.0 ], [ -99.875919255534825, 16.813892193469997, 0.0 ], [ -99.876002987813195, 16.813957809805117, 0.0 ], [ -99.876345768008377, 16.814153630885521, 0.0 ], [ -99.876561652064254, 16.814550514294865, 0.0 ], [ -99.876592323442551, 16.814799011365434, 0.0 ], [ -99.876593281220607, 16.815034289301078, 0.0 ], [ -99.876368846410756, 16.815299680136203, 0.0 ], [ -99.875151783993147, 16.81600483045872, 0.0 ], [ -99.874074726233289, 16.816663769117721, 0.0 ], [ -99.873440771639935, 16.816903861124437, 0.0 ], [ -99.873061789235805, 16.816950229269704, 0.0 ], [ -99.872606855487618, 16.817117868295043, 0.0 ], [ -99.872233027098105, 16.817275587798235, 0.0 ], [ -99.871893975492242, 16.817719629857208, 0.0 ], [ -99.871661984578452, 16.817741298122598, 0.0 ], [ -99.871395458798872, 16.817730023321925, 0.0 ], [ -99.870897338706868, 16.817827272410735, 0.0 ], [ -99.870400665623833, 16.818193459260836, 0.0 ], [ -99.869963971026039, 16.818273278589057, 0.0 ], [ -99.869798325797717, 16.818409369396981, 0.0 ], [ -99.869582191730387, 16.818843250915446, 0.0 ], [ -99.86948811455045, 16.819096852537825, 0.0 ], [ -99.869581399427716, 16.819219534453953, 0.0 ], [ -99.869511701968975, 16.819361371030595, 0.0 ], [ -99.869519440635315, 16.819641824610581, 0.0 ], [ -99.869645556163107, 16.819996844578885, 0.0 ], [ -99.869804852177765, 16.820079032721193, 0.0 ], [ -99.869986115932022, 16.820081749573202, 0.0 ], [ -99.870308990533033, 16.820136192731294, 0.0 ], [ -99.870386767500804, 16.820341597886564, 0.0 ], [ -99.870506317078423, 16.820425408405978, 0.0 ], [ -99.87052653473728, 16.820474875615151, 0.0 ], [ -99.870408426773054, 16.820542715074328, 0.0 ], [ -99.87033645942563, 16.820603682813839, 0.0 ], [ -99.870310426750393, 16.82085270688702, 0.0 ], [ -99.870437071978813, 16.821023656316747, 0.0 ], [ -99.870604004137078, 16.821073019204558, 0.0 ], [ -99.870632720389381, 16.82114682746413, 0.0 ], [ -99.870511528649729, 16.8211824702949, 0.0 ], [ -99.870477470424589, 16.821326078535719, 0.0 ], [ -99.870362343712657, 16.821397100695606, 0.0 ], [ -99.870273009557309, 16.821349411446246, 0.0 ], [ -99.870083304766354, 16.821438834634584, 0.0 ], [ -99.869760096516828, 16.82156598618149, 0.0 ], [ -99.869647700146857, 16.821672230289202, 0.0 ], [ -99.86968128982528, 16.82187218825106, 0.0 ], [ -99.869688059921543, 16.821979934226754, 0.0 ], [ -99.86960282487604, 16.822175990029958, 0.0 ], [ -99.869670843300355, 16.822442271193836, 0.0 ], [ -99.869681550628627, 16.822790331308795, 0.0 ], [ -99.869907310139936, 16.822967812514715, 0.0 ], [ -99.870047522540801, 16.823096170951654, 0.0 ], [ -99.870155862968375, 16.823137891400616, 0.0 ], [ -99.870150976052344, 16.823250999134473, 0.0 ], [ -99.869900264850912, 16.823290379547526, 0.0 ], [ -99.869897310577926, 16.823439709275132, 0.0 ], [ -99.86974356967562, 16.823488771789354, 0.0 ], [ -99.869690399957562, 16.823745323188181, 0.0 ], [ -99.869382736489683, 16.824158093121579, 0.0 ], [ -99.86923860484336, 16.824358631146023, 0.0 ], [ -99.868858986618591, 16.824736868012167, 0.0 ], [ -99.868510785310093, 16.824945368633959, 0.0 ], [ -99.868335592878964, 16.825197251652014, 0.0 ], [ -99.867956709400232, 16.825972166882138, 0.0 ], [ -99.868040313974859, 16.826311692430806, 0.0 ], [ -99.868133708569417, 16.826494621729516, 0.0 ], [ -99.868377866410981, 16.826867852069824, 0.0 ], [ -99.86841902928029, 16.827032938819109, 0.0 ], [ -99.868324964690942, 16.827451351099054, 0.0 ], [ -99.868210628483325, 16.827855266307491, 0.0 ], [ -99.868074847042138, 16.827987079040494, 0.0 ], [ -99.868186768570069, 16.828161586188283, 0.0 ], [ -99.868104563340523, 16.828300671738639, 0.0 ], [ -99.867827088315039, 16.828588390941597, 0.0 ], [ -99.867741817296633, 16.828663819779532, 0.0 ], [ -99.867440726973541, 16.828813027199427, 0.0 ], [ -99.867130680302182, 16.828880286596071, 0.0 ], [ -99.867083794147447, 16.828805193205195, 0.0 ], [ -99.867042624083467, 16.828797946468107, 0.0 ], [ -99.867000347853264, 16.828830284290287, 0.0 ], [ -99.866967663792138, 16.828869367927098, 0.0 ], [ -99.866970467878446, 16.828877872815603, 0.0 ], [ -99.866970478670225, 16.828877905191291, 0.0 ], [ -99.867011545312153, 16.829002437012946, 0.0 ], [ -99.866924298483184, 16.829187783689292, 0.0 ], [ -99.866761946572183, 16.829313254403299, 0.0 ], [ -99.866689270558936, 16.829286709114452, 0.0 ], [ -99.86666350947894, 16.829223550626409, 0.0 ], [ -99.866596813957301, 16.829194719261064, 0.0 ], [ -99.866423618920408, 16.829253681512284, 0.0 ], [ -99.866191918487857, 16.829310951239556, 0.0 ], [ -99.866103751652361, 16.829439425688975, 0.0 ], [ -99.866020517598372, 16.829697092247098, 0.0 ], [ -99.86603400742905, 16.829877435995058, 0.0 ], [ -99.865859510173848, 16.829946437378286, 0.0 ], [ -99.865675114080886, 16.830066672239298, 0.0 ], [ -99.865525573911725, 16.83005267788894, 0.0 ], [ -99.865467918375316, 16.829994345163069, 0.0 ], [ -99.865410804230692, 16.829998512621444, 0.0 ], [ -99.86540906674054, 16.830065277390812, 0.0 ], [ -99.86538097102067, 16.830169458453895, 0.0 ], [ -99.86533854550305, 16.830302383648071, 0.0 ], [ -99.865154681808576, 16.830448665573492, 0.0 ], [ -99.865109213884637, 16.830594357543642, 0.0 ], [ -99.865246052928569, 16.830815726564705, 0.0 ], [ -99.865365127664191, 16.831089953238795, 0.0 ], [ -99.865336791825101, 16.831340936934851, 0.0 ], [ -99.865133974918592, 16.831600280728424, 0.0 ], [ -99.864950671501902, 16.831721610963651, 0.0 ], [ -99.864662155499687, 16.832007975787626, 0.0 ], [ -99.864520108481713, 16.83225292233459, 0.0 ], [ -99.864530652133453, 16.83241045387939, 0.0 ], [ -99.864465963898681, 16.832590362355404, 0.0 ], [ -99.864440347609559, 16.832719683966211, 0.0 ], [ -99.864394998396051, 16.832843892931287, 0.0 ], [ -99.864327860408082, 16.832936417881509, 0.0 ], [ -99.864249740798485, 16.832990024670043, 0.0 ], [ -99.864109235218677, 16.833020279662318, 0.0 ], [ -99.864106345696769, 16.833087981525232, 0.0 ], [ -99.864207815304098, 16.833105083033214, 0.0 ], [ -99.864290246263465, 16.833145580404327, 0.0 ], [ -99.864399429355842, 16.833234469395276, 0.0 ], [ -99.864392024338088, 16.833357038896338, 0.0 ], [ -99.864241576752931, 16.833528722172783, 0.0 ], [ -99.864183046176095, 16.833693942021966, 0.0 ], [ -99.864044873437763, 16.833852849529418, 0.0 ], [ -99.863917283021863, 16.834014610585882, 0.0 ], [ -99.863721882824223, 16.834034080908278, 0.0 ], [ -99.863367541844184, 16.83448023547453, 0.0 ], [ -99.863089487655202, 16.83479479224593, 0.0 ], [ -99.862880972644348, 16.834902724381319, 0.0 ], [ -99.862621436395671, 16.834910299370843, 0.0 ], [ -99.862279872983379, 16.834878609959947, 0.0 ], [ -99.862007167062586, 16.83474742045712, 0.0 ], [ -99.861668705411944, 16.834629209070837, 0.0 ], [ -99.861358019322665, 16.834671485300813, 0.0 ], [ -99.861026481552472, 16.834691559068176, 0.0 ], [ -99.860707590048833, 16.834824275619891, 0.0 ], [ -99.860577409585346, 16.834891695095791, 0.0 ], [ -99.860447614031784, 16.834960710868245, 0.0 ], [ -99.860291189552356, 16.834980915037249, 0.0 ], [ -99.860114220960156, 16.834960143395953, 0.0 ], [ -99.860024698846303, 16.834938927489588, 0.0 ], [ -99.859820849518272, 16.834908132004841, 0.0 ], [ -99.859651447821648, 16.834870927051774, 0.0 ], [ -99.85952465690292, 16.834806609337587, 0.0 ], [ -99.859376692345961, 16.834785118238749, 0.0 ], [ -99.859293496063572, 16.834747514885972, 0.0 ], [ -99.859237245268162, 16.834665545278817, 0.0 ], [ -99.859225161077802, 16.834531198256279, 0.0 ], [ -99.859231352910172, 16.834459703952287, 0.0 ], [ -99.859199104120933, 16.834376796352217, 0.0 ], [ -99.859141795722905, 16.834327194244732, 0.0 ], [ -99.859101746214208, 16.834277519292243, 0.0 ], [ -99.859077633591497, 16.834227820058, 0.0 ], [ -99.858961589571322, 16.834147015972064, 0.0 ], [ -99.858828298352876, 16.834068280326843, 0.0 ], [ -99.858637277853632, 16.834052873141665, 0.0 ], [ -99.858515659835405, 16.834060601915379, 0.0 ], [ -99.858361988180832, 16.834028798290543, 0.0 ], [ -99.858313242227851, 16.834011522313965, 0.0 ], [ -99.858275020141662, 16.833928679465142, 0.0 ], [ -99.85822114805319, 16.83372073552362, 0.0 ], [ -99.858184424237379, 16.833626241058191, 0.0 ], [ -99.85814184853308, 16.833584201349932, 0.0 ], [ -99.858077040688443, 16.833633989616995, 0.0 ], [ -99.858022613718219, 16.833647303180555, 0.0 ], [ -99.857931781292223, 16.833636028380113, 0.0 ], [ -99.857846969827449, 16.833610205246938, 0.0 ], [ -99.857765203467025, 16.833597416887407, 0.0 ], [ -99.857665342746941, 16.833605453229154, 0.0 ], [ -99.857492963395089, 16.833552900446019, 0.0 ], [ -99.857366780418147, 16.833528286001695, 0.0 ], [ -99.857194602514483, 16.833529000063372, 0.0 ], [ -99.857085646051303, 16.833540825249028, 0.0 ], [ -99.85696277347887, 16.833562840652736, 0.0 ], [ -99.856828857231619, 16.833620775878273, 0.0 ], [ -99.856728447025773, 16.833670190926675, 0.0 ], [ -99.856595785332843, 16.833808842104471, 0.0 ], [ -99.856371672480293, 16.834101427538936, 0.0 ], [ -99.85628212698424, 16.834186954864261, 0.0 ], [ -99.85620334277553, 16.834216491298204, 0.0 ], [ -99.856069828525335, 16.834234564973368, 0.0 ], [ -99.85598273008452, 16.834226186889161, 0.0 ], [ -99.855780188370602, 16.834244864009289, 0.0 ], [ -99.855663070559785, 16.834235532643724, 0.0 ], [ -99.855572572681695, 16.834212643998448, 0.0 ], [ -99.85550651298081, 16.834243443979855, 0.0 ], [ -99.855457356037732, 16.834290177249894, 0.0 ], [ -99.85533809424328, 16.834295619947053, 0.0 ], [ -99.855258996171358, 16.834315740479152, 0.0 ], [ -99.85518514024767, 16.834363533150672, 0.0 ], [ -99.855118422243038, 16.834394496808606, 0.0 ], [ -99.854988530461981, 16.834398905285408, 0.0 ], [ -99.854669066989402, 16.834400229087404, 0.0 ], [ -99.854501490017356, 16.834423749056892, 0.0 ], [ -99.854428205163003, 16.834417228971969, 0.0 ], [ -99.854375085807135, 16.834419723691376, 0.0 ], [ -99.854318500463876, 16.834452918567418, 0.0 ], [ -99.854270298600966, 16.834505432679748, 0.0 ], [ -99.854212624178842, 16.834546573965326, 0.0 ], [ -99.85414180346703, 16.834561672683147, 0.0 ], [ -99.854099359063753, 16.834557657210208, 0.0 ], [ -99.854073515246114, 16.834545354484643, 0.0 ], [ -99.854038528920626, 16.834543743798857, 0.0 ], [ -99.854016518912829, 16.834556204805089, 0.0 ], [ -99.853977901124836, 16.834566421103482, 0.0 ], [ -99.853930023916973, 16.834561312954406, 0.0 ], [ -99.853881507291305, 16.83455205533323, 0.0 ], [ -99.853842162851151, 16.8345386509381, 0.0 ], [ -99.853812656994137, 16.834531111921418, 0.0 ], [ -99.853745824775629, 16.834519536747333, 0.0 ], [ -99.853688585625321, 16.834519016039788, 0.0 ], [ -99.853637552696398, 16.834511006677751, 0.0 ], [ -99.853611830287321, 16.834499541220904, 0.0 ], [ -99.853438216166353, 16.834483259894565, 0.0 ], [ -99.853411302155337, 16.83450267985495, 0.0 ], [ -99.853399097455963, 16.834532168624772, 0.0 ], [ -99.853398028162076, 16.834653028514531, 0.0 ], [ -99.853368596948656, 16.834668645241777, 0.0 ], [ -99.853267747873872, 16.834729475385014, 0.0 ], [ -99.853124752970587, 16.834799966045637, 0.0 ], [ -99.852974272110558, 16.834883894376219, 0.0 ], [ -99.852807816592929, 16.834974324805209, 0.0 ], [ -99.852668446856796, 16.835062479050237, 0.0 ], [ -99.852583988630158, 16.835109457522318, 0.0 ], [ -99.852217039146922, 16.834625603330778, 0.0 ], [ -99.852195384995426, 16.834580842483319, 0.0 ], [ -99.852182511115757, 16.834554276458558, 0.0 ], [ -99.852174051043463, 16.834543182011426, 0.0 ], [ -99.852157143179625, 16.834521010238568, 0.0 ], [ -99.852123844874484, 16.834477355110486, 0.0 ], [ -99.852120512209012, 16.834472985089739, 0.0 ], [ -99.851936083006251, 16.834231165212191, 0.0 ], [ -99.851931777952075, 16.834225524741832, 0.0 ], [ -99.851913311425847, 16.834201304877688, 0.0 ], [ -99.851890757010509, 16.834171732883416, 0.0 ], [ -99.851873508407607, 16.834149116881004, 0.0 ], [ -99.85185311595518, 16.834122374117438, 0.0 ], [ -99.851835068691571, 16.834098718339305, 0.0 ], [ -99.85179278841224, 16.834043281185071, 0.0 ], [ -99.851748793689353, 16.833985596838371, 0.0 ], [ -99.851744970090579, 16.833980578048166, 0.0 ], [ -99.851673983806165, 16.833887500962245, 0.0 ], [ -99.851577138992752, 16.833760526859177, 0.0 ], [ -99.851568982012566, 16.833749822509215, 0.0 ], [ -99.851549675350782, 16.833724503349686, 0.0 ], [ -99.851518746999432, 16.833683956690663, 0.0 ], [ -99.85142144919098, 16.833556378777246, 0.0 ], [ -99.851380528669267, 16.833581703523457, 0.0 ], [ -99.851359845436605, 16.833594877513171, 0.0 ], [ -99.851338774734359, 16.833607456542204, 0.0 ], [ -99.851317325988362, 16.833619449609728, 0.0 ], [ -99.851295536659563, 16.833630838483028, 0.0 ], [ -99.851273406707662, 16.83364161412333, 0.0 ], [ -99.851250964208134, 16.833651758336085, 0.0 ], [ -99.85122821858721, 16.833661280121412, 0.0 ], [ -99.851205197879608, 16.833670152246324, 0.0 ], [ -99.851181920897261, 16.833678383671263, 0.0 ], [ -99.851158406330171, 16.833685956241599, 0.0 ], [ -99.850920195739945, 16.83375633445149, 0.0 ], [ -99.850683194813371, 16.833843329847298, 0.0 ], [ -99.850244850876834, 16.83399480107289, 0.0 ], [ -99.849939720526663, 16.834103111048819, 0.0 ], [ -99.849920659016959, 16.834111668369868, 0.0 ], [ -99.84990190996632, 16.834120839038917, 0.0 ], [ -99.849883482719633, 16.834130613978683, 0.0 ], [ -99.849865414737792, 16.834140974956536, 0.0 ], [ -99.849847715365968, 16.834151912895091, 0.0 ], [ -99.849830412760141, 16.834163427677819, 0.0 ], [ -99.849813516184781, 16.834175492150106, 0.0 ], [ -99.849797053755822, 16.834188097156588, 0.0 ], [ -99.849781034778061, 16.834201224581584, 0.0 ], [ -99.849765487367335, 16.83421486526947, 0.0 ], [ -99.849750430213831, 16.834229001065804, 0.0 ], [ -99.849649063629727, 16.834325340774111, 0.0 ], [ -99.849625600519175, 16.834347641787581, 0.0 ], [ -99.849617829709814, 16.834384578699769, 0.0 ], [ -99.849601626512026, 16.834461635131049, 0.0 ], [ -99.849574238791206, 16.834492461556749, 0.0 ], [ -99.849407196565949, 16.834680475558969, 0.0 ], [ -99.84940115158372, 16.834687278798697, 0.0 ], [ -99.849265597190595, 16.834841043491789, 0.0 ], [ -99.849119925327841, 16.835006284087569, 0.0 ], [ -99.849095913366966, 16.835032876254271, 0.0 ], [ -99.849030716842776, 16.835105088769179, 0.0 ], [ -99.848926674270729, 16.835220327720148, 0.0 ], [ -99.848776616456178, 16.835386533490404, 0.0 ], [ -99.8487699348874, 16.835393925061847, 0.0 ], [ -99.848725203524168, 16.835436004123146, 0.0 ], [ -99.848652383106938, 16.835504505035257, 0.0 ], [ -99.848583089077295, 16.835569689457767, 0.0 ], [ -99.848555314423947, 16.835600744231613, 0.0 ], [ -99.848433559756245, 16.835736884375422, 0.0 ], [ -99.848391879013832, 16.835783485565852, 0.0 ], [ -99.84838747092823, 16.835788415491656, 0.0 ], [ -99.848331303232328, 16.835851216302437, 0.0 ], [ -99.848298515220449, 16.835887875959937, 0.0 ], [ -99.848014869178769, 16.836256567437999, 0.0 ], [ -99.84765576148996, 16.836801080385804, 0.0 ], [ -99.847381473746196, 16.837807050004802, 0.0 ], [ -99.84734243599442, 16.838730982791279, 0.0 ], [ -99.847338935823245, 16.838794441957468, 0.0 ], [ -99.847340771967311, 16.838843726135789, 0.0 ], [ -99.847355746034964, 16.839163321023243, 0.0 ], [ -99.847379213743466, 16.839305778804082, 0.0 ], [ -99.847385755927405, 16.839345492975607, 0.0 ], [ -99.847418501815639, 16.839429563894555, 0.0 ], [ -99.847444145994416, 16.839495405611157, 0.0 ], [ -99.847466818403404, 16.839553603671042, 0.0 ], [ -99.847486752932923, 16.839605465937318, 0.0 ], [ -99.847592030172279, 16.839879353666724, 0.0 ], [ -99.847660159337067, 16.840003528539054, 0.0 ], [ -99.84772590779346, 16.840123365519212, 0.0 ], [ -99.847746365956084, 16.840118454312112, 0.0 ], [ -99.847809612620722, 16.840237325391506, 0.0 ], [ -99.847873967744079, 16.840358282558665, 0.0 ], [ -99.847881395010972, 16.840372241336407, 0.0 ], [ -99.84796401135975, 16.840506877502659, 0.0 ], [ -99.847972578100666, 16.840520838802146, 0.0 ], [ -99.847993969895413, 16.840555699218204, 0.0 ], [ -99.848001162433434, 16.840566895780622, 0.0 ], [ -99.848148539705676, 16.840796524958364, 0.0 ], [ -99.848124694596322, 16.84083969361205, 0.0 ], [ -99.848136363314325, 16.840854686079748, 0.0 ], [ -99.848395565821875, 16.841187713254836, 0.0 ], [ -99.848403522778653, 16.841197935868703, 0.0 ], [ -99.84840722322366, 16.841202684058313, 0.0 ], [ -99.848686120802995, 16.84150043755022, 0.0 ], [ -99.848823248728195, 16.841647619906659, 0.0 ], [ -99.848860555034491, 16.84167433820943, 0.0 ], [ -99.848940706663768, 16.841723847106145, 0.0 ], [ -99.848950221765335, 16.841607540944096, 0.0 ], [ -99.848950888953723, 16.84160140080149, 0.0 ], [ -99.848960015288299, 16.841517898259323, 0.0 ], [ -99.848964975470892, 16.841472565958952, 0.0 ], [ -99.848972766857344, 16.841401217159728, 0.0 ], [ -99.848982434281936, 16.841312768123544, 0.0 ], [ -99.848986609848282, 16.841274606880287, 0.0 ], [ -99.849104387567877, 16.841285976160059, 0.0 ], [ -99.849209284121116, 16.841296102342419, 0.0 ], [ -99.849233622449788, 16.841298344675693, 0.0 ], [ -99.849404487256265, 16.841314086752842, 0.0 ], [ -99.849883815484134, 16.841382943858829, 0.0 ], [ -99.850277211471848, 16.841433060042558, 0.0 ], [ -99.850809338739225, 16.841495000222658, 0.0 ], [ -99.850915807054264, 16.841506051564686, 0.0 ], [ -99.851253873637802, 16.841554644868665, 0.0 ], [ -99.851183119371115, 16.841919820443422, 0.0 ], [ -99.851609232545513, 16.843806580109625, 0.0 ], [ -99.851774042303816, 16.844341614673791, 0.0 ], [ -99.851796967821372, 16.844460512242954, 0.0 ], [ -99.852011114387039, 16.84473190515342, 0.0 ], [ -99.852111797087332, 16.844960002901921, 0.0 ], [ -99.852226904014003, 16.845229175386226, 0.0 ], [ -99.852408800890998, 16.845575765109512, 0.0 ], [ -99.852585749698164, 16.845876671970927, 0.0 ], [ -99.852895308936979, 16.846468476239234, 0.0 ], [ -99.85341653620975, 16.847301731389848, 0.0 ], [ -99.854442935159014, 16.848809967306238, 0.0 ], [ -99.855444658509839, 16.849916332173166, 0.0 ], [ -99.855802575194275, 16.850300525249104, 0.0 ], [ -99.856464983437832, 16.850978063686735, 0.0 ], [ -99.856714879853314, 16.851287105815334, 0.0 ], [ -99.856929338483724, 16.851498551716812, 0.0 ], [ -99.857122524550334, 16.851649417486666, 0.0 ], [ -99.857329830872573, 16.851827189173427, 0.0 ], [ -99.857477562505096, 16.851988355778136, 0.0 ], [ -99.85794399858213, 16.852415209993914, 0.0 ], [ -99.85829397335381, 16.852702162974595, 0.0 ], [ -99.858634774141137, 16.852937499366185, 0.0 ], [ -99.859050548709433, 16.853260212089253, 0.0 ], [ -99.859785638362098, 16.853764206553016, 0.0 ], [ -99.860407171519341, 16.854167869951361, 0.0 ], [ -99.86101757286815, 16.854523231661908, 0.0 ], [ -99.861415709033338, 16.854743469335681, 0.0 ], [ -99.861691018491172, 16.854907564132812, 0.0 ], [ -99.86191708557061, 16.855024651366591, 0.0 ], [ -99.862128421754846, 16.855137078313639, 0.0 ], [ -99.862682851098214, 16.855324845065638, 0.0 ], [ -99.86297019528395, 16.855405664439957, 0.0 ], [ -99.863086778897198, 16.855405170712228, 0.0 ], [ -99.863234513227837, 16.855352732142986, 0.0 ], [ -99.863346375400511, 16.855300444659861, 0.0 ], [ -99.863591104311581, 16.855272734749061, 0.0 ], [ -99.863801859533851, 16.855225509549651, 0.0 ], [ -99.863920021457375, 16.855164420401703, 0.0 ], [ -99.864071721798098, 16.855153085346668, 0.0 ], [ -99.864160644063929, 16.855174093509728, 0.0 ], [ -99.864231257931749, 16.855237945374991, 0.0 ], [ -99.864927796346251, 16.855520244363841, 0.0 ], [ -99.865251760925503, 16.855643434397106, 0.0 ], [ -99.865528196334708, 16.855659246277241, 0.0 ], [ -99.865663381525394, 16.855647349146011, 0.0 ], [ -99.866017809739731, 16.855460244294925, 0.0 ], [ -99.866249703526478, 16.85535598948746, 0.0 ], [ -99.866411661534585, 16.855299714410418, 0.0 ], [ -99.866543542616, 16.855329357863635, 0.0 ], [ -99.866656643155181, 16.855368143824872, 0.0 ], [ -99.866788852489151, 16.855415713464478, 0.0 ], [ -99.866921304640073, 16.855507925450461, 0.0 ], [ -99.867028464257885, 16.855531520963041, 0.0 ], [ -99.867110504012032, 16.855524301205598, 0.0 ], [ -99.867153357606867, 16.855530990362922, 0.0 ], [ -99.867203532582622, 16.855578882859273, 0.0 ], [ -99.867250219087907, 16.855643969493709, 0.0 ], [ -99.867304072290722, 16.855715898170214, 0.0 ], [ -99.86736135460842, 16.85575688747053, 0.0 ], [ -99.867457871649037, 16.855794274086634, 0.0 ], [ -99.867593368005089, 16.85598945664816, 0.0 ], [ -99.867665594357277, 16.85608342321154, 0.0 ], [ -99.867698671422033, 16.856180698380619, 0.0 ], [ -99.867731621682594, 16.856249692569286, 0.0 ], [ -99.867787400333782, 16.856315446500837, 0.0 ], [ -99.867836581558606, 16.856365516255607, 0.0 ], [ -99.867924867104591, 16.856402850711099, 0.0 ], [ -99.868022928281107, 16.85643699976788, 0.0 ], [ -99.868107991556087, 16.856483773507417, 0.0 ], [ -99.868451751113014, 16.856618440688631, 0.0 ], [ -99.868812374756942, 16.856772689707896, 0.0 ], [ -99.869148791349289, 16.856931421847666, 0.0 ], [ -99.869451755859359, 16.857049526214837, 0.0 ], [ -99.869815381440333, 16.857240900147524, 0.0 ], [ -99.870018097622562, 16.857323535253045, 0.0 ], [ -99.870071499365679, 16.857331871968359, 0.0 ], [ -99.870575234824685, 16.85754419650749, 0.0 ], [ -99.870799936733363, 16.857622536450886, 0.0 ], [ -99.870961990069361, 16.857662862051541, 0.0 ], [ -99.871280198088186, 16.857753219635526, 0.0 ], [ -99.87143255763192, 16.857759554459896, 0.0 ], [ -99.871581162506232, 16.857737966234307, 0.0 ], [ -99.871715178578256, 16.857698980623461, 0.0 ], [ -99.871798595194491, 16.857698624491999, 0.0 ], [ -99.871892925983275, 16.857705206630044, 0.0 ], [ -99.872016253612742, 16.85770817259424, 0.0 ], [ -99.872159406796811, 16.857705441353055, 0.0 ], [ -99.872298525622057, 16.857663325202278, 0.0 ], [ -99.872503823758066, 16.857585796447488, 0.0 ], [ -99.872629417679093, 16.857515276109147, 0.0 ], [ -99.872702214201411, 16.857481142340987, 0.0 ], [ -99.872793960338583, 16.857454732849646, 0.0 ], [ -99.872837191648685, 16.8574545484887, 0.0 ], [ -99.872883268413773, 16.857485574199924, 0.0 ], [ -99.87293478517779, 16.857524380845629, 0.0 ], [ -99.872983469077326, 16.857534580056889, 0.0 ], [ -99.87308039890695, 16.85753303682025, 0.0 ], [ -99.873147130401321, 16.857535132240628, 0.0 ], [ -99.873196714522294, 16.857570610495252, 0.0 ], [ -99.873251296175965, 16.857617965196937, 0.0 ], [ -99.873308271824897, 16.857648654561782, 0.0 ], [ -99.873402259971954, 16.857667289413993, 0.0 ], [ -99.873444375223414, 16.857690903812276, 0.0 ], [ -99.873508798158127, 16.857728699619827, 0.0 ], [ -99.87358307226657, 16.85775931434091, 0.0 ], [ -99.873637131414057, 16.857780856701311, 0.0 ], [ -99.873722763060641, 16.857871660348959, 0.0 ], [ -99.873792515377886, 16.857941257083375, 0.0 ], [ -99.873846444123615, 16.858001804839482, 0.0 ], [ -99.873928891270964, 16.858086542559988, 0.0 ], [ -99.874071203588699, 16.858149753208629, 0.0 ], [ -99.874121865097663, 16.858186003081752, 0.0 ], [ -99.874226193649463, 16.858225064235338, 0.0 ], [ -99.874327269353557, 16.858242865416003, 0.0 ], [ -99.874418932753201, 16.85827286410148, 0.0 ], [ -99.874485360276765, 16.858306007716067, 0.0 ], [ -99.874608638443362, 16.858348025840879, 0.0 ], [ -99.875282157810943, 16.858566488252958, 0.0 ], [ -99.875770128154443, 16.858693081320723, 0.0 ], [ -99.875959067622489, 16.858752827780958, 0.0 ], [ -99.876100807971454, 16.858805206994806, 0.0 ], [ -99.876242305503581, 16.858804601751103, 0.0 ], [ -99.876376046383029, 16.858826736764563, 0.0 ], [ -99.876533368385822, 16.858848771953372, 0.0 ], [ -99.876635943259714, 16.858931596815918, 0.0 ], [ -99.876722728736411, 16.858999349940053, 0.0 ], [ -99.877235916070291, 16.85909888960208, 0.0 ], [ -99.877513615926205, 16.859158917550015, 0.0 ], [ -99.878495286194095, 16.859336961731568, 0.0 ], [ -99.878937489139389, 16.859396440193731, 0.0 ], [ -99.879252062997921, 16.859423732819149, 0.0 ], [ -99.879869997068226, 16.859498078873226, 0.0 ], [ -99.880206196924007, 16.859543462260945, 0.0 ], [ -99.880573126614081, 16.859541887548172, 0.0 ], [ -99.880767740804174, 16.859562337232262, 0.0 ], [ -99.880909347154216, 16.859591527427195, 0.0 ], [ -99.881055352987801, 16.859616442245169, 0.0 ], [ -99.881409410681329, 16.859659990116597, 0.0 ], [ -99.881712712437206, 16.85967426145805, 0.0 ], [ -99.882537492376969, 16.859670717229843, 0.0 ], [ -99.883290162876278, 16.859602105253089, 0.0 ], [ -99.883576258802918, 16.859528925619539, 0.0 ], [ -99.88369234239326, 16.859496448402354, 0.0 ], [ -99.883812652797303, 16.859479942245567, 0.0 ], [ -99.883903977152443, 16.859479548342559, 0.0 ], [ -99.884082292029689, 16.859438809953186, 0.0 ], [ -99.884227510057144, 16.859422195877698, 0.0 ], [ -99.884281437004347, 16.859413969778984, 0.0 ], [ -99.884322724879397, 16.859365826371857, 0.0 ], [ -99.88439316427862, 16.859337541794154, 0.0 ], [ -99.884472038419403, 16.859337202749821, 0.0 ], [ -99.884621387033008, 16.859316574999976, 0.0 ], [ -99.884826299359815, 16.859263040157312, 0.0 ], [ -99.885128191878209, 16.859195373367807, 0.0 ], [ -99.885324307936074, 16.859184319800644, 0.0 ], [ -99.885446249710256, 16.859183793697234, 0.0 ], [ -99.885534877897783, 16.859155499226969, 0.0 ], [ -99.885633728679124, 16.859125117430374, 0.0 ], [ -99.885732527299808, 16.859083839447745, 0.0 ], [ -99.885803019759123, 16.859037238377876, 0.0 ], [ -99.885873576070139, 16.859004253943333, 0.0 ], [ -99.885969683919384, 16.858992946767156, 0.0 ], [ -99.886023422908124, 16.858992715641477, 0.0 ], [ -99.886108246963545, 16.858986902423617, 0.0 ], [ -99.886207032993752, 16.858942902193341, 0.0 ], [ -99.886271867817925, 16.858896326304606, 0.0 ], [ -99.88684719830519, 16.858585346136916, 0.0 ], [ -99.887052461367546, 16.858448811063905, 0.0 ], [ -99.887181948453772, 16.85832998993725, 0.0 ], [ -99.887224906369809, 16.858246326906617, 0.0 ], [ -99.887245688803091, 16.858153961136509, 0.0 ], [ -99.887278580607486, 16.857926639502971, 0.0 ], [ -99.887348324830782, 16.85784427689202, 0.0 ], [ -99.887430399658797, 16.857782301911865, 0.0 ], [ -99.887562725904672, 16.857702486180926, 0.0 ], [ -99.887722722491219, 16.857670985627461, 0.0 ], [ -99.889487445055124, 16.857259916312156, 0.0 ], [ -99.890230076422426, 16.856997556192422, 0.0 ], [ -99.892059704857061, 16.856399107732724, 0.0 ], [ -99.892221513577454, 16.856320324423617, 0.0 ], [ -99.892554241150833, 16.856184646404408, 0.0 ], [ -99.892842113238544, 16.85608243215864, 0.0 ], [ -99.893875418980997, 16.855743403934973, 0.0 ], [ -99.89458393276783, 16.855533950931257, 0.0 ], [ -99.895220628494826, 16.855328505306314, 0.0 ], [ -99.895581385238359, 16.855184883575586, 0.0 ], [ -99.897448433563966, 16.854243464264584, 0.0 ], [ -99.897796234674104, 16.854086844632263, 0.0 ], [ -99.897802427405566, 16.854083115143737, 0.0 ], [ -99.898195100189298, 16.853846643807735, 0.0 ], [ -99.898349350107992, 16.853753752833533, 0.0 ], [ -99.898697999278852, 16.853562240405207, 0.0 ], [ -99.898996610171096, 16.853398213956435, 0.0 ], [ -99.899045313855709, 16.853371460924276, 0.0 ], [ -99.899280525241636, 16.853233149690194, 0.0 ], [ -99.900009093010851, 16.852797614318483, 0.0 ], [ -99.900219449833401, 16.852623833822911, 0.0 ], [ -99.900272196869992, 16.852586795244456, 0.0 ], [ -99.90040848912605, 16.85249109298962, 0.0 ], [ -99.900496755786151, 16.852390165673736, 0.0 ], [ -99.900595475266471, 16.852243616649613, 0.0 ], [ -99.900641543937695, 16.852103406946753, 0.0 ], [ -99.900641071793586, 16.85200354622685, 0.0 ], [ -99.900632051593504, 16.851931159795239, 0.0 ], [ -99.900603268791443, 16.851771379945255, 0.0 ], [ -99.900568263580055, 16.851671762941574, 0.0 ], [ -99.900534983268528, 16.851673854764606, 0.0 ], [ -99.900464202126841, 16.851678303710912, 0.0 ], [ -99.900422602187007, 16.851678488071911, 0.0 ], [ -99.900385622963768, 16.851637326101859, 0.0 ], [ -99.900385238953163, 16.851556307977201, 0.0 ], [ -99.900401363797471, 16.851503680550532, 0.0 ], [ -99.900423368409292, 16.851449999118238, 0.0 ], [ -99.9005142664858, 16.851382424959006, 0.0 ], [ -99.90051917858284, 16.851377120757657, 0.0 ], [ -99.900558618351113, 16.851334533362202, 0.0 ], [ -99.900557780182908, 16.851157107914332, 0.0 ], [ -99.900531018157608, 16.851111213711583, 0.0 ], [ -99.90053593385187, 16.851001275188761, 0.0 ], [ -99.900566877724714, 16.850796254043981, 0.0 ], [ -99.900608378739264, 16.850679647048139, 0.0 ], [ -99.900605294064647, 16.850495816628605, 0.0 ], [ -99.900576379961535, 16.850440761032473, 0.0 ], [ -99.900548807646942, 16.850377847159962, 0.0 ], [ -99.900548374173582, 16.850286201746876, 0.0 ], [ -99.900608551409178, 16.850217078055771, 0.0 ], [ -99.900659718336897, 16.850163527025124, 0.0 ], [ -99.900676273057186, 16.850146200686705, 0.0 ], [ -99.900748995835102, 16.850015952774182, 0.0 ], [ -99.900863771811203, 16.849787234493416, 0.0 ], [ -99.900878780596713, 16.849738248421541, 0.0 ], [ -99.900878732932711, 16.849728049210277, 0.0 ], [ -99.900856184231145, 16.84970653293032, 0.0 ], [ -99.90080964071791, 16.849686858461833, 0.0 ], [ -99.900590466942049, 16.849564602824209, 0.0 ], [ -99.900535496781401, 16.849501668267461, 0.0 ], [ -99.900491383236215, 16.84941245731914, 0.0 ], [ -99.900490715040064, 16.849271222389113, 0.0 ], [ -99.900528134031788, 16.849182567221813, 0.0 ], [ -99.900586637628862, 16.84906859613892, 0.0 ], [ -99.900678244371022, 16.84898480630374, 0.0 ], [ -99.900730074998478, 16.848958244827198, 0.0 ], [ -99.900780664561694, 16.848932318271864, 0.0 ], [ -99.900924606451042, 16.84890084829555, 0.0 ], [ -99.901092887592199, 16.848869693981214, 0.0 ], [ -99.901210338152055, 16.848824837596332, 0.0 ], [ -99.901232260026347, 16.848787498644288, 0.0 ], [ -99.901602993848655, 16.848774088853126, 0.0 ], [ -99.901709655241973, 16.848770230761712, 0.0 ], [ -99.90171367701015, 16.848645921072425, 0.0 ], [ -99.901521103381697, 16.848655126532993, 0.0 ], [ -99.900540880123174, 16.848701984808823, 0.0 ], [ -99.900540837855033, 16.84869314896974, 0.0 ], [ -99.900540147175676, 16.848547106263986, 0.0 ], [ -99.900540095914266, 16.848536184897053, 0.0 ], [ -99.901626843869394, 16.848495978007008, 0.0 ], [ -99.902320787739654, 16.848447084565347, 0.0 ], [ -99.903651960635045, 16.848392280779304, 0.0 ], [ -99.9060156271849, 16.848294969637202, 0.0 ], [ -99.907056410790346, 16.848252121438289, 0.0 ], [ -99.907382925846832, 16.848234678187847, 0.0 ], [ -99.907404204705884, 16.84822681631459, 0.0 ], [ -99.907422625519246, 16.848220010245257, 0.0 ], [ -99.907473921949588, 16.848147575250547, 0.0 ], [ -99.907528749118057, 16.848074182477657, 0.0 ], [ -99.907582023157488, 16.847999819336223, 0.0 ], [ -99.907636112881789, 16.847925854594678, 0.0 ], [ -99.907690723313806, 16.847852345809137, 0.0 ], [ -99.907717264106054, 16.847815978124963, 0.0 ], [ -99.907737059983006, 16.847777202056417, 0.0 ], [ -99.907745054056477, 16.847733803472291, 0.0 ], [ -99.90775484947234, 16.847689806839295, 0.0 ], [ -99.907761008029638, 16.847645122224719, 0.0 ], [ -99.907769640622078, 16.847600766762124, 0.0 ], [ -99.907775685864863, 16.847549742826459, 0.0 ], [ -99.907780247226185, 16.847511234755753, 0.0 ], [ -99.907818589821659, 16.847242393222015, 0.0 ], [ -99.907865849195161, 16.84692921870851, 0.0 ], [ -99.907873865751924, 16.84688462762352, 0.0 ], [ -99.907881050435719, 16.846839997867669, 0.0 ], [ -99.907896413554226, 16.846750874153539, 0.0 ], [ -99.908075164602735, 16.845588672179584, 0.0 ], [ -99.908080438227216, 16.845547901414704, 0.0 ], [ -99.908055105224491, 16.845519376717956, 0.0 ], [ -99.908012613157041, 16.845515600464694, 0.0 ], [ -99.907966062449304, 16.845515750651426, 0.0 ], [ -99.907917131236275, 16.84551521285692, 0.0 ], [ -99.907870227094918, 16.84549515167998, 0.0 ], [ -99.907841107946297, 16.84545752674358, 0.0 ], [ -99.907808000304613, 16.845425354396689, 0.0 ], [ -99.907781275151194, 16.845389175570173, 0.0 ], [ -99.9077475271921, 16.845366132241338, 0.0 ], [ -99.907704000904459, 16.845373900585169, 0.0 ], [ -99.907654958175385, 16.84536947502141, 0.0 ], [ -99.9076084254541, 16.845355119143502, 0.0 ], [ -99.907566888466704, 16.84533308035742, 0.0 ], [ -99.90752371291461, 16.845314748576868, 0.0 ], [ -99.907443432234174, 16.845266466674161, 0.0 ], [ -99.907364877352734, 16.845216529119622, 0.0 ], [ -99.907324941158777, 16.845189352506623, 0.0 ], [ -99.90729890938276, 16.845150406466129, 0.0 ], [ -99.907267487969818, 16.845115314919891, 0.0 ], [ -99.907252081683794, 16.845071100650838, 0.0 ], [ -99.907234551199167, 16.845030836204153, 0.0 ], [ -99.907204535426445, 16.844993699599623, 0.0 ], [ -99.907204193684279, 16.844945487844143, 0.0 ], [ -99.907203430159839, 16.844903939165473, 0.0 ], [ -99.907173219234323, 16.84487415451877, 0.0 ], [ -99.907141361650091, 16.844842314021601, 0.0 ], [ -99.907103181832042, 16.844818130352447, 0.0 ], [ -99.9070626376962, 16.844794606785737, 0.0 ], [ -99.907024727674639, 16.844765798802712, 0.0 ], [ -99.906993595843403, 16.844732895306944, 0.0 ], [ -99.906951833126186, 16.844709880756511, 0.0 ], [ -99.906927024428171, 16.844665903908375, 0.0 ], [ -99.906926932697388, 16.844618367543656, 0.0 ], [ -99.906927422827891, 16.844571284437386, 0.0 ], [ -99.90694642999938, 16.844529316674592, 0.0 ], [ -99.906952967171151, 16.844483726442942, 0.0 ], [ -99.906980247206278, 16.844444367613502, 0.0 ], [ -99.907006072138131, 16.844408028707729, 0.0 ], [ -99.907021666382377, 16.844364663398551, 0.0 ], [ -99.907055703023843, 16.844329477423514, 0.0 ], [ -99.907094582514617, 16.844303626411314, 0.0 ], [ -99.907128822402683, 16.844272674444483, 0.0 ], [ -99.90716788445593, 16.844247072544476, 0.0 ], [ -99.90720434926692, 16.844218338305662, 0.0 ], [ -99.907245272017349, 16.844193732854478, 0.0 ], [ -99.907332749072737, 16.844157899367584, 0.0 ], [ -99.907377469660105, 16.844144104666725, 0.0 ], [ -99.907419850211568, 16.844127222593382, 0.0 ], [ -99.907459375415442, 16.844104568671067, 0.0 ], [ -99.907498225228494, 16.844079478485124, 0.0 ], [ -99.907537538192415, 16.844055243554632, 0.0 ], [ -99.907575101075622, 16.844028055250583, 0.0 ], [ -99.907616173113468, 16.844003449799398, 0.0 ], [ -99.907660027653776, 16.843988583106807, 0.0 ], [ -99.907695901610168, 16.843962420928953, 0.0 ], [ -99.907726856274962, 16.843934737997809, 0.0 ], [ -99.907774778448754, 16.843911766614777, 0.0 ], [ -99.907815158907908, 16.843889931974953, 0.0 ], [ -99.907855018659859, 16.84386578967451, 0.0 ], [ -99.907896532264772, 16.843845080086506, 0.0 ], [ -99.907935329917052, 16.843819574413885, 0.0 ], [ -99.907977173573215, 16.843799196675658, 0.0 ], [ -99.908015758086435, 16.843773369045834, 0.0 ], [ -99.908058843706272, 16.843753042568999, 0.0 ], [ -99.908103416804764, 16.843735683854902, 0.0 ], [ -99.908150580850133, 16.843725953190237, 0.0 ], [ -99.908196392315233, 16.843721226353519, 0.0 ], [ -99.908238813336141, 16.843704356870656, 0.0 ], [ -99.908328412791548, 16.843675497626236, 0.0 ], [ -99.908374126230569, 16.843663574414506, 0.0 ], [ -99.908420532147446, 16.843653183647685, 0.0 ], [ -99.908467299591678, 16.843648092585507, 0.0 ], [ -99.908513270236824, 16.843639142532364, 0.0 ], [ -99.908560055667635, 16.843633770881862, 0.0 ], [ -99.908606118942714, 16.843626625768248, 0.0 ], [ -99.908743431929452, 16.843602782942181, 0.0 ], [ -99.908785640710406, 16.843584570771377, 0.0 ], [ -99.908873996403372, 16.843555587420546, 0.0 ], [ -99.908913720357361, 16.843533361575396, 0.0 ], [ -99.908954378707222, 16.843509864088954, 0.0 ], [ -99.909040061615087, 16.843472783242476, 0.0 ], [ -99.909080116519817, 16.843450480955021, 0.0 ], [ -99.909158875547178, 16.843402374420066, 0.0 ], [ -99.909196737904722, 16.843374874950541, 0.0 ], [ -99.909239792048254, 16.843354186946325, 0.0 ], [ -99.90928362050829, 16.843336642072519, 0.0 ], [ -99.909328443618449, 16.84332093181558, 0.0 ], [ -99.909374279365068, 16.843310603101884, 0.0 ], [ -99.909418890235088, 16.843296442377035, 0.0 ], [ -99.909465229602233, 16.843286434721339, 0.0 ], [ -99.90951164271371, 16.843277407326518, 0.0 ], [ -99.909557712284084, 16.843271561733321, 0.0 ], [ -99.9096020434651, 16.843258484691486, 0.0 ], [ -99.909647966446073, 16.843247149636284, 0.0 ], [ -99.909924027737361, 16.843193181320427, 0.0 ], [ -99.909969480372766, 16.843183545984001, 0.0 ], [ -99.910014726164263, 16.843170664094991, 0.0 ], [ -99.910061656386006, 16.843163232996968, 0.0 ], [ -99.910108727801003, 16.84315623807003, 0.0 ], [ -99.910155829793268, 16.843155591457442, 0.0 ], [ -99.910200973961253, 16.843150549857963, 0.0 ], [ -99.910244219660512, 16.843136328878582, 0.0 ], [ -99.910288403352808, 16.843119464791528, 0.0 ], [ -99.910381463399304, 16.843101141104967, 0.0 ], [ -99.910428171488547, 16.843094902507794, 0.0 ], [ -99.91047470151193, 16.84308796423829, 0.0 ], [ -99.910521537304589, 16.843083221213817, 0.0 ], [ -99.910568284964043, 16.843077866650276, 0.0 ], [ -99.910614942691041, 16.843074560742533, 0.0 ], [ -99.910661471815047, 16.843067816726542, 0.0 ], [ -99.910708420023241, 16.843065694326295, 0.0 ], [ -99.910800011476908, 16.843053450056679, 0.0 ], [ -99.910844568387688, 16.843038524008765, 0.0 ], [ -99.910892858384159, 16.843034337664673, 0.0 ], [ -99.910987415802254, 16.843034371838936, 0.0 ], [ -99.911033686820815, 16.843036594963049, 0.0 ], [ -99.911072733585399, 16.843031975145603, 0.0 ], [ -99.911099322041593, 16.84290609524021, 0.0 ], [ -99.911101918384418, 16.842862271276882, 0.0 ], [ -99.911098179003432, 16.842817467951924, 0.0 ], [ -99.911098312103093, 16.8427714910116, 0.0 ], [ -99.911102665721103, 16.842726527607226, 0.0 ], [ -99.911101869821039, 16.842637833768997, 0.0 ], [ -99.911090397169687, 16.842598279786891, 0.0 ], [ -99.911052878353246, 16.842569721815263, 0.0 ], [ -99.911047479722981, 16.842520543288568, 0.0 ], [ -99.911045747628691, 16.842068024219937, 0.0 ], [ -99.911046503059254, 16.842022528417086, 0.0 ], [ -99.911049808967107, 16.841977549724156, 0.0 ], [ -99.911048963604287, 16.841888695806681, 0.0 ], [ -99.911037197773908, 16.841846403388956, 0.0 ], [ -99.911022957908756, 16.841805334049013, 0.0 ], [ -99.910996906347748, 16.841774145560404, 0.0 ], [ -99.910954018578764, 16.841768085029116, 0.0 ], [ -99.910906153961449, 16.84176032118199, 0.0 ], [ -99.910863627719891, 16.841738679896249, 0.0 ], [ -99.910820891036792, 16.84172061971088, 0.0 ], [ -99.910777634545767, 16.841701460554127, 0.0 ], [ -99.910737460930591, 16.841677257999152, 0.0 ], [ -99.910697444696908, 16.841654759659601, 0.0 ], [ -99.910654902267481, 16.841635818138563, 0.0 ], [ -99.910611163739816, 16.841611943836195, 0.0 ], [ -99.910589003545283, 16.841567099142367, 0.0 ], [ -99.910584577981354, 16.841519631126175, 0.0 ], [ -99.910589157329355, 16.841474263026836, 0.0 ], [ -99.910588784110644, 16.84138427146706, 0.0 ], [ -99.910589188805602, 16.841338652456951, 0.0 ], [ -99.910597085752443, 16.841276835757469, 0.0 ], [ -99.910609565644506, 16.84124869956792, 0.0 ], [ -99.910622832443266, 16.841205441278191, 0.0 ], [ -99.910638426687626, 16.841160253043309, 0.0 ], [ -99.910671282519218, 16.841130329001597, 0.0 ], [ -99.910671108050792, 16.841088798309443, 0.0 ], [ -99.910673690004273, 16.841040314958601, 0.0 ], [ -99.910703790313292, 16.841006784635564, 0.0 ], [ -99.910698891705977, 16.840966242298229, 0.0 ], [ -99.910689469509009, 16.840922585608947, 0.0 ], [ -99.910666741842135, 16.840836833453174, 0.0 ], [ -99.910641272142641, 16.84080232286896, 0.0 ], [ -99.910605692264483, 16.840773764897506, 0.0 ], [ -99.910573104430796, 16.840739873946113, 0.0 ], [ -99.910516345518545, 16.84066881671259, 0.0 ], [ -99.910480298892253, 16.840641788487794, 0.0 ], [ -99.910442326817417, 16.840613899611864, 0.0 ], [ -99.910408539288198, 16.840577813415447, 0.0 ], [ -99.910399610818956, 16.840531302277899, 0.0 ], [ -99.91038726582525, 16.840490267112209, 0.0 ], [ -99.91036084464281, 16.840461393478613, 0.0 ], [ -99.910324938310794, 16.840465150845993, 0.0 ], [ -99.910310524876422, 16.840505239924934, 0.0 ], [ -99.910268304404326, 16.840533278987717, 0.0 ], [ -99.910184251967223, 16.840574145080829, 0.0 ], [ -99.910140762551805, 16.840592073065746, 0.0 ], [ -99.910097344182702, 16.840609105325989, 0.0 ], [ -99.910054579620692, 16.84062723475926, 0.0 ], [ -99.9100116693686, 16.840646189769977, 0.0 ], [ -99.909967071988262, 16.840662115863996, 0.0 ], [ -99.909921559098279, 16.840675406045246, 0.0 ], [ -99.909875265596611, 16.840685422694264, 0.0 ], [ -99.909829975738262, 16.840693535478461, 0.0 ], [ -99.909788862331709, 16.840710447229412, 0.0 ], [ -99.909753393070218, 16.840736696641272, 0.0 ], [ -99.909725710139028, 16.840785349964104, 0.0 ], [ -99.909693564771715, 16.840808448151442, 0.0 ], [ -99.909642466192395, 16.840821771607569, 0.0 ], [ -99.909595118685445, 16.840806551481244, 0.0 ], [ -99.909555970297447, 16.840792601197673, 0.0 ], [ -99.909521332908753, 16.840819537691569, 0.0 ], [ -99.909470321563617, 16.840823223113315, 0.0 ], [ -99.909422519898953, 16.840813876459375, 0.0 ], [ -99.909376927868379, 16.840799466622165, 0.0 ], [ -99.909333220817075, 16.840780392900847, 0.0 ], [ -99.909293448299593, 16.840757327988396, 0.0 ], [ -99.909279048354904, 16.840752483340502, 0.0 ], [ -99.90924582470069, 16.84074172115367, 0.0 ], [ -99.909202652745876, 16.840726139499793, 0.0 ], [ -99.909173381611879, 16.840680203029017, 0.0 ], [ -99.909168086403611, 16.840669616209933, 0.0 ], [ -99.909159094981817, 16.840648502826177, 0.0 ], [ -99.909137064289666, 16.840600721845931, 0.0 ], [ -99.909126258035997, 16.840556495885657, 0.0 ], [ -99.909109687127909, 16.840514955300982, 0.0 ], [ -99.909092051422647, 16.840472983041867, 0.0 ], [ -99.909075813263769, 16.840429905515805, 0.0 ], [ -99.90906438108199, 16.840385700239946, 0.0 ], [ -99.909039546303632, 16.840298689932695, 0.0 ], [ -99.908987586173737, 16.840125006563877, 0.0 ], [ -99.908925332403783, 16.839906987517509, 0.0 ], [ -99.908809369322512, 16.839469466442829, 0.0 ], [ -99.90879209784265, 16.839424721573653, 0.0 ], [ -99.908806915072546, 16.839376678890801, 0.0 ], [ -99.908838502860249, 16.839340836410486, 0.0 ], [ -99.908867337822926, 16.839306837540672, 0.0 ], [ -99.908886139948891, 16.839266141419323, 0.0 ], [ -99.908910060116796, 16.839227889655433, 0.0 ], [ -99.908923147051098, 16.839187091011524, 0.0 ], [ -99.908922881751209, 16.839144045861133, 0.0 ], [ -99.908915550477857, 16.839103688784352, 0.0 ], [ -99.908881486856671, 16.839077954683997, 0.0 ], [ -99.908845267560707, 16.839051006498771, 0.0 ], [ -99.908802620809922, 16.839032687308702, 0.0 ], [ -99.908763034452079, 16.839006093456412, 0.0 ], [ -99.908717795855253, 16.838968610612937, 0.0 ], [ -99.90868367557681, 16.838932614348835, 0.0 ], [ -99.908636979178766, 16.838859223374467, 0.0 ], [ -99.90856051881849, 16.838734785981668, 0.0 ], [ -99.908577185954016, 16.838714504470936, 0.0 ], [ -99.908593967303275, 16.838705287319268, 0.0 ], [ -99.908571138912464, 16.838664681130297, 0.0 ], [ -99.90854605322329, 16.838625147832428, 0.0 ], [ -99.908534532008616, 16.838581182675572, 0.0 ], [ -99.908513471684955, 16.838545424731592, 0.0 ], [ -99.908458897225955, 16.8385208588507, 0.0 ], [ -99.908416267562302, 16.838503550498611, 0.0 ], [ -99.908366757185604, 16.838473621060867, 0.0 ], [ -99.908358978949366, 16.838444626018774, 0.0 ], [ -99.908328044968925, 16.838415294630234, 0.0 ], [ -99.90829298939542, 16.838384482058352, 0.0 ], [ -99.908263671496854, 16.838349568577883, 0.0 ], [ -99.908228724741377, 16.838322593413007, 0.0 ], [ -99.908185979065252, 16.838303391088683, 0.0 ], [ -99.908114365151334, 16.838242184129506, 0.0 ], [ -99.908081905021575, 16.838207448714797, 0.0 ], [ -99.908058426420894, 16.838166665359434, 0.0 ], [ -99.908039341008362, 16.838125013258825, 0.0 ], [ -99.908019780753875, 16.83808422270868, 0.0 ], [ -99.907998657477663, 16.838044561707303, 0.0 ], [ -99.907973792122391, 16.838007174191819, 0.0 ], [ -99.907945756656943, 16.837971629387365, 0.0 ], [ -99.907915826319936, 16.837936917355016, 0.0 ], [ -99.907886813291384, 16.837906011253491, 0.0 ], [ -99.907871429488466, 16.837893929761094, 0.0 ], [ -99.90780821254458, 16.837810127335608, 0.0 ], [ -99.907676623742702, 16.837708244939616, 0.0 ], [ -99.907632812369968, 16.837675589656836, 0.0 ], [ -99.907619375599211, 16.837724244778194, 0.0 ], [ -99.907608536070654, 16.837744034359726, 0.0 ], [ -99.90757986118723, 16.837744162063473, 0.0 ], [ -99.907532163843882, 16.83772531766931, 0.0 ], [ -99.907513076632824, 16.837772032053685, 0.0 ], [ -99.906871672954878, 16.837561431514928, 0.0 ], [ -99.906493607859204, 16.837442218283794, 0.0 ], [ -99.906479502892353, 16.837437521124851, 0.0 ], [ -99.906442835733856, 16.837424491746955, 0.0 ], [ -99.906396041309904, 16.837408801275274, 0.0 ], [ -99.906342523554258, 16.837393571256428, 0.0 ], [ -99.906310251382536, 16.837385482753916, 0.0 ], [ -99.906264077490846, 16.837368184294338, 0.0 ], [ -99.906217908095471, 16.837351921853887, 0.0 ], [ -99.906159784012459, 16.837332838239938, 0.0 ], [ -99.906119268654891, 16.837317153164115, 0.0 ], [ -99.906084958619545, 16.837304396280896, 0.0 ], [ -99.9059931036644, 16.837273526152437, 0.0 ], [ -99.905911731207027, 16.837248854151426, 0.0 ], [ -99.905870249977625, 16.837232852514255, 0.0 ], [ -99.905826869380121, 16.837205516721262, 0.0 ], [ -99.905786846851129, 16.83718191851079, 0.0 ], [ -99.905749741722786, 16.837154250868025, 0.0 ], [ -99.9056781826676, 16.837095767056095, 0.0 ], [ -99.905653756181493, 16.837067655148243, 0.0 ], [ -99.905617213129347, 16.837035135663026, 0.0 ], [ -99.905584325821451, 16.837006927527799, 0.0 ], [ -99.90555786416968, 16.836965323091309, 0.0 ], [ -99.905532580629711, 16.836929148761264, 0.0 ], [ -99.905512963717982, 16.836889711690954, 0.0 ], [ -99.905487390596193, 16.836855736203287, 0.0 ], [ -99.905452455532043, 16.836816614794941, 0.0 ], [ -99.905420901019227, 16.83678316271277, 0.0 ], [ -99.905384401134711, 16.836747148462162, 0.0 ], [ -99.905358666135044, 16.836728862546973, 0.0 ], [ -99.905317199294984, 16.836691793391591, 0.0 ], [ -99.905205193230643, 16.836624746235142, 0.0 ], [ -99.905195042582648, 16.836618078661438, 0.0 ], [ -99.905182646327603, 16.836610986607745, 0.0 ], [ -99.905063608464218, 16.836565917982853, 0.0 ], [ -99.905026235338141, 16.836557092935656, 0.0 ], [ -99.904967810881374, 16.836539367297966, 0.0 ], [ -99.904933919929931, 16.836530566532531, 0.0 ], [ -99.904887189357908, 16.836520661399501, 0.0 ], [ -99.904850209235349, 16.83651630958013, 0.0 ], [ -99.904799621470886, 16.836512056686104, 0.0 ], [ -99.904753056373977, 16.836503551797584, 0.0 ], [ -99.90465678934487, 16.836491309326501, 0.0 ], [ -99.904614024783029, 16.836487262377432, 0.0 ], [ -99.904569349161704, 16.836481385307753, 0.0 ], [ -99.904521466558037, 16.836476653974383, 0.0 ], [ -99.904475716246907, 16.836471177103185, 0.0 ], [ -99.904435643355896, 16.836463754998473, 0.0 ], [ -99.904388479310512, 16.836458488568493, 0.0 ], [ -99.904299748600181, 16.836447411618838, 0.0 ], [ -99.904199090181521, 16.836436346360415, 0.0 ], [ -99.904170589766409, 16.836433928083292, 0.0 ], [ -99.904131122119225, 16.836429696773045, 0.0 ], [ -99.904099205179818, 16.836428577117257, 0.0 ], [ -99.904072945875228, 16.836424995117454, 0.0 ], [ -99.903973080658773, 16.836417165619874, 0.0 ], [ -99.90391402577734, 16.836436367944085, 0.0 ], [ -99.903868468820349, 16.836442525602077, 0.0 ], [ -99.90383034206225, 16.836455721354461, 0.0 ], [ -99.903788523587082, 16.836476047831525, 0.0 ], [ -99.903750459781463, 16.836502311632437, 0.0 ], [ -99.903713017407483, 16.836530012550092, 0.0 ], [ -99.903678657909268, 16.836557420288727, 0.0 ], [ -99.9036529606812, 16.836597855606605, 0.0 ], [ -99.903630976753732, 16.83663587894273, 0.0 ], [ -99.903601566224893, 16.836672775428209, 0.0 ], [ -99.903590628670202, 16.836705992787405, 0.0 ], [ -99.903578523795375, 16.836747568445503, 0.0 ], [ -99.903567631206784, 16.836790297933923, 0.0 ], [ -99.903551813930676, 16.836834208232229, 0.0 ], [ -99.903533724067756, 16.836874136332366, 0.0 ], [ -99.90352648542455, 16.836912808079774, 0.0 ], [ -99.903509630330689, 16.836961367872895, 0.0 ], [ -99.903496659408916, 16.837004801530494, 0.0 ], [ -99.903484800948334, 16.837048530165585, 0.0 ], [ -99.903459075841283, 16.837135457735254, 0.0 ], [ -99.903431603351407, 16.837221889778501, 0.0 ], [ -99.903418503826458, 16.837265287463026, 0.0 ], [ -99.903410197687947, 16.837307840684439, 0.0 ], [ -99.903400644189844, 16.83735020324945, 0.0 ], [ -99.903387429551685, 16.83739494092378, 0.0 ], [ -99.903351902733732, 16.837481968318343, 0.0 ], [ -99.903338214152825, 16.837525196930297, 0.0 ], [ -99.903323636142375, 16.837568025344179, 0.0 ], [ -99.903304343885964, 16.837613988794651, 0.0 ], [ -99.903287472604347, 16.837656384634553, 0.0 ], [ -99.903266909605748, 16.837699675299859, 0.0 ], [ -99.90324415046274, 16.837732505950385, 0.0 ], [ -99.903218635796861, 16.837766188259078, 0.0 ], [ -99.903187700917272, 16.83780960662807, 0.0 ], [ -99.903162178157629, 16.837841529862764, 0.0 ], [ -99.903137630262961, 16.837881401305651, 0.0 ], [ -99.903109403241956, 16.837919530761894, 0.0 ], [ -99.90308252250594, 16.837958934557321, 0.0 ], [ -99.903019696767103, 16.838042254946281, 0.0 ], [ -99.903003169026704, 16.838032617811098, 0.0 ], [ -99.902992113660616, 16.838023834132791, 0.0 ], [ -99.90294237035971, 16.838000436471017, 0.0 ], [ -99.902923263363505, 16.837986752386769, 0.0 ], [ -99.90291167559883, 16.837988234469485, 0.0 ], [ -99.902866427109529, 16.83798917605975, 0.0 ], [ -99.902820713670621, 16.837998054166921, 0.0 ], [ -99.902774545174736, 16.838000407692789, 0.0 ], [ -99.902746691372386, 16.838007899045401, 0.0 ], [ -99.902749967602517, 16.838036559539656, 0.0 ], [ -99.902760084975412, 16.838079910459665, 0.0 ], [ -99.902770234724187, 16.838129678941641, 0.0 ], [ -99.902746406287235, 16.838188066526179, 0.0 ], [ -99.902638826686029, 16.838188237397269, 0.0 ], [ -99.902592129388779, 16.838183957523764, 0.0 ], [ -99.902545354749861, 16.838183961120873, 0.0 ], [ -99.902507929462899, 16.838181125558545, 0.0 ], [ -99.902489351268116, 16.838204184175758, 0.0 ], [ -99.902489603977529, 16.838242076210864, 0.0 ], [ -99.902495077251615, 16.838285100677002, 0.0 ], [ -99.902504952707034, 16.838329542474462, 0.0 ], [ -99.902509644470058, 16.838377563573712, 0.0 ], [ -99.902503377994051, 16.83842587515408, 0.0 ], [ -99.902487963614192, 16.83847538822857, 0.0 ], [ -99.902447141587913, 16.8385113979827, 0.0 ], [ -99.902398604277664, 16.838531065256568, 0.0 ], [ -99.902356021378878, 16.838536675227541, 0.0 ], [ -99.902330663195016, 16.83856159544132, 0.0 ], [ -99.902317534891893, 16.838598789602479, 0.0 ], [ -99.902311104739283, 16.838646267511415, 0.0 ], [ -99.902276936796795, 16.838692793038145, 0.0 ], [ -99.902179587883325, 16.838710506084958, 0.0 ], [ -99.902143875804882, 16.838726639023147, 0.0 ], [ -99.902128777086944, 16.838747844137792, 0.0 ], [ -99.902162782252233, 16.838782618223256, 0.0 ], [ -99.902119437627618, 16.838826351355067, 0.0 ], [ -99.902095271944916, 16.838863880963455, 0.0 ], [ -99.902064714780352, 16.838902735273106, 0.0 ], [ -99.902024624802209, 16.838930630444224, 0.0 ], [ -99.901985661674416, 16.838959471702367, 0.0 ], [ -99.901936625240694, 16.838978963608373, 0.0 ], [ -99.901883572434556, 16.838979443846256, 0.0 ], [ -99.901832966683585, 16.838966735526522, 0.0 ], [ -99.901789925130402, 16.83894081436727, 0.0 ], [ -99.90175629678123, 16.838915604571635, 0.0 ], [ -99.901725848434694, 16.838912261791506, 0.0 ], [ -99.901709016723203, 16.83893479520469, 0.0 ], [ -99.901713073565134, 16.838973957082541, 0.0 ], [ -99.901712444938994, 16.839029692566324, 0.0 ], [ -99.901656926191777, 16.839065358779408, 0.0 ], [ -99.901603713306315, 16.8390447661032, 0.0 ], [ -99.901578837159207, 16.839033555154622, 0.0 ], [ -99.901568994079412, 16.839057626408415, 0.0 ], [ -99.901556708440864, 16.839088459664701, 0.0 ], [ -99.901583761846737, 16.839113137061695, 0.0 ], [ -99.901617844353552, 16.83917220723162, 0.0 ], [ -99.901537616733094, 16.83920730237514, 0.0 ], [ -99.901519606010595, 16.839155369225061, 0.0 ], [ -99.901488227765071, 16.839149378840883, 0.0 ], [ -99.901451557908672, 16.839157559074067, 0.0 ], [ -99.901420837966896, 16.83918643360709, 0.0 ], [ -99.901383035863944, 16.839213564354676, 0.0 ], [ -99.901349974087623, 16.839243245579429, 0.0 ], [ -99.90131787908247, 16.839276685070953, 0.0 ], [ -99.90128125059482, 16.839307163994533, 0.0 ], [ -99.901241996986187, 16.839336954037321, 0.0 ], [ -99.901194957047267, 16.839355556513848, 0.0 ], [ -99.901148471990041, 16.839367062440029, 0.0 ], [ -99.90110520830433, 16.839378866941214, 0.0 ], [ -99.901067650817083, 16.839396793127662, 0.0 ], [ -99.901032776007469, 16.839431804634213, 0.0 ], [ -99.90098006584293, 16.839437809407453, 0.0 ], [ -99.900936123169004, 16.839445490517047, 0.0 ], [ -99.900907577788075, 16.839455804841574, 0.0 ], [ -99.900911567180628, 16.839487612963008, 0.0 ], [ -99.900911757836937, 16.839534064745347, 0.0 ], [ -99.900910835132549, 16.839581310629168, 0.0 ], [ -99.900900241118848, 16.839626240758488, 0.0 ], [ -99.900888281034838, 16.839722677759422, 0.0 ], [ -99.900843734916066, 16.839755525497136, 0.0 ], [ -99.900760829114631, 16.839800878307866, 0.0 ], [ -99.900719762472534, 16.839822230011908, 0.0 ], [ -99.900679666199096, 16.839845607888659, 0.0 ], [ -99.900635834142008, 16.839868724961718, 0.0 ], [ -99.900585988318312, 16.839879549201832, 0.0 ], [ -99.900536022884637, 16.839882404549481, 0.0 ], [ -99.900488344427117, 16.839877310789401, 0.0 ], [ -99.900442557243821, 16.839875041799754, 0.0 ], [ -99.900349348809073, 16.839875464481221, 0.0 ], [ -99.900302673994815, 16.839876253186667, 0.0 ], [ -99.900258887803091, 16.839877560800971, 0.0 ], [ -99.900220430993613, 16.839890966994624, 0.0 ], [ -99.900184169429451, 16.83991852132289, 0.0 ], [ -99.900138547721383, 16.839938383749594, 0.0 ], [ -99.900097238262504, 16.839952229711624, 0.0 ], [ -99.900063898595647, 16.839982627696191, 0.0 ], [ -99.900014669706763, 16.840004929084326, 0.0 ], [ -99.899968517398747, 16.840003727589981, 0.0 ], [ -99.899927075739583, 16.840026353633387, 0.0 ], [ -99.899831931064341, 16.840017410775026, 0.0 ], [ -99.899792556047203, 16.840031026510758, 0.0 ], [ -99.899752932817194, 16.840048842979797, 0.0 ], [ -99.899717546293346, 16.840076644621483, 0.0 ], [ -99.899680750531672, 16.840099364194373, 0.0 ], [ -99.899660304444978, 16.840131401642957, 0.0 ], [ -99.89965245606146, 16.840174629355765, 0.0 ], [ -99.899630608831103, 16.840223108209951, 0.0 ], [ -99.899583172291159, 16.840252394632323, 0.0 ], [ -99.899533522519619, 16.840261130646695, 0.0 ], [ -99.89949364747946, 16.840268818051523, 0.0 ], [ -99.899465261278294, 16.840298499276344, 0.0 ], [ -99.899429836983018, 16.840327936784945, 0.0 ], [ -99.899403069561629, 16.840356775344897, 0.0 ], [ -99.899397545026261, 16.840390902818001, 0.0 ], [ -99.899413561052597, 16.84042573895681, 0.0 ], [ -99.89943860447363, 16.840459973449185, 0.0 ], [ -99.899472274191567, 16.840492572973854, 0.0 ], [ -99.899500941880547, 16.840539940266183, 0.0 ], [ -99.899486163321455, 16.840597790056044, 0.0 ], [ -99.899442047078324, 16.840625894769229, 0.0 ], [ -99.899407224429467, 16.840655923132317, 0.0 ], [ -99.899368913310298, 16.840681395530051, 0.0 ], [ -99.899328933049446, 16.840718727287477, 0.0 ], [ -99.899265186404762, 16.840704027868696, 0.0 ], [ -99.899252614781915, 16.840682007968322, 0.0 ], [ -99.899247906830965, 16.840688072996265, 0.0 ], [ -99.899264867145575, 16.84073557698548, 0.0 ], [ -99.899193515833701, 16.840777065409323, 0.0 ], [ -99.899166369797811, 16.840718382847054, 0.0 ], [ -99.899144458715398, 16.840685906529409, 0.0 ], [ -99.899116888199501, 16.840673059714106, 0.0 ], [ -99.899086587341742, 16.840693659584868, 0.0 ], [ -99.899042781364756, 16.840715839564321, 0.0 ], [ -99.898997588633449, 16.840731342077898, 0.0 ], [ -99.898956906901347, 16.840746680015393, 0.0 ], [ -99.898927879483722, 16.840769509305517, 0.0 ], [ -99.898918511245881, 16.8408100417501, 0.0 ], [ -99.898892995680853, 16.840854612150618, 0.0 ], [ -99.898847133853806, 16.840893863061407, 0.0 ], [ -99.898792024298132, 16.840874530335441, 0.0 ], [ -99.898751567396459, 16.840857826327632, 0.0 ], [ -99.898709051946696, 16.840856051965311, 0.0 ], [ -99.898662650526489, 16.840858596147424, 0.0 ], [ -99.898568439347571, 16.840859151928438, 0.0 ], [ -99.898522732203901, 16.840859870486604, 0.0 ], [ -99.898477752611768, 16.840865835689897, 0.0 ], [ -99.898432669597639, 16.840873675080211, 0.0 ], [ -99.898388227800069, 16.84088486984103, 0.0 ], [ -99.898343842659813, 16.840897359625554, 0.0 ], [ -99.898297308139831, 16.840912671482727, 0.0 ], [ -99.89824687505876, 16.840914947666761, 0.0 ], [ -99.898199613886732, 16.840912756918218, 0.0 ], [ -99.89810706645352, 16.84091345659089, 0.0 ], [ -99.898057671190202, 16.840917591673584, 0.0 ], [ -99.898007780400292, 16.840904361746926, 0.0 ], [ -99.897966500619077, 16.840886477828747, 0.0 ], [ -99.897923805304856, 16.84088260175081, 0.0 ], [ -99.897831506984062, 16.840883136847367, 0.0 ], [ -99.897777897497633, 16.84088674043079, 0.0 ], [ -99.897736961257351, 16.840854776726527, 0.0 ], [ -99.897704395007281, 16.840837302899377, 0.0 ], [ -99.897681153827762, 16.840844209692531, 0.0 ], [ -99.897683545125119, 16.8408906129116, 0.0 ], [ -99.897616263245482, 16.840904752952035, 0.0 ], [ -99.897552355622224, 16.840878188777541, 0.0 ], [ -99.897569738618131, 16.840821494616304, 0.0 ], [ -99.897572205458459, 16.840778757034165, 0.0 ], [ -99.897573101183241, 16.840742201391542, 0.0 ], [ -99.897547730408917, 16.840720336174684, 0.0 ], [ -99.897509969674957, 16.840709591074809, 0.0 ], [ -99.897476220816543, 16.840711673005327, 0.0 ], [ -99.897457797305151, 16.840740846113192, 0.0 ], [ -99.897439836944443, 16.840785948912526, 0.0 ], [ -99.897393462503842, 16.840822897558773, 0.0 ], [ -99.897337976132349, 16.840815131013521, 0.0 ], [ -99.897291896669344, 16.840804713267062, 0.0 ], [ -99.897248049323593, 16.840796715596063, 0.0 ], [ -99.897204792832383, 16.840797297457414, 0.0 ], [ -99.897161568717081, 16.84080583562098, 0.0 ], [ -99.897108452958278, 16.840822337281107, 0.0 ], [ -99.89706262530558, 16.840788095594291, 0.0 ], [ -99.89702974968867, 16.840756577054492, 0.0 ], [ -99.896998037794674, 16.840735575186727, 0.0 ], [ -99.896970548217737, 16.840737884645819, 0.0 ], [ -99.896955816423372, 16.840783453293902, 0.0 ], [ -99.896892416917126, 16.840777703927927, 0.0 ], [ -99.896838927939768, 16.840764206902744, 0.0 ], [ -99.896802124084331, 16.840714120060678, 0.0 ], [ -99.896815675968242, 16.840679303706963, 0.0 ], [ -99.896788993982341, 16.840668858980848, 0.0 ], [ -99.896744968571056, 16.840650898620137, 0.0 ], [ -99.896698098603963, 16.840627393939087, 0.0 ], [ -99.896674530970429, 16.840590649439033, 0.0 ], [ -99.896636102040077, 16.840579997868751, 0.0 ], [ -99.89658452682005, 16.840563896406703, 0.0 ], [ -99.896557632594295, 16.840521227172861, 0.0 ], [ -99.896527313750141, 16.84049086785944, 0.0 ], [ -99.896488696861525, 16.840460403325036, 0.0 ], [ -99.896468506182259, 16.840420557962485, 0.0 ], [ -99.896430016097952, 16.840395382341111, 0.0 ], [ -99.896408090626494, 16.84035617639648, 0.0 ], [ -99.896370105961182, 16.840334840880356, 0.0 ], [ -99.896336483907191, 16.840303147872131, 0.0 ], [ -99.896295412768666, 16.840279415662501, 0.0 ], [ -99.896265353828653, 16.84024471172415, 0.0 ], [ -99.896230243396587, 16.840224428414672, 0.0 ], [ -99.896193928772391, 16.840215753554212, 0.0 ], [ -99.896163349124834, 16.840229719126388, 0.0 ], [ -99.896139033255452, 16.840275526094729, 0.0 ], [ -99.896069426628287, 16.84026852397318, 0.0 ], [ -99.896044179061164, 16.840220970521504, 0.0 ], [ -99.896018571765239, 16.840188412365361, 0.0 ], [ -99.895984402024169, 16.84016494545585, 0.0 ], [ -99.895945975791619, 16.840149417761545, 0.0 ], [ -99.89586093320105, 16.840144209787582, 0.0 ], [ -99.895923768832461, 16.840083501052845, 0.0 ], [ -99.895947196171619, 16.840063719565077, 0.0 ], [ -99.895930833906391, 16.84003994149009, 0.0 ], [ -99.895902942332555, 16.840006853633376, 0.0 ], [ -99.89587461368815, 16.839983822895192, 0.0 ], [ -99.895832772729776, 16.839988377961379, 0.0 ], [ -99.895768595310074, 16.839965996533632, 0.0 ], [ -99.895806604256961, 16.839911079432905, 0.0 ], [ -99.895829304944087, 16.839898863941524, 0.0 ], [ -99.89581871452765, 16.839888230357584, 0.0 ], [ -99.895776740469799, 16.839885756322698, 0.0 ], [ -99.895727078107782, 16.839869802349657, 0.0 ], [ -99.895691712268274, 16.83984471396246, 0.0 ], [ -99.895652426284016, 16.839843977417786, 0.0 ], [ -99.895620367251695, 16.839848894011308, 0.0 ], [ -99.895610456722878, 16.839892329467592, 0.0 ], [ -99.895526480728165, 16.839909857254092, 0.0 ], [ -99.895537115211312, 16.839837536473276, 0.0 ], [ -99.89555182272403, 16.839798639895431, 0.0 ], [ -99.895544095749074, 16.839770760912014, 0.0 ], [ -99.895507553596303, 16.839761949354511, 0.0 ], [ -99.895462437307287, 16.839741683132214, 0.0 ], [ -99.895424085718446, 16.839719095759673, 0.0 ], [ -99.895382343685867, 16.839709736515257, 0.0 ], [ -99.895336293001094, 16.839704469185957, 0.0 ], [ -99.895292463641738, 16.839697232341393, 0.0 ], [ -99.895247956193884, 16.839703334241559, 0.0 ], [ -99.895191643345186, 16.839705383796563, 0.0 ], [ -99.895159303724427, 16.83967278247297, 0.0 ], [ -99.895122258850677, 16.839674487587612, 0.0 ], [ -99.895074897853874, 16.83968295200679, 0.0 ], [ -99.895018679434088, 16.83967844820182, 0.0 ], [ -99.894982558164202, 16.839643066174737, 0.0 ], [ -99.894948829990085, 16.839623495128244, 0.0 ], [ -99.894906604122127, 16.839623327854433, 0.0 ], [ -99.894859034482522, 16.839620825041209, 0.0 ], [ -99.894811207636621, 16.83961713512274, 0.0 ], [ -99.894762759359423, 16.839609287638492, 0.0 ], [ -99.894715685246183, 16.839594562139496, 0.0 ], [ -99.894671754263641, 16.839574659243226, 0.0 ], [ -99.894629019379352, 16.839552888455039, 0.0 ], [ -99.894587160434696, 16.839525862028999, 0.0 ], [ -99.894555570848468, 16.839490936857427, 0.0 ], [ -99.894535463806221, 16.839474172595082, 0.0 ], [ -99.894504873366884, 16.839509087874088, 0.0 ], [ -99.894456024891099, 16.839466136253176, 0.0 ], [ -99.894418345995462, 16.839435096152894, 0.0 ], [ -99.89439344826468, 16.839396033200387, 0.0 ], [ -99.894362173441166, 16.83936641223022, 0.0 ], [ -99.894327013546516, 16.839338177115337, 0.0 ], [ -99.894291995744609, 16.839312289230797, 0.0 ], [ -99.894251387756924, 16.839295754295726, 0.0 ], [ -99.894200520303343, 16.839277682419141, 0.0 ], [ -99.894178737823964, 16.839232691135916, 0.0 ], [ -99.89415093888033, 16.839204795065367, 0.0 ], [ -99.894113667377397, 16.839188776341068, 0.0 ], [ -99.894064175886683, 16.839181035876091, 0.0 ], [ -99.894025342261273, 16.839146468634791, 0.0 ], [ -99.893991844313746, 16.839114687492952, 0.0 ], [ -99.893959180037598, 16.839085027851805, 0.0 ], [ -99.893918920987005, 16.839060626546651, 0.0 ], [ -99.893885376274682, 16.839025771522188, 0.0 ], [ -99.893853568153304, 16.838993082065198, 0.0 ], [ -99.893821545093772, 16.8389625932491, 0.0 ], [ -99.893784077538669, 16.838937058798244, 0.0 ], [ -99.893744708816826, 16.838906992663617, 0.0 ], [ -99.893719147386321, 16.838871306665453, 0.0 ], [ -99.8936805889536, 16.838852221253092, 0.0 ], [ -99.893639446768645, 16.838825345013728, 0.0 ], [ -99.893604251800411, 16.838792418135647, 0.0 ], [ -99.893539681376694, 16.838725146148697, 0.0 ], [ -99.893509481243143, 16.838688214589581, 0.0 ], [ -99.893484410842362, 16.83864835573717, 0.0 ], [ -99.893460680431531, 16.838607656018549, 0.0 ], [ -99.893445266051742, 16.838570583265888, 0.0 ], [ -99.893409022473975, 16.838551280217469, 0.0 ], [ -99.893367939644349, 16.8385223966913, 0.0 ], [ -99.893342704667646, 16.838490332263063, 0.0 ], [ -99.893299752147414, 16.838485133282401, 0.0 ], [ -99.893256059485168, 16.838458043903696, 0.0 ], [ -99.893219734068964, 16.838431236912182, 0.0 ], [ -99.89317747222816, 16.838411641584166, 0.0 ], [ -99.893135642061736, 16.838380934232877, 0.0 ], [ -99.893111338782901, 16.838340430566451, 0.0 ], [ -99.893079456917008, 16.838307375085257, 0.0 ], [ -99.893055096081468, 16.838267583682061, 0.0 ], [ -99.893034343325951, 16.838240670570656, 0.0 ], [ -99.89300888172005, 16.838244076303052, 0.0 ], [ -99.892986805162593, 16.83828856216746, 0.0 ], [ -99.892917263286563, 16.838276268435031, 0.0 ], [ -99.892894450184315, 16.838231921965811, 0.0 ], [ -99.892861337146485, 16.838210315753479, 0.0 ], [ -99.892820039378819, 16.83819421609024, 0.0 ], [ -99.892784067396462, 16.838181833324995, 0.0 ], [ -99.892746311158817, 16.83820136659989, 0.0 ], [ -99.892687168143823, 16.838203953949456, 0.0 ], [ -99.892639711818731, 16.838160449245436, 0.0 ], [ -99.892652862605132, 16.838102969076878, 0.0 ], [ -99.892675362743319, 16.838071035050287, 0.0 ], [ -99.892661409761729, 16.838040986002735, 0.0 ], [ -99.892634156706549, 16.838007405317676, 0.0 ], [ -99.892608881260458, 16.837978735830124, 0.0 ], [ -99.892563581509648, 16.837974054858929, 0.0 ], [ -99.892524216385084, 16.83793957125431, 0.0 ], [ -99.892490898301844, 16.837909389107036, 0.0 ], [ -99.892455119673627, 16.837885217129209, 0.0 ], [ -99.892422244056775, 16.837871366670296, 0.0 ], [ -99.892388423252783, 16.837889005073578, 0.0 ], [ -99.892332544776593, 16.837913138380653, 0.0 ], [ -99.892289844066639, 16.837867882696678, 0.0 ], [ -99.892268165908604, 16.837821803233734, 0.0 ], [ -99.892261668306958, 16.837779012591451, 0.0 ], [ -99.892233579781475, 16.837742148481421, 0.0 ], [ -99.892230158760412, 16.837705839253083, 0.0 ], [ -99.892195574431767, 16.837699820090677, 0.0 ], [ -99.892146170175067, 16.837677150879809, 0.0 ], [ -99.89211717513308, 16.837634262211559, 0.0 ], [ -99.892096468242983, 16.837595817992732, 0.0 ], [ -99.892068718762005, 16.83756899121602, 0.0 ], [ -99.892016732551781, 16.83755382145176, 0.0 ], [ -99.892008636854598, 16.837494286332337, 0.0 ], [ -99.892019164318583, 16.837448518034758, 0.0 ], [ -99.892022027759992, 16.837396271920447, 0.0 ], [ -99.89206631757196, 16.837365299269145, 0.0 ], [ -99.892104111581034, 16.837331404720654, 0.0 ], [ -99.892143051326343, 16.837325942238461, 0.0 ], [ -99.892148225126164, 16.837299109166679, 0.0 ], [ -99.892133648914239, 16.837260917657375, 0.0 ], [ -99.892118102334166, 16.837212785042134, 0.0 ], [ -99.892129588475257, 16.837161565054256, 0.0 ], [ -99.892156285749593, 16.837112474661009, 0.0 ], [ -99.892208656869684, 16.837098152058161, 0.0 ], [ -99.892244667522959, 16.837086066069219, 0.0 ], [ -99.892259565691973, 16.837052857703384, 0.0 ], [ -99.892271708338342, 16.837013464699673, 0.0 ], [ -99.892270002324324, 16.836975125701592, 0.0 ], [ -99.892252031171836, 16.8369399352299, 0.0 ], [ -99.892224127007466, 16.836907834828821, 0.0 ], [ -99.892189021071957, 16.83687654921345, 0.0 ], [ -99.892159809293389, 16.83683557340316, 0.0 ], [ -99.892144468657762, 16.836792156832693, 0.0 ], [ -99.892122176263015, 16.836755431218368, 0.0 ], [ -99.892095568920979, 16.836719612120415, 0.0 ], [ -99.892065637684652, 16.836682206618658, 0.0 ], [ -99.892046198838614, 16.836637667694276, 0.0 ], [ -99.892032838510147, 16.836597923955132, 0.0 ], [ -99.891999663419313, 16.836564862178697, 0.0 ], [ -99.89198795694432, 16.836517126164601, 0.0 ], [ -99.891970918388779, 16.836472843546854, 0.0 ], [ -99.891970389587414, 16.83642470193848, 0.0 ], [ -99.891968941678954, 16.836381395085414, 0.0 ], [ -99.89195869480352, 16.836336485640398, 0.0 ], [ -99.891961691344477, 16.836282675605045, 0.0 ], [ -99.891996546369114, 16.836244253869378, 0.0 ], [ -99.892025804912649, 16.836208874540024, 0.0 ], [ -99.892057362123069, 16.836174356761205, 0.0 ], [ -99.892091401462608, 16.836139914525461, 0.0 ], [ -99.892133362030563, 16.836112901589214, 0.0 ], [ -99.892178373998334, 16.83609282962038, 0.0 ], [ -99.892225791652606, 16.836078475541221, 0.0 ], [ -99.892273347802359, 16.836072102045925, 0.0 ], [ -99.892318576506682, 16.836063762632641, 0.0 ], [ -99.892362718829986, 16.836053733393154, 0.0 ], [ -99.892402494045371, 16.836039464749661, 0.0 ], [ -99.892436094515688, 16.836011901428265, 0.0 ], [ -99.89247318705344, 16.835984733808456, 0.0 ], [ -99.892505629197004, 16.835956183930815, 0.0 ], [ -99.892530651034349, 16.835921259658441, 0.0 ], [ -99.892553179051447, 16.835883881136279, 0.0 ], [ -99.892569763449387, 16.835844534897483, 0.0 ], [ -99.892579900607529, 16.83580176673814, 0.0 ], [ -99.892592878723974, 16.835750540455191, 0.0 ], [ -99.892638906026207, 16.83574861500659, 0.0 ], [ -99.892671242949078, 16.83577271234088, 0.0 ], [ -99.892697710896201, 16.835788782326571, 0.0 ], [ -99.892732785355363, 16.835785731826096, 0.0 ], [ -99.892767450622955, 16.835760551708177, 0.0 ], [ -99.892809700772659, 16.835740922205897, 0.0 ], [ -99.892842833595353, 16.835716763717691, 0.0 ], [ -99.892865020769705, 16.835682220757914, 0.0 ], [ -99.892882009862319, 16.8356456669141, 0.0 ], [ -99.8928816591269, 16.835605588627054, 0.0 ], [ -99.89287414349252, 16.835553492699653, 0.0 ], [ -99.89291531445582, 16.835510738929543, 0.0 ], [ -99.892958841642724, 16.835496343481505, 0.0 ], [ -99.892975185022252, 16.835475981031834, 0.0 ], [ -99.892956789389928, 16.835453292035933, 0.0 ], [ -99.892919933373832, 16.835426424789716, 0.0 ], [ -99.892887716060841, 16.835392233464916, 0.0 ], [ -99.892851123546166, 16.835359043085418, 0.0 ], [ -99.892827759159275, 16.835303980294434, 0.0 ], [ -99.892865522591364, 16.835256456520362, 0.0 ], [ -99.892916392742976, 16.83523266495558, 0.0 ], [ -99.892979693323639, 16.835237911600473, 0.0 ], [ -99.893000984773209, 16.835287692672917, 0.0 ], [ -99.893022512744267, 16.83531488997027, 0.0 ], [ -99.89306286712322, 16.835316014122775, 0.0 ], [ -99.893123681977954, 16.835333071564094, 0.0 ], [ -99.893124356469343, 16.835429836817688, 0.0 ], [ -99.89315022187084, 16.835456496320372, 0.0 ], [ -99.893194276959832, 16.835487713587206, 0.0 ], [ -99.89319420861132, 16.835546033722604, 0.0 ], [ -99.893171833478917, 16.835592591624842, 0.0 ], [ -99.893147823378911, 16.835621844772493, 0.0 ], [ -99.893157425440393, 16.835647555490475, 0.0 ], [ -99.893189349574413, 16.835660853765486, 0.0 ], [ -99.893234166389163, 16.835660277300065, 0.0 ], [ -99.89328541515539, 16.83566973906721, 0.0 ], [ -99.893329197749836, 16.835695131425318, 0.0 ], [ -99.893366390112362, 16.835721314287412, 0.0 ], [ -99.893396689171553, 16.835735446233851, 0.0 ], [ -99.893414893248178, 16.835722022953064, 0.0 ], [ -99.893408028723115, 16.83569643364358, 0.0 ], [ -99.893374099100981, 16.835674114269121, 0.0 ], [ -99.893331272485852, 16.835637315809542, 0.0 ], [ -99.893334896753572, 16.835589828907523, 0.0 ], [ -99.893323352156472, 16.835574109657603, 0.0 ], [ -99.893305421473485, 16.835588332435744, 0.0 ], [ -99.893264477139553, 16.835610992653297, 0.0 ], [ -99.893234345354301, 16.83557326429473, 0.0 ], [ -99.893247436785259, 16.835522529041551, 0.0 ], [ -99.893270459429743, 16.835478638528453, 0.0 ], [ -99.893301402403381, 16.835441940792972, 0.0 ], [ -99.893334029807249, 16.835404407587411, 0.0 ], [ -99.893378541751872, 16.835382165554673, 0.0 ], [ -99.893418858359269, 16.835359113232464, 0.0 ], [ -99.893459295475679, 16.835338697722868, 0.0 ], [ -99.893496021089959, 16.835310632579763, 0.0 ], [ -99.893538614780823, 16.835288886073265, 0.0 ], [ -99.893579464686184, 16.835265588236378, 0.0 ], [ -99.893624412802069, 16.835245789661538, 0.0 ], [ -99.893669651398909, 16.835233783712223, 0.0 ], [ -99.893708642405443, 16.8352166039632, 0.0 ], [ -99.893744110767557, 16.835187919187256, 0.0 ], [ -99.893787855590631, 16.835165267962903, 0.0 ], [ -99.893830942109958, 16.835147366957578, 0.0 ], [ -99.893874874891196, 16.835124606015821, 0.0 ], [ -99.893932242644496, 16.835119220875463, 0.0 ], [ -99.893970361308632, 16.835144957673773, 0.0 ], [ -99.894008796534195, 16.835140040180878, 0.0 ], [ -99.894052989219688, 16.835130474991558, 0.0 ], [ -99.894094838271769, 16.835117750483839, 0.0 ], [ -99.894130017951454, 16.835097256732976, 0.0 ], [ -99.894154308639941, 16.835066566468978, 0.0 ], [ -99.894168282305998, 16.835023682297216, 0.0 ], [ -99.894197048020942, 16.834985246172149, 0.0 ], [ -99.894221705632788, 16.834945904430008, 0.0 ], [ -99.894249694333496, 16.834914435353081, 0.0 ], [ -99.894255377149477, 16.834876245642306, 0.0 ], [ -99.894255039903783, 16.834832986453186, 0.0 ], [ -99.894251544238955, 16.834785940219085, 0.0 ], [ -99.894260364789488, 16.834745834053074, 0.0 ], [ -99.894241504207571, 16.834713033080096, 0.0 ], [ -99.894211671896755, 16.834672005109041, 0.0 ], [ -99.894212449810311, 16.834619440634807, 0.0 ], [ -99.894221564439249, 16.83457207064458, 0.0 ], [ -99.894238010341496, 16.834527781731765, 0.0 ], [ -99.89425560647652, 16.834486158409558, 0.0 ], [ -99.894269491109696, 16.8344451601161, 0.0 ], [ -99.894276225233114, 16.834404433417998, 0.0 ], [ -99.894271297847695, 16.834365058400802, 0.0 ], [ -99.894252788900701, 16.834328102559937, 0.0 ], [ -99.894224507021022, 16.834286283185456, 0.0 ], [ -99.894227081780002, 16.834237615473679, 0.0 ], [ -99.894219216309409, 16.83420132243327, 0.0 ], [ -99.894186790353629, 16.834172483873086, 0.0 ], [ -99.894161235218462, 16.834125854924419, 0.0 ], [ -99.894160090381433, 16.833941403972624, 0.0 ], [ -99.89415626106819, 16.833896325455207, 0.0 ], [ -99.894155986774877, 16.833852034743639, 0.0 ], [ -99.894147660851502, 16.833808198189896, 0.0 ], [ -99.894144002409291, 16.833761356101828, 0.0 ], [ -99.894144779423698, 16.833714828776348, 0.0 ], [ -99.894148597045728, 16.833664764417446, 0.0 ], [ -99.894175244857252, 16.833623855156752, 0.0 ], [ -99.894188805734473, 16.833593540809318, 0.0 ], [ -99.894161038266816, 16.833559766769891, 0.0 ], [ -99.894162454699028, 16.833502203863642, 0.0 ], [ -99.89411580686459, 16.833440769376125, 0.0 ], [ -99.894103515830068, 16.833391210436044, 0.0 ], [ -99.894103490649059, 16.833343320637763, 0.0 ], [ -99.894106365781738, 16.833299405842972, 0.0 ], [ -99.894101028305386, 16.83326057671422, 0.0 ], [ -99.894070635716844, 16.833217277055834, 0.0 ], [ -99.894110239161819, 16.83315148715144, 0.0 ], [ -99.894165194034144, 16.833187878218148, 0.0 ], [ -99.894169840831125, 16.833190609459159, 0.0 ], [ -99.89416824093712, 16.833181271798363, 0.0 ], [ -99.894181860270237, 16.833128508573843, 0.0 ], [ -99.894211378717671, 16.833102456113522, 0.0 ], [ -99.894199266648343, 16.833070416866402, 0.0 ], [ -99.894186763374023, 16.833021357949455, 0.0 ], [ -99.89419370164353, 16.832992916889623, 0.0 ], [ -99.894155849178674, 16.832988736840765, 0.0 ], [ -99.894139158660778, 16.832936508713029, 0.0 ], [ -99.894112935329304, 16.832896138146396, 0.0 ], [ -99.894110891170328, 16.832847510004676, 0.0 ], [ -99.894100562456629, 16.832794674834531, 0.0 ], [ -99.894168091649703, 16.83273339862745, 0.0 ], [ -99.894189785096103, 16.832706103304133, 0.0 ], [ -99.89420722295057, 16.832656458029188, 0.0 ], [ -99.894256880816044, 16.83262990464641, 0.0 ], [ -99.894305580903449, 16.832618937414164, 0.0 ], [ -99.894350646830446, 16.83261105215831, 0.0 ], [ -99.894393358332309, 16.832596088338786, 0.0 ], [ -99.894439035798428, 16.832580701838026, 0.0 ], [ -99.894485966919433, 16.832571867797519, 0.0 ], [ -99.894529477019333, 16.832561536385864, 0.0 ], [ -99.894571819799182, 16.832543440227713, 0.0 ], [ -99.894617842604816, 16.832529467461082, 0.0 ], [ -99.894659938970619, 16.832517986715846, 0.0 ], [ -99.894695099764533, 16.83249279670525, 0.0 ], [ -99.894738542415439, 16.832464016601072, 0.0 ], [ -99.894796981261266, 16.832461947261205, 0.0 ], [ -99.894839535381777, 16.83248945572387, 0.0 ], [ -99.894924105828409, 16.832524409673848, 0.0 ], [ -99.894968465787656, 16.832542112828374, 0.0 ], [ -99.895008386693291, 16.832564312593028, 0.0 ], [ -99.895050443488742, 16.832577075771493, 0.0 ], [ -99.895094101976781, 16.832586606786546, 0.0 ], [ -99.895140156258776, 16.832589955861856, 0.0 ], [ -99.89518584901333, 16.832596343746445, 0.0 ], [ -99.895231056133923, 16.832596137801662, 0.0 ], [ -99.895276186812055, 16.832594454270627, 0.0 ], [ -99.895321046794507, 16.832586044710297, 0.0 ], [ -99.895369833216819, 16.832578033549506, 0.0 ], [ -99.895420610738142, 16.832581942902316, 0.0 ], [ -99.895469729010358, 16.832594370633725, 0.0 ], [ -99.895557831993926, 16.832639923094, 0.0 ], [ -99.895588871195059, 16.832677456299727, 0.0 ], [ -99.895620221561558, 16.83270849550081, 0.0 ], [ -99.895650629438592, 16.832732620713895, 0.0 ], [ -99.895688162644205, 16.832733448989472, 0.0 ], [ -99.895725706641727, 16.832722955699861, 0.0 ], [ -99.895754860863747, 16.832694188186334, 0.0 ], [ -99.895784675188168, 16.832663215535028, 0.0 ], [ -99.895801908896431, 16.832628702252862, 0.0 ], [ -99.89580169395856, 16.832587808280778, 0.0 ], [ -99.8958008396026, 16.83254554643997, 0.0 ], [ -99.89578626429028, 16.832504009452634, 0.0 ], [ -99.89577483030979, 16.832438456069951, 0.0 ], [ -99.895852792537823, 16.832432912648979, 0.0 ], [ -99.895888270792739, 16.832481578562064, 0.0 ], [ -99.895897349448603, 16.832530903678276, 0.0 ], [ -99.895901386505443, 16.832581334061381, 0.0 ], [ -99.895883799363446, 16.832620231538613, 0.0 ], [ -99.895894013863199, 16.832646898235907, 0.0 ], [ -99.895923754443345, 16.832654186341639, 0.0 ], [ -99.895961493593632, 16.832638611882594, 0.0 ], [ -99.89600479325226, 16.83262330452191, 0.0 ], [ -99.896043616085649, 16.832603365652854, 0.0 ], [ -99.896078992716923, 16.832576757411573, 0.0 ], [ -99.896113183142461, 16.832548645503724, 0.0 ], [ -99.896140411916065, 16.832517401257057, 0.0 ], [ -99.896156592518196, 16.832478424639753, 0.0 ], [ -99.896170302682947, 16.832441700823949, 0.0 ], [ -99.896160823828495, 16.832410021305577, 0.0 ], [ -99.896127213465775, 16.832387299934108, 0.0 ], [ -99.89608366919164, 16.832352494372113, 0.0 ], [ -99.896084124248603, 16.832296069108395, 0.0 ], [ -99.896097756172082, 16.832253641792303, 0.0 ], [ -99.896090641635283, 16.83216587155783, 0.0 ], [ -99.89609314804585, 16.832115787413723, 0.0 ], [ -99.896116931516758, 16.8320697969836, 0.0 ], [ -99.896150648898924, 16.832033152308213, 0.0 ], [ -99.896185353736655, 16.832005379444745, 0.0 ], [ -99.896203801529737, 16.831975479684726, 0.0 ], [ -99.896193232697101, 16.831932235784215, 0.0 ], [ -99.896235961286209, 16.831903937716675, 0.0 ], [ -99.896291945882183, 16.831896596550791, 0.0 ], [ -99.896310799269543, 16.831940686713377, 0.0 ], [ -99.896335104347258, 16.831957397016421, 0.0 ], [ -99.896363941108575, 16.83194251323652, 0.0 ], [ -99.896393809392407, 16.831915089310083, 0.0 ], [ -99.89641297034791, 16.831879682101711, 0.0 ], [ -99.896422675831332, 16.83183997433542, 0.0 ], [ -99.896422446504289, 16.831751545797321, 0.0 ], [ -99.896423093116837, 16.831705080525122, 0.0 ], [ -99.896430283196608, 16.831655910991621, 0.0 ], [ -99.89645387780979, 16.831614617720611, 0.0 ], [ -99.89646877867682, 16.831575404581368, 0.0 ], [ -99.896475034360947, 16.83152721800684, 0.0 ], [ -99.896515803327304, 16.831481297723766, 0.0 ], [ -99.896566343427594, 16.831487682910392, 0.0 ], [ -99.896603417979009, 16.831468128951027, 0.0 ], [ -99.896651462460625, 16.831451551747815, 0.0 ], [ -99.896698568949375, 16.831448577689791, 0.0 ], [ -99.89672552253046, 16.831440136653157, 0.0 ], [ -99.896765100794426, 16.831431197391904, 0.0 ], [ -99.896788685514991, 16.83139943423663, 0.0 ], [ -99.896819069110336, 16.831364224879223, 0.0 ], [ -99.896840326385473, 16.831339212035171, 0.0 ], [ -99.896823586404992, 16.831312705417073, 0.0 ], [ -99.896794211849056, 16.83127894127022, 0.0 ], [ -99.896762674423485, 16.831240810914835, 0.0 ], [ -99.896746081931724, 16.831190609858879, 0.0 ], [ -99.89675341140628, 16.831141959234053, 0.0 ], [ -99.896759055551627, 16.831098003969707, 0.0 ], [ -99.896761169857783, 16.831052045015952, 0.0 ], [ -99.896772525597044, 16.831001347534134, 0.0 ], [ -99.896810685630214, 16.830963255849667, 0.0 ], [ -99.89685263540639, 16.830940190037833, 0.0 ], [ -99.896889000392605, 16.830913125840194, 0.0 ], [ -99.896928012083549, 16.830886207332579, 0.0 ], [ -99.896969765807626, 16.83086186808077, 0.0 ], [ -99.89701272012644, 16.830843324959567, 0.0 ], [ -99.897056118710395, 16.830818914661279, 0.0 ], [ -99.897106257713119, 16.830815322768945, 0.0 ], [ -99.897146471797782, 16.830808306258405, 0.0 ], [ -99.897176407530822, 16.830783680122746, 0.0 ], [ -99.897199518308696, 16.830751195711166, 0.0 ], [ -99.897219632545671, 16.830665995739139, 0.0 ], [ -99.897232418207182, 16.830622843569465, 0.0 ], [ -99.897241241455617, 16.83057762295908, 0.0 ], [ -99.89725943563991, 16.830532209893587, 0.0 ], [ -99.897286319973261, 16.83049182673653, 0.0 ], [ -99.897319980698114, 16.830451319472832, 0.0 ], [ -99.897367497277742, 16.830438128217111, 0.0 ], [ -99.897402539361224, 16.83041284917374, 0.0 ], [ -99.897446680785265, 16.830383046540479, 0.0 ], [ -99.897503981988677, 16.830387096187678, 0.0 ], [ -99.897554282869464, 16.83041211892424, 0.0 ], [ -99.897578567262656, 16.83045599145083, 0.0 ], [ -99.897602630422625, 16.830488972288265, 0.0 ], [ -99.897635035694009, 16.830507971365815, 0.0 ], [ -99.897677736403864, 16.830508747480788, 0.0 ], [ -99.897725111790066, 16.830513787281514, 0.0 ], [ -99.897773414377184, 16.83051833695168, 0.0 ], [ -99.897825728839905, 16.830532861002833, 0.0 ], [ -99.897852337081247, 16.830563835452836, 0.0 ], [ -99.897889392746833, 16.830557381917682, 0.0 ], [ -99.897939448112652, 16.830557517715416, 0.0 ], [ -99.897987811853625, 16.830564737472798, 0.0 ], [ -99.898036314090305, 16.830575041904801, 0.0 ], [ -99.898087095208894, 16.830598359526725, 0.0 ], [ -99.898108206793779, 16.83064718282133, 0.0 ], [ -99.898120014892299, 16.830682810363491, 0.0 ], [ -99.898156587622054, 16.830696747157219, 0.0 ], [ -99.898237777517025, 16.830741343638238, 0.0 ], [ -99.898281803827786, 16.830755838910928, 0.0 ], [ -99.898322581787284, 16.83077627870232, 0.0 ], [ -99.898366252865856, 16.830786063326283, 0.0 ], [ -99.898413442092249, 16.830798087261876, 0.0 ], [ -99.898458649212898, 16.830818014439838, 0.0 ], [ -99.898499705063003, 16.83084255873711, 0.0 ], [ -99.898537865995365, 16.830866535562279, 0.0 ], [ -99.898576312012722, 16.830882657708568, 0.0 ], [ -99.898619188989983, 16.830884745035117, 0.0 ], [ -99.898664969878041, 16.83088425760246, 0.0 ], [ -99.898756464205121, 16.83087795425422, 0.0 ], [ -99.89879472046556, 16.830869073449151, 0.0 ], [ -99.8988206497188, 16.830840210607217, 0.0 ], [ -99.898864493467272, 16.830774709385359, 0.0 ], [ -99.898874149487938, 16.830727949135674, 0.0 ], [ -99.898874788006609, 16.830683870664121, 0.0 ], [ -99.898877864587405, 16.830636737195785, 0.0 ], [ -99.898890324694264, 16.830587385099872, 0.0 ], [ -99.898927857899878, 16.830542190569808, 0.0 ], [ -99.898986053928695, 16.830542106033533, 0.0 ], [ -99.899033478777653, 16.830553209962819, 0.0 ], [ -99.899065742855328, 16.830559437767931, 0.0 ], [ -99.899080331657615, 16.830534429420368, 0.0 ], [ -99.899086349021388, 16.830494111014499, 0.0 ], [ -99.899087517240673, 16.830445078177881, 0.0 ], [ -99.899119438676749, 16.830395640646479, 0.0 ], [ -99.899175013181832, 16.830386267012724, 0.0 ], [ -99.899223525310902, 16.83038362480448, 0.0 ], [ -99.899272112083793, 16.830383799272902, 0.0 ], [ -99.89931942721546, 16.830389308519841, 0.0 ], [ -99.899364472458103, 16.830392859942659, 0.0 ], [ -99.899408948429823, 16.83039013050017, 0.0 ], [ -99.899513571060027, 16.830373376130577, 0.0 ], [ -99.899542727980077, 16.830422736320255, 0.0 ], [ -99.899563166872269, 16.830450066717273, 0.0 ], [ -99.899600638923857, 16.830446106103008, 0.0 ], [ -99.899639695581087, 16.830448861625765, 0.0 ], [ -99.899665696780005, 16.830419633659226, 0.0 ], [ -99.899705946837514, 16.830393367160177, 0.0 ], [ -99.89974114720178, 16.830365763369279, 0.0 ], [ -99.899777968144235, 16.830332144912681, 0.0 ], [ -99.899839360363785, 16.830314738534472, 0.0 ], [ -99.899877148976827, 16.83035990608488, 0.0 ], [ -99.899901910010669, 16.830394900504302, 0.0 ], [ -99.899934552702973, 16.830415623582322, 0.0 ], [ -99.899975306380895, 16.830421570798929, 0.0 ], [ -99.90001966364207, 16.830420800979308, 0.0 ], [ -99.900064449880063, 16.830415512965537, 0.0 ], [ -99.900110439410753, 16.830406062889661, 0.0 ], [ -99.900157869655459, 16.830400943049082, 0.0 ], [ -99.900200206140212, 16.830395817812867, 0.0 ], [ -99.900241467035698, 16.830371010913549, 0.0 ], [ -99.900298830292286, 16.83037352541788, 0.0 ], [ -99.900347083416776, 16.830400840526462, 0.0 ], [ -99.900369655500867, 16.830434055187535, 0.0 ], [ -99.900407468395542, 16.83043419817982, 0.0 ], [ -99.900550350883577, 16.830449462372936, 0.0 ], [ -99.900686415611062, 16.830492570475826, 0.0 ], [ -99.900730994105686, 16.830509292469905, 0.0 ], [ -99.900775599579845, 16.830528333815657, 0.0 ], [ -99.9008189415066, 16.830555083250481, 0.0 ], [ -99.900851404334389, 16.830594403409179, 0.0 ], [ -99.900871364787122, 16.830634519467591, 0.0 ], [ -99.900901727698169, 16.830665988544691, 0.0 ], [ -99.9009296633389, 16.830698464862333, 0.0 ], [ -99.900968257744466, 16.830718422617228, 0.0 ], [ -99.9010072937171, 16.830741551381543, 0.0 ], [ -99.901051170740573, 16.830758265281869, 0.0 ], [ -99.901090669864004, 16.830783124341732, 0.0 ], [ -99.90113059256845, 16.830799563948737, 0.0 ], [ -99.901171745545184, 16.830807859295412, 0.0 ], [ -99.90121464050884, 16.830803187317365, 0.0 ], [ -99.901258030099541, 16.830795088922343, 0.0 ], [ -99.901296142468595, 16.830779458705074, 0.0 ], [ -99.901321939521381, 16.830755239063134, 0.0 ], [ -99.901323667119186, 16.830721009966791, 0.0 ], [ -99.901291975909558, 16.830642321086312, 0.0 ], [ -99.901264907215193, 16.830604270770493, 0.0 ], [ -99.901250804946358, 16.830555508629853, 0.0 ], [ -99.901250284238699, 16.830463391972103, 0.0 ], [ -99.901246525971999, 16.830418331440963, 0.0 ], [ -99.901245799319781, 16.830282400712239, 0.0 ], [ -99.901244247089949, 16.830244228088812, 0.0 ], [ -99.901224121161931, 16.830223355723259, 0.0 ], [ -99.901190884917071, 16.830229490898315, 0.0 ], [ -99.901153707842923, 16.830247845162031, 0.0 ], [ -99.901118452619983, 16.830278508446547, 0.0 ], [ -99.901067301880119, 16.830300125450549, 0.0 ], [ -99.901008077026631, 16.830288857844494, 0.0 ], [ -99.900976689787967, 16.830245702976917, 0.0 ], [ -99.900950046473042, 16.830207035726172, 0.0 ], [ -99.900929170510267, 16.830168118464083, 0.0 ], [ -99.900899577419182, 16.830136782486701, 0.0 ], [ -99.900864386947489, 16.83010312356037, 0.0 ], [ -99.900837776008075, 16.830050922412283, 0.0 ], [ -99.90086830619299, 16.830002753824196, 0.0 ], [ -99.900899668250702, 16.829966387039232, 0.0 ], [ -99.900932507894538, 16.829934280342737, 0.0 ], [ -99.900962452620604, 16.829898566465715, 0.0 ], [ -99.901009547418255, 16.829859213032368, 0.0 ], [ -99.901062188334777, 16.829890329575104, 0.0 ], [ -99.901091579978015, 16.829912549125023, 0.0 ], [ -99.901123096719175, 16.829900917293507, 0.0 ], [ -99.901160405094231, 16.829874491614643, 0.0 ], [ -99.90120466522859, 16.829854914272971, 0.0 ], [ -99.901243802824808, 16.829836926932781, 0.0 ], [ -99.901268132184043, 16.829812507641119, 0.0 ], [ -99.90126526064887, 16.82977497983148, 0.0 ], [ -99.90126427049529, 16.829725566581658, 0.0 ], [ -99.901286366837894, 16.829673616344447, 0.0 ], [ -99.901339693037983, 16.829650472291565, 0.0 ], [ -99.901391213399279, 16.829650718705803, 0.0 ], [ -99.901434683029663, 16.829653212525894, 0.0 ], [ -99.901475454694165, 16.829638913305242, 0.0 ], [ -99.901535631030129, 16.82962025147355, 0.0 ], [ -99.901562833723403, 16.829671283502986, 0.0 ], [ -99.901596793023032, 16.829701651809952, 0.0 ], [ -99.90162086337773, 16.829740789406056, 0.0 ], [ -99.901653013241571, 16.829771445495787, 0.0 ], [ -99.901685449089769, 16.829807589248841, 0.0 ], [ -99.901710060836308, 16.829850398777065, 0.0 ], [ -99.901724614564898, 16.82989564276977, 0.0 ], [ -99.901736834552878, 16.829938865985923, 0.0 ], [ -99.901751900895079, 16.829979353464516, 0.0 ], [ -99.901773534086942, 16.830016865086403, 0.0 ], [ -99.901801675672459, 16.830056806676339, 0.0 ], [ -99.90180958610911, 16.830100436386147, 0.0 ], [ -99.90182845838217, 16.830122432004654, 0.0 ], [ -99.901864324244642, 16.830112421651052, 0.0 ], [ -99.901916040658364, 16.830112829043905, 0.0 ], [ -99.901966937789609, 16.830124083159941, 0.0 ], [ -99.902010352561263, 16.830150771441019, 0.0 ], [ -99.902048640298005, 16.830182465348624, 0.0 ], [ -99.902079456467334, 16.830223652499736, 0.0 ], [ -99.902092346450218, 16.830272345392469, 0.0 ], [ -99.902095673042382, 16.830318231501277, 0.0 ], [ -99.90210314281137, 16.830362554588305, 0.0 ], [ -99.902108236571451, 16.830410753753366, 0.0 ], [ -99.902098170459851, 16.830459313546491, 0.0 ], [ -99.902083223727359, 16.830495939336174, 0.0 ], [ -99.902096033670603, 16.830524545871125, 0.0 ], [ -99.902132632480459, 16.830542202260911, 0.0 ], [ -99.902170341053875, 16.830564727580278, 0.0 ], [ -99.902192079466431, 16.830568892340523, 0.0 ], [ -99.902193743212194, 16.83054521678838, 0.0 ], [ -99.902192243143077, 16.830499016816361, 0.0 ], [ -99.902201178806934, 16.830451984071882, 0.0 ], [ -99.902211600150792, 16.830413935554812, 0.0 ], [ -99.90219410204179, 16.830377773815254, 0.0 ], [ -99.902178587837227, 16.830329329135335, 0.0 ], [ -99.902187650305393, 16.830276659440472, 0.0 ], [ -99.902225345389013, 16.83022272709723, 0.0 ], [ -99.902286929163949, 16.830252390335659, 0.0 ], [ -99.90231344027859, 16.830294634190121, 0.0 ], [ -99.902339068258982, 16.830326361372613, 0.0 ], [ -99.902366144147891, 16.830339982504192, 0.0 ], [ -99.902393059057999, 16.830319085857127, 0.0 ], [ -99.902436731935211, 16.830284747942923, 0.0 ], [ -99.902497079142563, 16.830299783708078, 0.0 ], [ -99.902530368447287, 16.830337184713411, 0.0 ], [ -99.902565825118302, 16.830365034918596, 0.0 ], [ -99.902610667114175, 16.83040429841963, 0.0 ], [ -99.902585921368768, 16.830462087955137, 0.0 ], [ -99.902544097497696, 16.830494541789786, 0.0 ], [ -99.902458076444589, 16.83053678114754, 0.0 ], [ -99.902419271597694, 16.830551906845066, 0.0 ], [ -99.902404060464619, 16.830574448352191, 0.0 ], [ -99.902437087167414, 16.830616929627752, 0.0 ], [ -99.902377617698505, 16.830649520159284, 0.0 ], [ -99.902362873313621, 16.830657179685254, 0.0 ], [ -99.902378862360251, 16.83066798773751, 0.0 ], [ -99.902407721604561, 16.830705139630595, 0.0 ], [ -99.902442266363096, 16.830735714781554, 0.0 ], [ -99.902470311721004, 16.830771752414535, 0.0 ], [ -99.902502353666307, 16.830799155656507, 0.0 ], [ -99.902543646937431, 16.830820635064299, 0.0 ], [ -99.902587886387494, 16.830858528898148, 0.0 ], [ -99.90257915397035, 16.830916885905705, 0.0 ], [ -99.902550865795433, 16.830958159391681, 0.0 ], [ -99.902525767515726, 16.830992945168411, 0.0 ], [ -99.902514177952582, 16.83103279772558, 0.0 ], [ -99.902505350207377, 16.831077186463055, 0.0 ], [ -99.902492308239076, 16.831121966405643, 0.0 ], [ -99.90247698199272, 16.83116438023205, 0.0 ], [ -99.90246591493559, 16.831207537797749, 0.0 ], [ -99.902453961146989, 16.831252024561362, 0.0 ], [ -99.902442135961451, 16.831285687084797, 0.0 ], [ -99.902459303119883, 16.831304884013317, 0.0 ], [ -99.902494000763113, 16.831301144632217, 0.0 ], [ -99.90253538666434, 16.831287281582885, 0.0 ], [ -99.902571291197603, 16.831270929210056, 0.0 ], [ -99.902589738091422, 16.831237680374723, 0.0 ], [ -99.902603626321877, 16.831197674932749, 0.0 ], [ -99.902610943206071, 16.831153582971581, 0.0 ], [ -99.902623801712664, 16.831107617722349, 0.0 ], [ -99.902643060694174, 16.831066619429066, 0.0 ], [ -99.902653941591723, 16.831024159737289, 0.0 ], [ -99.902669337085854, 16.830969308286964, 0.0 ], [ -99.902719935642097, 16.83096047514584, 0.0 ], [ -99.902739795370735, 16.830934963178038, 0.0 ], [ -99.902739110986715, 16.830899610828506, 0.0 ], [ -99.902721086774193, 16.830860124295377, 0.0 ], [ -99.902708035812793, 16.830809116547634, 0.0 ], [ -99.902728393765926, 16.830759632251329, 0.0 ], [ -99.902760879976086, 16.830716314606203, 0.0 ], [ -99.902819612900487, 16.830698458567095, 0.0 ], [ -99.902874681986475, 16.830730246903496, 0.0 ], [ -99.902883166190634, 16.830783826712373, 0.0 ], [ -99.902887660103048, 16.830828923216298, 0.0 ], [ -99.902893955357285, 16.830872245357906, 0.0 ], [ -99.902905801227234, 16.830915884960223, 0.0 ], [ -99.902912658557852, 16.830960056961086, 0.0 ], [ -99.902925861504855, 16.830999208946363, 0.0 ], [ -99.902951210695335, 16.83103553256387, 0.0 ], [ -99.902975412350884, 16.831081394390932, 0.0 ], [ -99.902970580293527, 16.831135892407531, 0.0 ], [ -99.902944169003661, 16.831176673065155, 0.0 ], [ -99.902925693331554, 16.831219454714123, 0.0 ], [ -99.902893398676909, 16.83125772986039, 0.0 ], [ -99.902855703593502, 16.83128973493347, 0.0 ], [ -99.90280091869306, 16.831332284557387, 0.0 ], [ -99.902833390514104, 16.831374920516279, 0.0 ], [ -99.902855021907328, 16.831414335103659, 0.0 ], [ -99.902886572822695, 16.831446704401969, 0.0 ], [ -99.902915577757312, 16.831482631418393, 0.0 ], [ -99.902944814717046, 16.831517188767346, 0.0 ], [ -99.90297738726224, 16.831547848454587, 0.0 ], [ -99.903015062560655, 16.831572328899998, 0.0 ], [ -99.903056003297422, 16.83159185677885, 0.0 ], [ -99.903099615020722, 16.831606244132896, 0.0 ], [ -99.903143844578437, 16.831618681756819, 0.0 ], [ -99.903189670432539, 16.831625308861021, 0.0 ], [ -99.903282109946986, 16.831639238460181, 0.0 ], [ -99.903374411865187, 16.831647865656567, 0.0 ], [ -99.903466816306093, 16.831639869784336, 0.0 ], [ -99.903513912902326, 16.831634016097038, 0.0 ], [ -99.90356034849691, 16.831635281443248, 0.0 ], [ -99.903650304983159, 16.83161519148797, 0.0 ], [ -99.903739634641909, 16.831589337777871, 0.0 ], [ -99.90382760272729, 16.831558323757683, 0.0 ], [ -99.903915663442717, 16.831529330514332, 0.0 ], [ -99.903996667178092, 16.831484828462173, 0.0 ], [ -99.904080547844671, 16.831445231312443, 0.0 ], [ -99.90415623748595, 16.831394123739866, 0.0 ], [ -99.904223695632709, 16.831332838539819, 0.0 ], [ -99.904284930470808, 16.831265833651457, 0.0 ], [ -99.90433480956932, 16.831190287901503, 0.0 ], [ -99.904382867540789, 16.831111552256452, 0.0 ], [ -99.904449529787541, 16.831045917934883, 0.0 ], [ -99.904519718276006, 16.830986075247267, 0.0 ], [ -99.904582696000261, 16.830921097430689, 0.0 ], [ -99.904627385111326, 16.830845082234809, 0.0 ], [ -99.904635917878807, 16.830752107623649, 0.0 ], [ -99.904725368946231, 16.830706474224367, 0.0 ], [ -99.904821338299598, 16.83070539503802, 0.0 ], [ -99.904914035020283, 16.830701484785834, 0.0 ], [ -99.905004965472244, 16.830680199631562, 0.0 ], [ -99.905098286322527, 16.830671022949382, 0.0 ], [ -99.905187689725665, 16.83064920449732, 0.0 ], [ -99.905271649532608, 16.830610451811079, 0.0 ], [ -99.905357765913664, 16.830574708256275, 0.0 ], [ -99.905441692445606, 16.830534281931588, 0.0 ], [ -99.90552769371368, 16.830498302754442, 0.0 ], [ -99.905610583327245, 16.830456486078102, 0.0 ], [ -99.905693325452205, 16.830416102021669, 0.0 ], [ -99.90576348786027, 16.830357575042111, 0.0 ], [ -99.905835507368238, 16.830300628171639, 0.0 ], [ -99.905895959796283, 16.83023359900147, 0.0 ], [ -99.905942350424596, 16.8301572789353, 0.0 ], [ -99.905968458643045, 16.830071663476584, 0.0 ], [ -99.905994652296954, 16.829953773148183, 0.0 ], [ -99.905971339171572, 16.829916524128457, 0.0 ], [ -99.905968198738947, 16.829865959746254, 0.0 ], [ -99.90597227986234, 16.82982394701769, 0.0 ], [ -99.905962817195871, 16.82980127690745, 0.0 ], [ -99.905938219838561, 16.829808181902248, 0.0 ], [ -99.905907678861922, 16.829834724492969, 0.0 ], [ -99.905877594740744, 16.829870669495843, 0.0 ], [ -99.905829411763477, 16.829904316730907, 0.0 ], [ -99.905770643765734, 16.829883077442162, 0.0 ], [ -99.90573989234781, 16.829841304832428, 0.0 ], [ -99.905710916191367, 16.829797262333891, 0.0 ], [ -99.905718378765755, 16.829739382866304, 0.0 ], [ -99.905759884276904, 16.82970273909029, 0.0 ], [ -99.90581038930361, 16.829677413282123, 0.0 ], [ -99.905852656540446, 16.829689304118176, 0.0 ], [ -99.905872776173169, 16.82967194180679, 0.0 ], [ -99.905869722974955, 16.829640940377086, 0.0 ], [ -99.905845390917591, 16.829608595360465, 0.0 ], [ -99.905818175633897, 16.829575013776029, 0.0 ], [ -99.905779746703502, 16.829546395549865, 0.0 ], [ -99.905754249124826, 16.829500544514701, 0.0 ], [ -99.905745298172576, 16.82944941355975, 0.0 ], [ -99.905758293376152, 16.829397538865347, 0.0 ], [ -99.905795234827735, 16.829357115238789, 0.0 ], [ -99.905844359395246, 16.829337441669679, 0.0 ], [ -99.90589318628713, 16.829328446650546, 0.0 ], [ -99.905941488874191, 16.82932387629597, 0.0 ], [ -99.905989258163345, 16.82932306420815, 0.0 ], [ -99.906036797225909, 16.829322723365063, 0.0 ], [ -99.906087281568375, 16.82932504811259, 0.0 ], [ -99.9061386364545, 16.82934451663624, 0.0 ], [ -99.906180803866562, 16.82939698398371, 0.0 ], [ -99.906133453661539, 16.829441137098794, 0.0 ], [ -99.906108930048617, 16.829455228575963, 0.0 ], [ -99.906119152642361, 16.829468775963328, 0.0 ], [ -99.906154124578791, 16.829470433413864, 0.0 ], [ -99.906195658868057, 16.829459807923907, 0.0 ], [ -99.906235810899545, 16.829444839607667, 0.0 ], [ -99.906268987789133, 16.829419547074444, 0.0 ], [ -99.906293410677904, 16.829392335388036, 0.0 ], [ -99.906290378163931, 16.829353661842106, 0.0 ], [ -99.906294108551833, 16.829277355265724, 0.0 ], [ -99.906365895135536, 16.829318414713153, 0.0 ], [ -99.906384574953677, 16.829352770614033, 0.0 ], [ -99.906419812190165, 16.829351155431535, 0.0 ], [ -99.906461193594794, 16.829350656307774, 0.0 ], [ -99.906495384020332, 16.829327213680013, 0.0 ], [ -99.90654095896366, 16.82930200298517, 0.0 ], [ -99.906594578342776, 16.829300511009929, 0.0 ], [ -99.906657308753381, 16.829311703072673, 0.0 ], [ -99.90666051483646, 16.829376948887266, 0.0 ], [ -99.906633907494438, 16.829416609888707, 0.0 ], [ -99.906628116759691, 16.829450739160386, 0.0 ], [ -99.906646933274942, 16.829479574123066, 0.0 ], [ -99.906681540086595, 16.829499672172119, 0.0 ], [ -99.906719224378207, 16.829511916441895, 0.0 ], [ -99.906759093123242, 16.829503885496077, 0.0 ], [ -99.906798640810223, 16.82949119875996, 0.0 ], [ -99.906826313848924, 16.82946599795741, 0.0 ], [ -99.906839663385426, 16.829427743495614, 0.0 ], [ -99.906852708051645, 16.829385403413763, 0.0 ], [ -99.906861415287665, 16.829346169590103, 0.0 ], [ -99.906847831028131, 16.8292977033264, 0.0 ], [ -99.906883860567348, 16.829255959495072, 0.0 ], [ -99.906911850167319, 16.829221334696964, 0.0 ], [ -99.906938376570395, 16.829179514423114, 0.0 ], [ -99.906985117035049, 16.829154955736662, 0.0 ], [ -99.907022106150862, 16.829141481194476, 0.0 ], [ -99.907034795584991, 16.82910729436616, 0.0 ], [ -99.907051001368188, 16.829053924998732, 0.0 ], [ -99.907120175421426, 16.829040591650084, 0.0 ], [ -99.907139214069048, 16.829066745733822, 0.0 ], [ -99.907150208280996, 16.829052483385507, 0.0 ], [ -99.907165851988054, 16.829014473539242, 0.0 ], [ -99.907173336146116, 16.828971019197237, 0.0 ], [ -99.907184791710336, 16.82892809185801, 0.0 ], [ -99.907187843110023, 16.82888526973937, 0.0 ], [ -99.90718788987482, 16.828844177916661, 0.0 ], [ -99.907170353094784, 16.828801935860724, 0.0 ], [ -99.907172165228815, 16.82874931203116, 0.0 ], [ -99.907191779442712, 16.828708502595358, 0.0 ], [ -99.90719222011046, 16.828664287426928, 0.0 ], [ -99.907212443165236, 16.828607311778057, 0.0 ], [ -99.90725938957479, 16.828604533772303, 0.0 ], [ -99.907270918883285, 16.828572890226724, 0.0 ], [ -99.907291445909095, 16.828522716150466, 0.0 ], [ -99.907335812163581, 16.828508265843933, 0.0 ], [ -99.907348629301396, 16.828476185227885, 0.0 ], [ -99.907354594504511, 16.828424199017711, 0.0 ], [ -99.907408417130227, 16.82839605743208, 0.0 ], [ -99.907459499521792, 16.828394763307806, 0.0 ], [ -99.907503104949967, 16.828392181354154, 0.0 ], [ -99.907543358604642, 16.828377190554981, 0.0 ], [ -99.907584196818789, 16.828357690555151, 0.0 ], [ -99.907626509021782, 16.828334792916507, 0.0 ], [ -99.90767361101399, 16.828321264414793, 0.0 ], [ -99.907711974293818, 16.828310816990715, 0.0 ], [ -99.907739029498089, 16.828269569585075, 0.0 ], [ -99.907790616409272, 16.828271897030497, 0.0 ], [ -99.907826446298998, 16.828248695420992, 0.0 ], [ -99.907874201199036, 16.828232869151634, 0.0 ], [ -99.907918298556297, 16.828223714952625, 0.0 ], [ -99.907955509804481, 16.828203074612357, 0.0 ], [ -99.907990819886038, 16.82817806806349, 0.0 ], [ -99.908022333029862, 16.82814340819192, 0.0 ], [ -99.908068613941055, 16.828116769373473, 0.0 ], [ -99.908119638775872, 16.82811105957779, 0.0 ], [ -99.908165122887681, 16.828107904756166, 0.0 ], [ -99.908207861369192, 16.828097129978627, 0.0 ], [ -99.90824897297739, 16.82808204924731, 0.0 ], [ -99.908287959487325, 16.828058091308034, 0.0 ], [ -99.908329259952964, 16.828039576065748, 0.0 ], [ -99.908356346633752, 16.828017055242981, 0.0 ], [ -99.908356621826215, 16.82796927516193, 0.0 ], [ -99.908429317624496, 16.827932114275651, 0.0 ], [ -99.908444080895208, 16.827990673630715, 0.0 ], [ -99.908479408963046, 16.828008425348681, 0.0 ], [ -99.908514940277826, 16.828033566795849, 0.0 ], [ -99.908556048288574, 16.828041023974208, 0.0 ], [ -99.908601000001696, 16.828045306545782, 0.0 ], [ -99.908692985358527, 16.828045128480074, 0.0 ], [ -99.908738012614776, 16.828040899867737, 0.0 ], [ -99.908784226976081, 16.828032667473789, 0.0 ], [ -99.908831960292218, 16.82802854678016, 0.0 ], [ -99.908879118941741, 16.828025063705859, 0.0 ], [ -99.908925967325047, 16.828022819897338, 0.0 ], [ -99.90897127606911, 16.828019384486986, 0.0 ], [ -99.909017368122647, 16.828010068410034, 0.0 ], [ -99.909065484549956, 16.82800726612254, 0.0 ], [ -99.909109947031993, 16.828004225514626, 0.0 ], [ -99.909154440990278, 16.827990501860196, 0.0 ], [ -99.909204877668515, 16.827986004350631, 0.0 ], [ -99.909253025572241, 16.827989990146026, 0.0 ], [ -99.909352953741404, 16.827995272763694, 0.0 ], [ -99.909394447561283, 16.828030733931254, 0.0 ], [ -99.909419247266044, 16.828063236329339, 0.0 ], [ -99.909464449889981, 16.828072973289174, 0.0 ], [ -99.909500456046828, 16.82811491047482, 0.0 ], [ -99.909514087970422, 16.828149959752974, 0.0 ], [ -99.909551395446158, 16.828154861058117, 0.0 ], [ -99.909601273645421, 16.828171928391775, 0.0 ], [ -99.909636725819894, 16.828204929014301, 0.0 ], [ -99.909670154519517, 16.828226427307925, 0.0 ], [ -99.909696439904408, 16.828228057778805, 0.0 ], [ -99.909703985216311, 16.828199792986133, 0.0 ], [ -99.909709929735072, 16.828158286575778, 0.0 ], [ -99.909705986207882, 16.828124279611924, 0.0 ], [ -99.909671304752464, 16.828103301126529, 0.0 ], [ -99.909641467944994, 16.828068098064353, 0.0 ], [ -99.90960787826657, 16.828046541314905, 0.0 ], [ -99.909559163789993, 16.828037307076098, 0.0 ], [ -99.909510833323907, 16.827983478155033, 0.0 ], [ -99.909569562650802, 16.827942680410494, 0.0 ], [ -99.909618988491104, 16.827937640609715, 0.0 ], [ -99.909654159177762, 16.827925656244073, 0.0 ], [ -99.909677597308928, 16.827882203700824, 0.0 ], [ -99.909735383246925, 16.827881869152971, 0.0 ], [ -99.909775115294849, 16.827879753048137, 0.0 ], [ -99.909805651774889, 16.827853000915354, 0.0 ], [ -99.909868615110156, 16.827808879276397, 0.0 ], [ -99.909880532026591, 16.827872343533897, 0.0 ], [ -99.909906417212994, 16.827883576066306, 0.0 ], [ -99.90993273857066, 16.827871607888419, 0.0 ], [ -99.909940908012004, 16.827836696206699, 0.0 ], [ -99.909948831938607, 16.827788573483986, 0.0 ], [ -99.909984908242507, 16.827738304978876, 0.0 ], [ -99.910041716617528, 16.827748863919112, 0.0 ], [ -99.91008631759496, 16.827751020493221, 0.0 ], [ -99.910174840562107, 16.827746310743631, 0.0 ], [ -99.91021285940144, 16.827726915964544, 0.0 ], [ -99.910255619466795, 16.827706043599161, 0.0 ], [ -99.910301599105026, 16.827688399799847, 0.0 ], [ -99.910397461439288, 16.827670449331944, 0.0 ], [ -99.910449864934833, 16.827671329768066, 0.0 ], [ -99.91049543718033, 16.827689431322305, 0.0 ], [ -99.910542647090949, 16.827701817684844, 0.0 ], [ -99.910574144946452, 16.827722648681288, 0.0 ], [ -99.910607058334676, 16.827704159519438, 0.0 ], [ -99.910665893781484, 16.827692478225281, 0.0 ], [ -99.910700382782011, 16.827725449170195, 0.0 ], [ -99.910727999163498, 16.827723851974209, 0.0 ], [ -99.910747231165317, 16.827686638028013, 0.0 ], [ -99.910811020078086, 16.82766165935816, 0.0 ], [ -99.9108444119056, 16.827706808022924, 0.0 ], [ -99.910875487978842, 16.827723573184418, 0.0 ], [ -99.910906012767896, 16.827717232064796, 0.0 ], [ -99.910924831980992, 16.827683984128665, 0.0 ], [ -99.910962846323969, 16.827642928278575, 0.0 ], [ -99.911008743224556, 16.827668772096331, 0.0 ], [ -99.911045684676139, 16.827666896110365, 0.0 ], [ -99.911088668672676, 16.827656005320417, 0.0 ], [ -99.911135072791012, 16.827641392236501, 0.0 ], [ -99.911189908053473, 16.827638393896791, 0.0 ], [ -99.911241437408023, 16.827666705454185, 0.0 ], [ -99.911256964203176, 16.827707333226943, 0.0 ], [ -99.911289415339866, 16.827718363411911, 0.0 ], [ -99.911327576272242, 16.827716574660368, 0.0 ], [ -99.911358479675641, 16.827697390322328, 0.0 ], [ -99.911381055357026, 16.827654058288203, 0.0 ], [ -99.911452508292086, 16.82763635513367, 0.0 ], [ -99.911471009145373, 16.827699169181354, 0.0 ], [ -99.911471278042669, 16.827745257637613, 0.0 ], [ -99.911477248641688, 16.827777154792042, 0.0 ], [ -99.911508487492327, 16.827785862927211, 0.0 ], [ -99.911591994040919, 16.827785392581855, 0.0 ], [ -99.911630367213277, 16.827779306869665, 0.0 ], [ -99.911654871940314, 16.827799461576035, 0.0 ], [ -99.911651893385681, 16.827841005757985, 0.0 ], [ -99.911697226411434, 16.827827600463479, 0.0 ], [ -99.91172728625088, 16.827799856378419, 0.0 ], [ -99.911763507345597, 16.827759930976072, 0.0 ], [ -99.911819572880574, 16.827761967041223, 0.0 ], [ -99.911866727932818, 16.827764763932855, 0.0 ], [ -99.911913399149569, 16.827767989800972, 0.0 ], [ -99.911959695349253, 16.82777010230847, 0.0 ], [ -99.912006786549512, 16.827770561862103, 0.0 ], [ -99.912102836842053, 16.827776470407905, 0.0 ], [ -99.912144521318069, 16.827787479908238, 0.0 ], [ -99.912195351000207, 16.827771489062961, 0.0 ], [ -99.912227836311217, 16.827806092277505, 0.0 ], [ -99.912262422438516, 16.82779940581792, 0.0 ], [ -99.912308390385476, 16.82778559313078, 0.0 ], [ -99.912356200144018, 16.827782445503537, 0.0 ], [ -99.91238894176189, 16.827776146651956, 0.0 ], [ -99.912396096768077, 16.827744066935111, 0.0 ], [ -99.912404080049839, 16.82769487401924, 0.0 ], [ -99.912422080879878, 16.827684638835194, 0.0 ], [ -99.912474737085063, 16.827685378977147, 0.0 ], [ -99.912509231481465, 16.827721270920105, 0.0 ], [ -99.912512353927582, 16.827760731372788, 0.0 ], [ -99.912499885726731, 16.827802252172365, 0.0 ], [ -99.912490740520823, 16.827818263701882, 0.0 ], [ -99.912493924120838, 16.827844692078884, 0.0 ], [ -99.912526909454982, 16.827876157558705, 0.0 ], [ -99.912548007550072, 16.82789442278948, 0.0 ], [ -99.91258692751029, 16.827905634637485, 0.0 ], [ -99.912597427994399, 16.827899130740313, 0.0 ], [ -99.912603806885784, 16.827869820036192, 0.0 ], [ -99.912653424281586, 16.827834337284905, 0.0 ], [ -99.912700223202307, 16.827815107081495, 0.0 ], [ -99.912792499939485, 16.827805592254371, 0.0 ], [ -99.912846510523707, 16.827815725815181, 0.0 ], [ -99.912887712963084, 16.827864811711773, 0.0 ], [ -99.912929743678376, 16.827940409622325, 0.0 ], [ -99.912957864579369, 16.828026896524015, 0.0 ], [ -99.912966942336141, 16.828096270226744, 0.0 ], [ -99.912988803056294, 16.828141597856582, 0.0 ], [ -99.913031022629184, 16.828178149002493, 0.0 ], [ -99.913082794800744, 16.828186512697467, 0.0 ], [ -99.913107517163724, 16.828170511959684, 0.0 ], [ -99.913127760003761, 16.828146486571253, 0.0 ], [ -99.91317100660234, 16.828121728235253, 0.0 ], [ -99.913231612814286, 16.82810932838288, 0.0 ], [ -99.913297903640796, 16.828125510783703, 0.0 ], [ -99.913323699794432, 16.828137803616809, 0.0 ], [ -99.91336134271728, 16.828142784961518, 0.0 ], [ -99.913382755575356, 16.82813167743512, 0.0 ], [ -99.913397678925378, 16.82809003792493, 0.0 ], [ -99.913454290348739, 16.828050980368459, 0.0 ], [ -99.913609777734621, 16.828019664176335, 0.0 ], [ -99.913647911687349, 16.828025608694979, 0.0 ], [ -99.913689314675764, 16.828042207482039, 0.0 ], [ -99.913732205142765, 16.828045093406438, 0.0 ], [ -99.913776748563691, 16.828057123637446, 0.0 ], [ -99.913810133196705, 16.828061571684369, 0.0 ], [ -99.913840416967332, 16.828084333525329, 0.0 ], [ -99.913865981995116, 16.828117867445652, 0.0 ], [ -99.913901150883021, 16.828158951174824, 0.0 ], [ -99.913932994077939, 16.828177151654359, 0.0 ], [ -99.913996632803958, 16.828198287521104, 0.0 ], [ -99.914028933753855, 16.828224584597077, 0.0 ], [ -99.914050270169412, 16.828254889051998, 0.0 ], [ -99.914082753681669, 16.828276837905772, 0.0 ], [ -99.914123499265656, 16.828285305022909, 0.0 ], [ -99.91416273129056, 16.828287536240961, 0.0 ], [ -99.914195132964608, 16.828267211562657, 0.0 ], [ -99.914221861715134, 16.828240842540875, 0.0 ], [ -99.914225549834896, 16.828204813901035, 0.0 ], [ -99.91421883279844, 16.828171572260313, 0.0 ], [ -99.914187710859835, 16.828155850312324, 0.0 ], [ -99.914138855189549, 16.828146785146085, 0.0 ], [ -99.91409393045609, 16.828104838967299, 0.0 ], [ -99.914104160244392, 16.828051370674189, 0.0 ], [ -99.914111076030906, 16.827999116466113, 0.0 ], [ -99.914161045061689, 16.827965338829468, 0.0 ], [ -99.914196673503341, 16.827965012375557, 0.0 ], [ -99.914198822882952, 16.827939840351458, 0.0 ], [ -99.914186293528246, 16.827900016572698, 0.0 ], [ -99.914171418741603, 16.827855233931981, 0.0 ], [ -99.914166934721834, 16.827808919745902, 0.0 ], [ -99.91415918796163, 16.827763871805413, 0.0 ], [ -99.914156686047761, 16.82770522701469, 0.0 ], [ -99.914215302959462, 16.827680670126995, 0.0 ], [ -99.914266533739124, 16.827681819460391, 0.0 ], [ -99.914308513192907, 16.827683565044534, 0.0 ], [ -99.914343690174803, 16.827665631663706, 0.0 ], [ -99.914374893052468, 16.827640198836146, 0.0 ], [ -99.914399815964202, 16.827590103000883, 0.0 ], [ -99.914459604692581, 16.827602341874634, 0.0 ], [ -99.914499827770328, 16.827608141602639, 0.0 ], [ -99.914538521101463, 16.827590628204963, 0.0 ], [ -99.914585927064422, 16.827577570048781, 0.0 ], [ -99.914632761058556, 16.827569080448875, 0.0 ], [ -99.914681592447153, 16.827559509863644, 0.0 ], [ -99.914730502076566, 16.827565231350377, 0.0 ], [ -99.914774478025322, 16.827567191872447, 0.0 ], [ -99.914818543906335, 16.827559149235466, 0.0 ], [ -99.914863624222448, 16.827551528380404, 0.0 ], [ -99.914906838445418, 16.827538188736582, 0.0 ], [ -99.914965901420885, 16.827518179720236, 0.0 ], [ -99.915003617188688, 16.827584600948558, 0.0 ], [ -99.914955058294936, 16.827622110771923, 0.0 ], [ -99.914944700802891, 16.827630855779486, 0.0 ], [ -99.914954057349348, 16.827633855018572, 0.0 ], [ -99.915022459784268, 16.82762516397014, 0.0 ], [ -99.915007217174889, 16.827696416356552, 0.0 ], [ -99.914991237121512, 16.827729198443816, 0.0 ], [ -99.915005006641366, 16.827746150664435, 0.0 ], [ -99.91503408891765, 16.827737269859139, 0.0 ], [ -99.915070128349271, 16.827710151702203, 0.0 ], [ -99.915117164690969, 16.827689318906994, 0.0 ], [ -99.915165648941183, 16.827682271819459, 0.0 ], [ -99.915209767882004, 16.827673292988262, 0.0 ], [ -99.91525212864849, 16.827658643032002, 0.0 ], [ -99.915296918483591, 16.827639786047371, 0.0 ], [ -99.915347192384672, 16.827633068111648, 0.0 ], [ -99.915397568808373, 16.827632774932681, 0.0 ], [ -99.915446222130939, 16.827643684608518, 0.0 ], [ -99.915489705251332, 16.827657355202746, 0.0 ], [ -99.915567378797107, 16.827665128043293, 0.0 ], [ -99.915522770624932, 16.827722321328221, 0.0 ], [ -99.915520720170676, 16.827767650756581, 0.0 ], [ -99.915493753999158, 16.827800948155414, 0.0 ], [ -99.915504375891828, 16.827842992360324, 0.0 ], [ -99.915485529698969, 16.827877597373401, 0.0 ], [ -99.915515664182124, 16.827869822734151, 0.0 ], [ -99.915548590160881, 16.827854189819103, 0.0 ], [ -99.915560228287532, 16.827814309382912, 0.0 ], [ -99.915601035924681, 16.827771295708882, 0.0 ], [ -99.915656357720309, 16.827775230242814, 0.0 ], [ -99.91570109179753, 16.827775795916349, 0.0 ], [ -99.915789619261048, 16.82776213881175, 0.0 ], [ -99.915735178800958, 16.827836963305401, 0.0 ], [ -99.915694540236473, 16.827862666828761, 0.0 ], [ -99.915662116978694, 16.827893747398548, 0.0 ], [ -99.915624309479767, 16.827924794693558, 0.0 ], [ -99.915580365007372, 16.827947355086447, 0.0 ], [ -99.915536720908563, 16.827965166159562, 0.0 ], [ -99.915496058961608, 16.827983559094037, 0.0 ], [ -99.91545804551788, 16.828009344455776, 0.0 ], [ -99.915416029191931, 16.828030646697016, 0.0 ], [ -99.915377021997585, 16.828053905863154, 0.0 ], [ -99.915339424040837, 16.828078466348185, 0.0 ], [ -99.915304680532188, 16.828107421820164, 0.0 ], [ -99.915232864270934, 16.828165706881919, 0.0 ], [ -99.915198892380545, 16.828193620039539, 0.0 ], [ -99.915176080177559, 16.82822376351589, 0.0 ], [ -99.915175471336511, 16.828269701785473, 0.0 ], [ -99.915140919383589, 16.828308878951646, 0.0 ], [ -99.915111095166537, 16.828345065872153, 0.0 ], [ -99.915074973896537, 16.828377829073531, 0.0 ], [ -99.915033062791224, 16.828406232361825, 0.0 ], [ -99.914987150602144, 16.82841980313156, 0.0 ], [ -99.914947989623556, 16.828440305875404, 0.0 ], [ -99.914914167020811, 16.828460170100861, 0.0 ], [ -99.914902338237994, 16.828494094327141, 0.0 ], [ -99.914901556727045, 16.828544760332587, 0.0 ], [ -99.914854814463652, 16.828582326812974, 0.0 ], [ -99.914812044505823, 16.828588175104301, 0.0 ], [ -99.914798234516525, 16.828610878489421, 0.0 ], [ -99.914823069294812, 16.828655350863812, 0.0 ], [ -99.914776282065361, 16.828689573664917, 0.0 ], [ -99.91475655453695, 16.828726152689907, 0.0 ], [ -99.914732611886166, 16.828769492818015, 0.0 ], [ -99.914691962529673, 16.828800275712297, 0.0 ], [ -99.91464942369754, 16.828826998167475, 0.0 ], [ -99.914609200619623, 16.828837206372043, 0.0 ], [ -99.914593400430704, 16.828866794966757, 0.0 ], [ -99.914590969563108, 16.82891055238024, 0.0 ], [ -99.914574210696856, 16.828958018597692, 0.0 ], [ -99.914543366648616, 16.829001719353982, 0.0 ], [ -99.914497268299954, 16.829021207662723, 0.0 ], [ -99.914462936680707, 16.829045003723984, 0.0 ], [ -99.914436499310455, 16.829077348740778, 0.0 ], [ -99.914423700159091, 16.829104942639159, 0.0 ], [ -99.91443814686852, 16.829138503539181, 0.0 ], [ -99.914451836348746, 16.829181163779701, 0.0 ], [ -99.914436741228144, 16.829266837694373, 0.0 ], [ -99.9144550028617, 16.829348175078334, 0.0 ], [ -99.914506483652886, 16.829418407633565, 0.0 ], [ -99.9145645420856, 16.829485348669937, 0.0 ], [ -99.914639340498752, 16.829535456196417, 0.0 ], [ -99.914793777476461, 16.829633746700146, 0.0 ], [ -99.914876712056184, 16.829661560932315, 0.0 ], [ -99.914969442051699, 16.829656790928194, 0.0 ], [ -99.915065674007224, 16.829678747875903, 0.0 ], [ -99.915152334478194, 16.82972228585481, 0.0 ], [ -99.91522839733824, 16.829777486242044, 0.0 ], [ -99.915303298274182, 16.829829912220752, 0.0 ], [ -99.91537538702994, 16.829868928408413, 0.0 ], [ -99.915454750401977, 16.829829870851935, 0.0 ], [ -99.915562855207099, 16.829838409015505, 0.0 ], [ -99.915615039268232, 16.829916661724724, 0.0 ], [ -99.915699249086686, 16.82994420256296, 0.0 ], [ -99.91577536050994, 16.829984427439339, 0.0 ], [ -99.915845887143576, 16.829958559340071, 0.0 ], [ -99.915866170453, 16.829882760880817, 0.0 ], [ -99.91586132760375, 16.829790702678849, 0.0 ], [ -99.915904472578916, 16.829703039463872, 0.0 ], [ -99.915970356912112, 16.829623194055163, 0.0 ], [ -99.916166744565146, 16.829636298076878, 0.0 ], [ -99.916260376580624, 16.829635886187305, 0.0 ], [ -99.916452084162017, 16.829644634792203, 0.0 ], [ -99.916547707276436, 16.829687363381193, 0.0 ], [ -99.916581234002365, 16.829779061854364, 0.0 ], [ -99.916621393228354, 16.829864378738243, 0.0 ], [ -99.916619599980095, 16.829959986564234, 0.0 ], [ -99.916606017519257, 16.830048623745032, 0.0 ], [ -99.916608698398363, 16.830086419552796, 0.0 ], [ -99.916632573600012, 16.830082133383826, 0.0 ], [ -99.916667578811314, 16.829984438231229, 0.0 ], [ -99.91673772323287, 16.829975682431776, 0.0 ], [ -99.916751927125347, 16.830070561807073, 0.0 ], [ -99.916863038364056, 16.830095210425721, 0.0 ], [ -99.91693571437736, 16.830169809189496, 0.0 ], [ -99.916943247098743, 16.830269925316767, 0.0 ], [ -99.916912110770809, 16.830360538308181, 0.0 ], [ -99.916869013459859, 16.830439831533166, 0.0 ], [ -99.916848181563921, 16.830528334715041, 0.0 ], [ -99.916800492314451, 16.830608228686792, 0.0 ], [ -99.916764095851931, 16.830687402301859, 0.0 ], [ -99.916754896686768, 16.830772072573208, 0.0 ], [ -99.916769852412315, 16.830861188193296, 0.0 ], [ -99.916761715346411, 16.830946117469356, 0.0 ], [ -99.916823504166871, 16.831019139721601, 0.0 ], [ -99.916781550793473, 16.831108256241119, 0.0 ], [ -99.91678001385219, 16.831190194372081, 0.0 ], [ -99.916823093176788, 16.831267914682595, 0.0 ], [ -99.91684466521474, 16.83135874081341, 0.0 ], [ -99.916861818883433, 16.831447813266088, 0.0 ], [ -99.916880280166367, 16.831534644608212, 0.0 ], [ -99.916914517356702, 16.831617996473533, 0.0 ], [ -99.916967389399076, 16.831790368630603, 0.0 ], [ -99.917010485810863, 16.831869311119988, 0.0 ], [ -99.917047304055359, 16.831948245515147, 0.0 ], [ -99.917117046480087, 16.832001442212853, 0.0 ], [ -99.917191271125716, 16.832054395194231, 0.0 ], [ -99.917276703122923, 16.832100671608771, 0.0 ], [ -99.917324949952047, 16.832184933587879, 0.0 ], [ -99.917364823193566, 16.832269356545734, 0.0 ], [ -99.917388111137939, 16.832359718626204, 0.0 ], [ -99.91740005233612, 16.832450061821017, 0.0 ], [ -99.917414703191582, 16.832533652905795, 0.0 ], [ -99.91747208983054, 16.832595185419446, 0.0 ], [ -99.917547368481848, 16.83264179368393, 0.0 ], [ -99.917630386698548, 16.832673425538186, 0.0 ], [ -99.917722226365242, 16.832681116540357, 0.0 ], [ -99.917811487675692, 16.832698645226401, 0.0 ], [ -99.917889980503844, 16.832683214658683, 0.0 ], [ -99.917925877842606, 16.832600945577322, 0.0 ], [ -99.918028115470747, 16.83257015279036, 0.0 ], [ -99.918114288509173, 16.832584587808523, 0.0 ], [ -99.918178334628067, 16.832509592443724, 0.0 ], [ -99.918275657461209, 16.832579551605079, 0.0 ], [ -99.918273569235339, 16.832666692314088, 0.0 ], [ -99.918353756386239, 16.832697581328492, 0.0 ], [ -99.918414660273925, 16.832780330647896, 0.0 ], [ -99.918415536213615, 16.832962987452046, 0.0 ], [ -99.91845062596127, 16.83303847384661, 0.0 ], [ -99.918516751312609, 16.833095345174172, 0.0 ], [ -99.918598229889994, 16.833149326979814, 0.0 ], [ -99.918631289867676, 16.833243204510325, 0.0 ], [ -99.918633764801996, 16.833335514522556, 0.0 ], [ -99.918643874980432, 16.833421535575432, 0.0 ], [ -99.918683499109648, 16.833501660673278, 0.0 ], [ -99.918710866378945, 16.833589664731331, 0.0 ], [ -99.918764209666108, 16.83376499565821, 0.0 ], [ -99.918770698274727, 16.833855295685392, 0.0 ], [ -99.918795513267867, 16.833940041499822, 0.0 ], [ -99.918826244001593, 16.834027478984979, 0.0 ], [ -99.91883191962296, 16.834113841780486, 0.0 ], [ -99.91888470622979, 16.834170886677096, 0.0 ], [ -99.918971035750189, 16.83417373662871, 0.0 ], [ -99.919065242432566, 16.834182259503727, 0.0 ], [ -99.919158476947814, 16.83419272761239, 0.0 ], [ -99.91925213774158, 16.834201320634516, 0.0 ], [ -99.919346164559386, 16.834214152161451, 0.0 ], [ -99.919438193983126, 16.834233361680443, 0.0 ], [ -99.919526153974289, 16.83424825805076, 0.0 ], [ -99.919630158770474, 16.834221226228685, 0.0 ], [ -99.919665320463764, 16.834329605327067, 0.0 ], [ -99.919636130268771, 16.834415529253359, 0.0 ], [ -99.919662776281712, 16.834498310049071, 0.0 ], [ -99.919669753222195, 16.834587005685869, 0.0 ], [ -99.919706486031103, 16.834659211353646, 0.0 ], [ -99.919784912309524, 16.834693373900215, 0.0 ], [ -99.919872315620523, 16.834720848188674, 0.0 ], [ -99.919966155379313, 16.834741151283136, 0.0 ], [ -99.920054035330963, 16.83479423196826, 0.0 ], [ -99.920087330031834, 16.834888442247799, 0.0 ], [ -99.920090385928177, 16.834984255119423, 0.0 ], [ -99.920064284005093, 16.835074299739169, 0.0 ], [ -99.920034743973872, 16.83516315995206, 0.0 ], [ -99.919980634464366, 16.835240535822212, 0.0 ], [ -99.919924795558416, 16.835314502362447, 0.0 ], [ -99.919861790854554, 16.835385108136336, 0.0 ], [ -99.919784581358954, 16.83544085531139, 0.0 ], [ -99.919705139746043, 16.835490997011956, 0.0 ], [ -99.919621904792677, 16.835537224863174, 0.0 ], [ -99.919532085902574, 16.835568131863852, 0.0 ], [ -99.919451615465277, 16.835597387709235, 0.0 ], [ -99.919415058923448, 16.835673420891844, 0.0 ], [ -99.919366851664392, 16.835754304117867, 0.0 ], [ -99.919300266759535, 16.835823100455912, 0.0 ], [ -99.919222736205882, 16.835879426794175, 0.0 ], [ -99.919134196151845, 16.835923152731308, 0.0 ], [ -99.919034222117261, 16.835928089110098, 0.0 ], [ -99.9189378561627, 16.835910760073595, 0.0 ], [ -99.918849025627594, 16.835875393334895, 0.0 ], [ -99.918763600825173, 16.835838105644086, 0.0 ], [ -99.918677104929998, 16.835804357684989, 0.0 ], [ -99.918590771812262, 16.835772189834756, 0.0 ], [ -99.918502806424954, 16.83575072481619, 0.0 ], [ -99.918419822382475, 16.835747632047678, 0.0 ], [ -99.918364965536398, 16.835806701318173, 0.0 ], [ -99.918327504276419, 16.835883256107369, 0.0 ], [ -99.918318718799483, 16.835969254677419, 0.0 ], [ -99.918318344681396, 16.836060136566111, 0.0 ], [ -99.918303942938223, 16.836150406915859, 0.0 ], [ -99.9182939577654, 16.836239312094733, 0.0 ], [ -99.918290109566499, 16.836320423748642, 0.0 ], [ -99.918346191289359, 16.836368334231331, 0.0 ], [ -99.918432465051751, 16.836347353947357, 0.0 ], [ -99.91853450662768, 16.836375456862019, 0.0 ], [ -99.918590444459028, 16.836461888005882, 0.0 ], [ -99.918597448379046, 16.836558540844116, 0.0 ], [ -99.918583437840994, 16.836647249970717, 0.0 ], [ -99.918596188428921, 16.83673346797519, 0.0 ], [ -99.918616177660112, 16.836822803029971, 0.0 ], [ -99.918619235355095, 16.83691590534476, 0.0 ], [ -99.918609922875248, 16.837012622934253, 0.0 ], [ -99.918543022308199, 16.837089861208195, 0.0 ], [ -99.918451226708271, 16.837125147907265, 0.0 ], [ -99.918364048227829, 16.837156274342753, 0.0 ], [ -99.918282054338931, 16.837196716855029, 0.0 ], [ -99.918203291714121, 16.837242131719051, 0.0 ], [ -99.918130609405694, 16.837300126299905, 0.0 ], [ -99.91804470166727, 16.83734354916561, 0.0 ], [ -99.917954123749382, 16.837375924759161, 0.0 ], [ -99.917676125318508, 16.837429333696889, 0.0 ], [ -99.917584456523059, 16.837441767723472, 0.0 ], [ -99.917502785490683, 16.837469390400088, 0.0 ], [ -99.917450962057799, 16.837532413989827, 0.0 ], [ -99.917436606180061, 16.837621414496706, 0.0 ], [ -99.917377459567732, 16.837698481899444, 0.0 ], [ -99.917312569884757, 16.837765993106188, 0.0 ], [ -99.9172443293279, 16.837828058917918, 0.0 ], [ -99.917183434433468, 16.837891332519007, 0.0 ], [ -99.917152405125023, 16.837969906286212, 0.0 ], [ -99.917147487632121, 16.838055917446756, 0.0 ], [ -99.917166781687172, 16.838229762693569, 0.0 ], [ -99.917216913495395, 16.838302352371837, 0.0 ], [ -99.917260253623397, 16.838387573927488, 0.0 ], [ -99.917268560661114, 16.83847362465815, 0.0 ], [ -99.917332262339528, 16.838526599223307, 0.0 ], [ -99.917413151861012, 16.838567759394607, 0.0 ], [ -99.917496830180141, 16.838607781024333, 0.0 ], [ -99.917582266673833, 16.838646575079395, 0.0 ], [ -99.917664751592667, 16.838692585294606, 0.0 ], [ -99.91774282084009, 16.838743652397678, 0.0 ], [ -99.917899113119176, 16.838842361985595, 0.0 ], [ -99.917981724842264, 16.838886873930278, 0.0 ], [ -99.918056527752185, 16.838943521326538, 0.0 ], [ -99.918130041034146, 16.838997183872941, 0.0 ], [ -99.918209107629707, 16.839038284689252, 0.0 ], [ -99.918297690851375, 16.839057692958189, 0.0 ], [ -99.918390828239751, 16.839073646931237, 0.0 ], [ -99.918482109427444, 16.839101098736872, 0.0 ], [ -99.918568630503501, 16.839132923945325, 0.0 ], [ -99.918657263187811, 16.83914768002148, 0.0 ], [ -99.918744248313999, 16.839143479288222, 0.0 ], [ -99.91882293899306, 16.839098220906294, 0.0 ], [ -99.918916690618346, 16.839072635194096, 0.0 ], [ -99.919011607765128, 16.839058084163291, 0.0 ], [ -99.919113427208458, 16.839054566914736, 0.0 ], [ -99.919202130939254, 16.839121818217393, 0.0 ], [ -99.919241683122834, 16.839160279523352, 0.0 ], [ -99.91926529032645, 16.839198909002558, 0.0 ], [ -99.919301081545271, 16.83929573091342, 0.0 ], [ -99.919336099346992, 16.839381393136815, 0.0 ], [ -99.91935150923041, 16.839474641141919, 0.0 ], [ -99.91934441178087, 16.839573234717133, 0.0 ], [ -99.919275393310329, 16.839644893597036, 0.0 ], [ -99.91920803678704, 16.839701297277202, 0.0 ], [ -99.919183900782059, 16.839783732733167, 0.0 ], [ -99.919149800288665, 16.839874358315058, 0.0 ], [ -99.919061971598296, 16.839938410729243, 0.0 ], [ -99.918967026572503, 16.839900498908882, 0.0 ], [ -99.918878452344302, 16.839883367723356, 0.0 ], [ -99.918783098127051, 16.839881556488823, 0.0 ], [ -99.91868976018975, 16.839848009977853, 0.0 ], [ -99.918614947387482, 16.839795546227489, 0.0 ], [ -99.918531787077825, 16.839777496834074, 0.0 ], [ -99.918448966711992, 16.839799746960804, 0.0 ], [ -99.918377050625907, 16.839847528840377, 0.0 ], [ -99.918326814496439, 16.839916102146557, 0.0 ], [ -99.918304261298204, 16.839998051968564, 0.0 ], [ -99.918304337740608, 16.840085566795604, 0.0 ], [ -99.918309280414633, 16.840168378168293, 0.0 ], [ -99.918369845257814, 16.840226232454825, 0.0 ], [ -99.918444714717396, 16.840279585634445, 0.0 ], [ -99.918531975935593, 16.84035107903906, 0.0 ], [ -99.918447409086255, 16.8404347420697, 0.0 ], [ -99.918345555468591, 16.840440279195661, 0.0 ], [ -99.918252656400625, 16.840437207111393, 0.0 ], [ -99.918165858333282, 16.840450017054703, 0.0 ], [ -99.918091041933621, 16.840499469874715, 0.0 ], [ -99.91800452355551, 16.840542436784002, 0.0 ], [ -99.917907339217948, 16.840564470174222, 0.0 ], [ -99.917810649507487, 16.840549896660487, 0.0 ], [ -99.917717877243717, 16.840532601798202, 0.0 ], [ -99.917623937660267, 16.840512063980722, 0.0 ], [ -99.91753793729157, 16.840471679024912, 0.0 ], [ -99.917449420619789, 16.840433977645997, 0.0 ], [ -99.917382915754501, 16.840372805760463, 0.0 ], [ -99.917305427469159, 16.840355744721872, 0.0 ], [ -99.917240300365052, 16.8404071355809, 0.0 ], [ -99.917169570484873, 16.84046878860385, 0.0 ], [ -99.917084511706491, 16.840515999413864, 0.0 ], [ -99.916989740249903, 16.840542022196701, 0.0 ], [ -99.916895676559761, 16.840544333454201, 0.0 ], [ -99.91680863387694, 16.840565974739942, 0.0 ], [ -99.916556854280998, 16.840681548414864, 0.0 ], [ -99.916479480209375, 16.840725852616064, 0.0 ], [ -99.916419010694312, 16.840792216287749, 0.0 ], [ -99.91635474424163, 16.840851722628937, 0.0 ], [ -99.916333877272109, 16.840935706717627, 0.0 ], [ -99.91629840531283, 16.841022602810938, 0.0 ], [ -99.916245040441879, 16.84110385296048, 0.0 ], [ -99.916160506867413, 16.841155791506591, 0.0 ], [ -99.916069966721125, 16.841185800084574, 0.0 ], [ -99.9159827981332, 16.841218086645419, 0.0 ], [ -99.915899026284535, 16.84125038669605, 0.0 ], [ -99.915832424292546, 16.841309980271426, 0.0 ], [ -99.915688232391631, 16.841425382175657, 0.0 ], [ -99.915619465731254, 16.84148922774574, 0.0 ], [ -99.915535403401748, 16.841535638159197, 0.0 ], [ -99.915448908405949, 16.841575334234449, 0.0 ], [ -99.91535865604277, 16.841603375995184, 0.0 ], [ -99.915269372249327, 16.841633895388036, 0.0 ], [ -99.915175801387591, 16.841653849545644, 0.0 ], [ -99.915081641470124, 16.841665741281073, 0.0 ], [ -99.914990267652399, 16.841674548341754, 0.0 ], [ -99.914902949776788, 16.841704784448375, 0.0 ], [ -99.914808563230224, 16.84172438337367, 0.0 ], [ -99.914716644423265, 16.841729549079616, 0.0 ], [ -99.914647072869684, 16.841757807576801, 0.0 ], [ -99.914661586128773, 16.841832684231061, 0.0 ], [ -99.914675609257472, 16.841924147981214, 0.0 ], [ -99.914671455288953, 16.842015770911246, 0.0 ], [ -99.914671473275462, 16.842036401358992, 0.0 ], [ -99.914671528134136, 16.842102479046332, 0.0 ], [ -99.914704128558313, 16.842185990091533, 0.0 ], [ -99.914715554444854, 16.842271801602461, 0.0 ], [ -99.914776350413717, 16.84233260206792, 0.0 ], [ -99.914792974381783, 16.842343021613139, 0.0 ], [ -99.914821533252791, 16.842351842163847, 0.0 ], [ -99.915007802633568, 16.842338199448477, 0.0 ], [ -99.915046004934652, 16.842342112398626, 0.0 ], [ -99.915165509546284, 16.842321015202796, 0.0 ], [ -99.915261412349821, 16.842307986724389, 0.0 ], [ -99.915344113105959, 16.842295034688163, 0.0 ], [ -99.915509543396297, 16.842273324154689, 0.0 ], [ -99.915659228356276, 16.8422514472466, 0.0 ], [ -99.915806243229099, 16.842259180516802, 0.0 ], [ -99.915893099752338, 16.842247021682848, 0.0 ], [ -99.915927863046079, 16.84224686699929, 0.0 ], [ -99.915972406466963, 16.842266943464772, 0.0 ], [ -99.916002067906618, 16.842272516563352, 0.0 ], [ -99.916020569659239, 16.842272433825823, 0.0 ], [ -99.91608717255059, 16.842257417845527, 0.0 ], [ -99.916136983300703, 16.842244097986907, 0.0 ], [ -99.916164159014386, 16.842239213768888, 0.0 ], [ -99.916221415251641, 16.842238959260666, 0.0 ], [ -99.916252709860146, 16.842260663498902, 0.0 ], [ -99.916274452769414, 16.842283288642932, 0.0 ], [ -99.916312857418006, 16.842289273631078, 0.0 ], [ -99.916343423575711, 16.842310094735236, 0.0 ], [ -99.91638955879661, 16.842311736897212, 0.0 ], [ -99.916491914236019, 16.842291553412618, 0.0 ], [ -99.916516792181838, 16.842344785183798, 0.0 ], [ -99.916524375265226, 16.842369887959983, 0.0 ], [ -99.91653711596075, 16.842377985455631, 0.0 ], [ -99.916565489571269, 16.842365884178314, 0.0 ], [ -99.916626427633062, 16.84235386204108, 0.0 ], [ -99.916714963190486, 16.842362438875622, 0.0 ], [ -99.916787905403112, 16.842371171292537, 0.0 ], [ -99.916848365924977, 16.842398680654636, 0.0 ], [ -99.916863132792855, 16.842427475147982, 0.0 ], [ -99.91690425249493, 16.842427291686246, 0.0 ], [ -99.916922699388635, 16.842468207241943, 0.0 ], [ -99.916936014750831, 16.842495350580005, 0.0 ], [ -99.916970704300127, 16.842515181530413, 0.0 ], [ -99.916986079109847, 16.842556515270921, 0.0 ], [ -99.917022060984891, 16.842616500051459, 0.0 ], [ -99.91704218151699, 16.842661914915531, 0.0 ], [ -99.917042387461777, 16.842704623719492, 0.0 ], [ -99.9170671808713, 16.842717502910538, 0.0 ], [ -99.91706730407833, 16.842743334137648, 0.0 ], [ -99.91707893231245, 16.842756645003305, 0.0 ], [ -99.917100984588387, 16.842753890379921, 0.0 ], [ -99.917154700194828, 16.842724014901471, 0.0 ], [ -99.917235905378277, 16.842773947060145, 0.0 ], [ -99.917265378859724, 16.842802068860514, 0.0 ], [ -99.917296266075425, 16.842841348549481, 0.0 ], [ -99.917329576963994, 16.842877359202809, 0.0 ], [ -99.91734608312089, 16.842894679246172, 0.0 ], [ -99.917427268519077, 16.842890294151914, 0.0 ], [ -99.917486601291102, 16.842901922385913, 0.0 ], [ -99.917496813093123, 16.842903923377488, 0.0 ], [ -99.917502557962223, 16.842948087284526, 0.0 ], [ -99.917512513457325, 16.84302461059735, 0.0 ], [ -99.917521941949545, 16.843077573471248, 0.0 ], [ -99.91752207415, 16.843104984807209, 0.0 ], [ -99.917513729340726, 16.843121231959454, 0.0 ], [ -99.917495782469985, 16.84316375999958, 0.0 ], [ -99.91745485702171, 16.843183694372151, 0.0 ], [ -99.91743543256473, 16.843196916204814, 0.0 ], [ -99.917421875284901, 16.843211973553814, 0.0 ], [ -99.91741473196987, 16.843225326687495, 0.0 ], [ -99.917437313946436, 16.843245208000102, 0.0 ], [ -99.917453900142959, 16.843257072755872, 0.0 ], [ -99.917518941811352, 16.843295211205024, 0.0 ], [ -99.917525773960961, 16.843330479018441, 0.0 ], [ -99.917513221223771, 16.843387352144752, 0.0 ], [ -99.917491361402824, 16.84341805679793, 0.0 ], [ -99.917470199455749, 16.843452377625219, 0.0 ], [ -99.917449640054485, 16.843485722688111, 0.0 ], [ -99.917419915662208, 16.843507390953508, 0.0 ], [ -99.91741242071231, 16.843504150695992, 0.0 ], [ -99.917383404985742, 16.843491609650126, 0.0 ], [ -99.917364898736707, 16.843479258361238, 0.0 ], [ -99.917346353816697, 16.843480616337551, 0.0 ], [ -99.917313721017038, 16.843508368516435, 0.0 ], [ -99.917302805045949, 16.84351421231122, 0.0 ], [ -99.917222774377137, 16.843557058711383, 0.0 ], [ -99.916990773570888, 16.843700965527255, 0.0 ], [ -99.916943109502483, 16.843726483790359, 0.0 ], [ -99.916907553906071, 16.843734551608399, 0.0 ], [ -99.916886954035192, 16.843739226284356, 0.0 ], [ -99.916871629587604, 16.843752769175065, 0.0 ], [ -99.916871470407671, 16.843755958170959, 0.0 ], [ -99.916869572838095, 16.843793960822666, 0.0 ], [ -99.91684567875059, 16.843814864664346, 0.0 ], [ -99.916839595736405, 16.843838753355893, 0.0 ], [ -99.916816892351278, 16.843870295278062, 0.0 ], [ -99.916790533222198, 16.843872225223151, 0.0 ], [ -99.916783103922569, 16.843872769312892, 0.0 ], [ -99.916758630671893, 16.84389485396451, 0.0 ], [ -99.916751727475912, 16.843901083568198, 0.0 ], [ -99.916746650802963, 16.843901432505213, 0.0 ], [ -99.916710749866752, 16.843903901144241, 0.0 ], [ -99.916667031124177, 16.843904096297077, 0.0 ], [ -99.9166456155682, 16.843913726237471, 0.0 ], [ -99.916631460239273, 16.843932252271713, 0.0 ], [ -99.916617525244192, 16.843969195521932, 0.0 ], [ -99.916593568204178, 16.844015861342992, 0.0 ], [ -99.916563830322048, 16.844025554236111, 0.0 ], [ -99.916529442045771, 16.84403676248678, 0.0 ], [ -99.916459842613222, 16.844037072752883, 0.0 ], [ -99.916345438057192, 16.844048078655927, 0.0 ], [ -99.9163028137894, 16.844064717013108, 0.0 ], [ -99.916263254411263, 16.844078950583139, 0.0 ], [ -99.916244472070332, 16.844095177050797, 0.0 ], [ -99.916226841760931, 16.844110407969023, 0.0 ], [ -99.916200702066249, 16.844142748489155, 0.0 ], [ -99.916181268616299, 16.844152212954434, 0.0 ], [ -99.916150395789657, 16.844167249618973, 0.0 ], [ -99.916092777125527, 16.844182451758794, 0.0 ], [ -99.916044732643911, 16.844210907207636, 0.0 ], [ -99.916038714380647, 16.844214471220877, 0.0 ], [ -99.915968214726888, 16.844212443249656, 0.0 ], [ -99.915940601043474, 16.844212567356124, 0.0 ], [ -99.915844161344594, 16.844249900912246, 0.0 ], [ -99.915796365075778, 16.844275951573991, 0.0 ], [ -99.915745761123574, 16.844347716573957, 0.0 ], [ -99.915694620276099, 16.844438625442308, 0.0 ], [ -99.915605768157263, 16.84457309297397, 0.0 ], [ -99.915559650922717, 16.844664524348442, 0.0 ], [ -99.915512942833573, 16.844757127539534, 0.0 ], [ -99.915459500621068, 16.844823040650965, 0.0 ], [ -99.915431631530168, 16.844874300208964, 0.0 ], [ -99.915399784737872, 16.844951993539834, 0.0 ], [ -99.915328656457916, 16.845133663787575, 0.0 ], [ -99.915284876561373, 16.845225101457284, 0.0 ], [ -99.915285016855663, 16.84525411538527, 0.0 ], [ -99.915308194183467, 16.845265589835261, 0.0 ], [ -99.915272225798219, 16.845442883981946, 0.0 ], [ -99.915253714153096, 16.845495149881287, 0.0 ], [ -99.915275805099952, 16.845666960861642, 0.0 ], [ -99.915285297444086, 16.845740783510447, 0.0 ], [ -99.915320165958462, 16.846011975872148, 0.0 ], [ -99.915569471519461, 16.845992584690173, 0.0 ], [ -99.915698479267022, 16.845998912319935, 0.0 ], [ -99.915799083726313, 16.846026106919396, 0.0 ], [ -99.915859555040086, 16.84604763758858, 0.0 ], [ -99.915871532211042, 16.846059065273661, 0.0 ], [ -99.915147437669759, 16.846256252424212, 0.0 ], [ -99.915145664206705, 16.846232668602905, 0.0 ], [ -99.915133910067425, 16.846220400950749, 0.0 ], [ -99.915081482290077, 16.846226771748142, 0.0 ], [ -99.915070870290037, 16.846190529069816, 0.0 ], [ -99.914995128488044, 16.84620966304561, 0.0 ], [ -99.914865601831593, 16.846357494502733, 0.0 ], [ -99.914283738669269, 16.846668469274558, 0.0 ], [ -99.914205250337616, 16.846561827666278, 0.0 ], [ -99.914059159068472, 16.846658992218803, 0.0 ], [ -99.913807750892616, 16.846902958504696, 0.0 ], [ -99.913542946415419, 16.847166637930055, 0.0 ], [ -99.91353830231634, 16.847171263143309, 0.0 ], [ -99.913677106378998, 16.847295332713596, 0.0 ], [ -99.91365009524128, 16.847369856833613, 0.0 ], [ -99.91362131513705, 16.847389083439502, 0.0 ], [ -99.91374416342785, 16.847677007687874, 0.0 ], [ -99.913751061228083, 16.847712065059792, 0.0 ], [ -99.913761041004818, 16.847767355379176, 0.0 ], [ -99.91375984310794, 16.847801193270577, 0.0 ], [ -99.91376700800663, 16.847840985573153, 0.0 ], [ -99.913815426606277, 16.847941768997423, 0.0 ], [ -99.913785099668246, 16.8479554350954, 0.0 ], [ -99.913684262284448, 16.848015530492489, 0.0 ], [ -99.913589721953599, 16.848079465994708, 0.0 ], [ -99.913540712499525, 16.848094272432768, 0.0 ], [ -99.913532897390951, 16.848094557517978, 0.0 ], [ -99.913404878897623, 16.848098876961782, 0.0 ], [ -99.913309954556325, 16.848099800565361, 0.0 ], [ -99.913280942427093, 16.848104259404174, 0.0 ], [ -99.913250872695187, 16.848114823740271, 0.0 ], [ -99.913225367922067, 16.848127474503368, 0.0 ], [ -99.913119040177207, 16.848183784654051, 0.0 ], [ -99.913001929560949, 16.848248945032818, 0.0 ], [ -99.912986386577984, 16.848258993158193, 0.0 ], [ -99.912689126467569, 16.848415383463301, 0.0 ], [ -99.912539264341035, 16.848497145327084, 0.0 ], [ -99.912504887298681, 16.848517190686014, 0.0 ], [ -99.912469330481144, 16.848511874184837, 0.0 ], [ -99.912457091823029, 16.848533720442155, 0.0 ], [ -99.912336572374585, 16.848712553131616, 0.0 ], [ -99.912279293909336, 16.84878016435005, 0.0 ], [ -99.9120704003399, 16.848977219359721, 0.0 ], [ -99.911867592503043, 16.849156417437385, 0.0 ], [ -99.911699557342715, 16.849293858245765, 0.0 ], [ -99.911586904962036, 16.849397374639167, 0.0 ], [ -99.911439137798268, 16.849471330744358, 0.0 ], [ -99.911317782112192, 16.849475831759356, 0.0 ], [ -99.911210855253216, 16.849486211879757, 0.0 ], [ -99.911017715704688, 16.849536596182901, 0.0 ], [ -99.910880035094834, 16.849568904491587, 0.0 ], [ -99.910598540033149, 16.849641472363299, 0.0 ], [ -99.910399389623521, 16.849725561093866, 0.0 ], [ -99.910144846149137, 16.849841592532538, 0.0 ], [ -99.910032050488098, 16.849915392579828, 0.0 ], [ -99.909841317738667, 16.85003906503399, 0.0 ], [ -99.909722369159738, 16.850116854352521, 0.0 ], [ -99.909356801800357, 16.850247244476687, 0.0 ], [ -99.909003567701276, 16.850375598268055, 0.0 ], [ -99.908711992654375, 16.850491792007169, 0.0 ], [ -99.908416227164992, 16.850592155262785, 0.0 ], [ -99.908070861389831, 16.850645191670164, 0.0 ], [ -99.907984439576111, 16.850641611865822, 0.0 ], [ -99.906967968920895, 16.850602522528906, 0.0 ], [ -99.906967847900233, 16.850611806440309, 0.0 ] ] ] ] } },
{ "type": "Feature", "properties": { "Name": "Coyuca", "AREA": 784.70495975879999, "Superficie": 784.7 }, "geometry": { "type": "MultiPolygon", "coordinates": [ [ [ [ -100.001070900159746, 16.918857679190555, 0.0 ], [ -100.001971646756289, 16.916502891680867, 0.0 ], [ -100.001169290336946, 16.916207920120076, 0.0 ], [ -100.001992957887424, 16.914370273756354, 0.0 ], [ -100.002004036357164, 16.914376063604493, 0.0 ], [ -100.002080988646696, 16.914432538331031, 0.0 ], [ -100.002141225237324, 16.914456638363216, 0.0 ], [ -100.002555947598864, 16.9145915114891, 0.0 ], [ -100.00259568684146, 16.914594091644062, 0.0 ], [ -100.003400106129973, 16.914884340639844, 0.0 ], [ -100.00365231290391, 16.914945052971859, 0.0 ], [ -100.004169853855615, 16.91511267041346, 0.0 ], [ -100.00475715162122, 16.915355388440442, 0.0 ], [ -100.004885602688375, 16.915441472446044, 0.0 ], [ -100.005029359317462, 16.915490577228415, 0.0 ], [ -100.005103660405553, 16.915507186807247, 0.0 ], [ -100.005344568996634, 16.915590232003638, 0.0 ], [ -100.005402434075052, 16.915637860099196, 0.0 ], [ -100.005427245470969, 16.915649334549183, 0.0 ], [ -100.005661362381943, 16.915735197321567, 0.0 ], [ -100.005786499447368, 16.91576993993084, 0.0 ], [ -100.006037940898239, 16.915863055735489, 0.0 ], [ -100.00612982912827, 16.915890460776215, 0.0 ], [ -100.006734406467672, 16.916108005879838, 0.0 ], [ -100.006821710853217, 16.916154431581788, 0.0 ], [ -100.006984126616103, 16.916216259073163, 0.0 ], [ -100.007064973869433, 16.916241991374871, 0.0 ], [ -100.007216381031128, 16.916267692200275, 0.0 ], [ -100.007438998311102, 16.91633409544221, 0.0 ], [ -100.00784321838978, 16.916468475739631, 0.0 ], [ -100.00797197252848, 16.916503552896696, 0.0 ], [ -100.008488931618842, 16.916708708040513, 0.0 ], [ -100.008640032111771, 16.916784265481507, 0.0 ], [ -100.008813416006319, 16.916851352208198, 0.0 ], [ -100.008945613649132, 16.916912197639874, 0.0 ], [ -100.009160215271663, 16.916973838971554, 0.0 ], [ -100.009287494522198, 16.917010394614067, 0.0 ], [ -100.009355914943512, 16.917036856265952, 0.0 ], [ -100.009423127575246, 16.917081680275373, 0.0 ], [ -100.009505073800085, 16.917114366135134, 0.0 ], [ -100.009628724286188, 16.91718007060382, 0.0 ], [ -100.009742899515174, 16.917259451962195, 0.0 ], [ -100.00981098538864, 16.917288409232757, 0.0 ], [ -100.00999167087889, 16.917324801198671, 0.0 ], [ -100.01014242603209, 16.917330048742826, 0.0 ], [ -100.010243856069053, 16.917368169205702, 0.0 ], [ -100.010297273100662, 16.917419515098572, 0.0 ], [ -100.010343571998192, 16.917442406441978, 0.0 ], [ -100.010447266528104, 16.917468440016531, 0.0 ], [ -100.010588216373037, 16.91751719316397, 0.0 ], [ -100.010710213005893, 16.917520847109472, 0.0 ], [ -100.010753473094269, 16.91753022344113, 0.0 ], [ -100.010815682797499, 16.917559435219797, 0.0 ], [ -100.010918575132109, 16.917632327969613, 0.0 ], [ -100.011110348363843, 16.917712382920172, 0.0 ], [ -100.011333025898409, 16.917756193393643, 0.0 ], [ -100.011452758937651, 16.917791357785006, 0.0 ], [ -100.011510440554332, 16.917828807353605, 0.0 ], [ -100.011565522231024, 16.917878788974971, 0.0 ], [ -100.011638359222843, 16.917911138488304, 0.0 ], [ -100.011796265784994, 16.917963123799158, 0.0 ], [ -100.011942035996128, 16.91796137281915, 0.0 ], [ -100.012055330788826, 16.91801468103273, 0.0 ], [ -100.012167996955441, 16.918081911650972, 0.0 ], [ -100.012253467623395, 16.918120408030465, 0.0 ], [ -100.012485768803174, 16.918158909805868, 0.0 ], [ -100.012773550059251, 16.918277650892946, 0.0 ], [ -100.012855150944404, 16.918293100346379, 0.0 ], [ -100.012915070074371, 16.918313338689696, 0.0 ], [ -100.013219083194087, 16.918356166204148, 0.0 ], [ -100.013286719406551, 16.918374514172513, 0.0 ], [ -100.013704779152206, 16.918553093450559, 0.0 ], [ -100.014041840558434, 16.918712740200874, 0.0 ], [ -100.014241031398456, 16.918760885406588, 0.0 ], [ -100.014863409019085, 16.918992399679553, 0.0 ], [ -100.015002578206406, 16.919022105186059, 0.0 ], [ -100.015053308063671, 16.919044603525663, 0.0 ], [ -100.015183803289858, 16.919130688430585, 0.0 ], [ -100.015474845487688, 16.919242422000252, 0.0 ], [ -100.015534001992535, 16.919257060265181, 0.0 ], [ -100.015654680219257, 16.919263375304581, 0.0 ], [ -100.015692412175042, 16.919273067298263, 0.0 ], [ -100.015820595244236, 16.919367324342602, 0.0 ], [ -100.016102850166362, 16.9194792278841, 0.0 ], [ -100.016349950589699, 16.919549051247767, 0.0 ], [ -100.016420188540849, 16.919577977941408, 0.0 ], [ -100.016493005747577, 16.919623721057921, 0.0 ], [ -100.016653159715531, 16.919688218636452, 0.0 ], [ -100.016883506668478, 16.919762624945239, 0.0 ], [ -100.016995781629987, 16.919767164722941, 0.0 ], [ -100.017056612672491, 16.919757724539405, 0.0 ], [ -100.017089800353972, 16.919765775270381, 0.0 ], [ -100.017232129758952, 16.919843511768708, 0.0 ], [ -100.01749717885167, 16.919949054405379, 0.0 ], [ -100.017649274894097, 16.919988437516448, 0.0 ], [ -100.017932635982334, 16.920085781034004, 0.0 ], [ -100.018401100930021, 16.920229952250562, 0.0 ], [ -100.018687246319303, 16.920336771025241, 0.0 ], [ -100.018803048421887, 16.920365062797487, 0.0 ], [ -100.018932240530432, 16.920426540452521, 0.0 ], [ -100.01917892816499, 16.920522103312464, 0.0 ], [ -100.019229050080583, 16.920541521474089, 0.0 ], [ -100.019368939624826, 16.920568626141232, 0.0 ], [ -100.01974222842108, 16.920716955822911, 0.0 ], [ -100.020083254938243, 16.920825072319303, 0.0 ], [ -100.02027551830048, 16.920911306511638, 0.0 ], [ -100.020574114803537, 16.921016090120524, 0.0 ], [ -100.020667088515268, 16.921041954622577, 0.0 ], [ -100.021105862345621, 16.921200864828101, 0.0 ], [ -100.021376128405564, 16.921284142049558, 0.0 ], [ -100.021667165207475, 16.921341518796112, 0.0 ], [ -100.021825585282514, 16.921402450562709, 0.0 ], [ -100.021961056457542, 16.921461482061769, 0.0 ], [ -100.021999328905864, 16.921486056036713, 0.0 ], [ -100.022639660591835, 16.921730217475613, 0.0 ], [ -100.022839164395862, 16.921790192363517, 0.0 ], [ -100.023059713235128, 16.921843690334072, 0.0 ], [ -100.023570351890214, 16.92200665558272, 0.0 ], [ -100.023930931467319, 16.92213204715631, 0.0 ], [ -100.024075430936364, 16.922162343517414, 0.0 ], [ -100.024171986647843, 16.922192364685937, 0.0 ], [ -100.024245702277312, 16.922219833578481, 0.0 ], [ -100.024358002419831, 16.922285929252268, 0.0 ], [ -100.024548366413967, 16.922381560460678, 0.0 ], [ -100.024714249063322, 16.922448670569736, 0.0 ], [ -100.024875064932246, 16.922502691046418, 0.0 ], [ -100.025511781343596, 16.922738646171634, 0.0 ], [ -100.025780619280127, 16.92280193146399, 0.0 ], [ -100.025833985050326, 16.922806309363747, 0.0 ], [ -100.025994820704398, 16.922863682512965, 0.0 ], [ -100.026243344754505, 16.922938366712287, 0.0 ], [ -100.026486819111369, 16.922997729161924, 0.0 ], [ -100.026733332277459, 16.923087498589208, 0.0 ], [ -100.027046880908813, 16.923249031217889, 0.0 ], [ -100.027278272873957, 16.923339744034028, 0.0 ], [ -100.027424162694899, 16.923387140104463, 0.0 ], [ -100.027487871567985, 16.923401037328055, 0.0 ], [ -100.027679819268201, 16.923467833573742, 0.0 ], [ -100.028067663591742, 16.923546922652406, 0.0 ], [ -100.02826875649788, 16.923610101824806, 0.0 ], [ -100.028541031643272, 16.923709519178999, 0.0 ], [ -100.028724027491819, 16.923803113422988, 0.0 ], [ -100.029044158261286, 16.923920845470711, 0.0 ], [ -100.029197444106728, 16.923969133668603, 0.0 ], [ -100.029274815480335, 16.923993509792695, 0.0 ], [ -100.02950182684782, 16.924046805415799, 0.0 ], [ -100.029795808929407, 16.924152456870448, 0.0 ], [ -100.029929047087819, 16.92417827730571, 0.0 ], [ -100.030213983788258, 16.924281614804727, 0.0 ], [ -100.030331363301741, 16.924345457676793, 0.0 ], [ -100.030787359149258, 16.924524351717483, 0.0 ], [ -100.031152824743003, 16.924645250278104, 0.0 ], [ -100.031226785887441, 16.924655352362663, 0.0 ], [ -100.031580357047815, 16.924781904960977, 0.0 ], [ -100.031873536034823, 16.924889862277379, 0.0 ], [ -100.032201062828747, 16.924985588813907, 0.0 ], [ -100.032369460881853, 16.925046479211691, 0.0 ], [ -100.032466624535061, 16.925094651397103, 0.0 ], [ -100.032521236765604, 16.925113898687524, 0.0 ], [ -100.032582831332547, 16.925132567713884, 0.0 ], [ -100.03274682000972, 16.925151136016154, 0.0 ], [ -100.03319263733033, 16.925310390662048, 0.0 ], [ -100.033311105023415, 16.925346053277789, 0.0 ], [ -100.033414002754, 16.925364305918034, 0.0 ], [ -100.03375902855629, 16.925488457326477, 0.0 ], [ -100.034071266875458, 16.925621396910003, 0.0 ], [ -100.034687754836, 16.925844444965207, 0.0 ], [ -100.034978763758886, 16.925922310965916, 0.0 ], [ -100.035036941801366, 16.925930873411119, 0.0 ], [ -100.035171479480141, 16.925980997125354, 0.0 ], [ -100.035307420101333, 16.926011165782715, 0.0 ], [ -100.0354701164527, 16.926068024519793, 0.0 ], [ -100.035581077504673, 16.926087419298995, 0.0 ], [ -100.035851553106681, 16.92618616665834, 0.0 ], [ -100.036186290664773, 16.926284507524031, 0.0 ], [ -100.03641785619908, 16.926369560007231, 0.0 ], [ -100.036506966423303, 16.926412817397644, 0.0 ], [ -100.036584435823059, 16.926466664305167, 0.0 ], [ -100.036673828434402, 16.926558049814215, 0.0 ], [ -100.036713716964414, 16.926582205604351, 0.0 ], [ -100.037400694686255, 16.926826706087642, 0.0 ], [ -100.037635032830451, 16.926958245426761, 0.0 ], [ -100.037909942989415, 16.927051997052047, 0.0 ], [ -100.038045915986174, 16.92711191798065, 0.0 ], [ -100.038070543920412, 16.927115055715323, 0.0 ], [ -100.038182005894839, 16.927091974614992, 0.0 ], [ -100.038263894563059, 16.927107557168082, 0.0 ], [ -100.038305526878503, 16.927170569066561, 0.0 ], [ -100.038405451450387, 16.927225131834405, 0.0 ], [ -100.038525948913389, 16.927266024007849, 0.0 ], [ -100.03862938443848, 16.927287832567462, 0.0 ], [ -100.03877689843506, 16.927339279184423, 0.0 ], [ -100.038827469112391, 16.927369698752671, 0.0 ], [ -100.038857327503649, 16.927400295487299, 0.0 ], [ -100.038907852315504, 16.927420438502505, 0.0 ], [ -100.038979282767627, 16.927427767077862, 0.0 ], [ -100.039216652526477, 16.927480122010081, 0.0 ], [ -100.039272749537702, 16.927492490386154, 0.0 ], [ -100.03939291694951, 16.927498811720852, 0.0 ], [ -100.039438534160979, 16.927492333904123, 0.0 ], [ -100.039506476142947, 16.927503829038525, 0.0 ], [ -100.039556343550373, 16.927522275932347, 0.0 ], [ -100.039624541839089, 16.92757027544792, 0.0 ], [ -100.03967651455946, 16.927594333211971, 0.0 ], [ -100.039775091047602, 16.927603222111088, 0.0 ], [ -100.040054846753719, 16.927674440323191, 0.0 ], [ -100.040199904701808, 16.927733355809771, 0.0 ], [ -100.040464003211127, 16.92782581151204, 0.0 ], [ -100.040549534133675, 16.927844601047529, 0.0 ], [ -100.040650083734363, 16.927879339160199, 0.0 ], [ -100.040737597661973, 16.927929119333438, 0.0 ], [ -100.040909759377882, 16.927988836115958, 0.0 ], [ -100.040967606469849, 16.928019000276663, 0.0 ], [ -100.041476206361779, 16.92819683401672, 0.0 ], [ -100.041613534636895, 16.928227912787968, 0.0 ], [ -100.04179335677793, 16.928305991928031, 0.0 ], [ -100.041928605820488, 16.928324490982504, 0.0 ], [ -100.042173073928211, 16.928410492250464, 0.0 ], [ -100.042397912533602, 16.928456461996181, 0.0 ], [ -100.04252010701731, 16.928493167825476, 0.0 ], [ -100.042608826036499, 16.928533152582983, 0.0 ], [ -100.04269455930644, 16.928598750032339, 0.0 ], [ -100.042886793890375, 16.928667960957689, 0.0 ], [ -100.042923200245468, 16.928676794998125, 0.0 ], [ -100.043100831638014, 16.928679341878194, 0.0 ], [ -100.043186555914815, 16.92869712507229, 0.0 ], [ -100.043265535276191, 16.928741661298663, 0.0 ], [ -100.043378981155001, 16.928833336389399, 0.0 ], [ -100.043441853658578, 16.928863773044725, 0.0 ], [ -100.043476709582421, 16.928874061288919, 0.0 ], [ -100.043611546735463, 16.928879066915442, 0.0 ], [ -100.043736607358483, 16.928909249062656, 0.0 ], [ -100.044305372794668, 16.929121068182781, 0.0 ], [ -100.044354052197718, 16.929135064331827, 0.0 ], [ -100.044469700516231, 16.929151031794731, 0.0 ], [ -100.044637324253074, 16.929221723004154, 0.0 ], [ -100.044709996668985, 16.929246314965496, 0.0 ], [ -100.044767786204318, 16.929286276340633, 0.0 ], [ -100.044882014493339, 16.929339172664754, 0.0 ], [ -100.045016420871093, 16.929380053146978, 0.0 ], [ -100.045366079081262, 16.92950898625077, 0.0 ], [ -100.045466838223945, 16.929556012699887, 0.0 ], [ -100.045691032914817, 16.929641353865463, 0.0 ], [ -100.045989704960903, 16.929733046942605, 0.0 ], [ -100.046005717389903, 16.929743667036629, 0.0 ], [ -100.046051294131871, 16.929811465127038, 0.0 ], [ -100.046098763946759, 16.929835950968421, 0.0 ], [ -100.046198110254522, 16.929863326331478, 0.0 ], [ -100.046290792585978, 16.929869142247185, 0.0 ], [ -100.046351759426102, 16.929884204092783, 0.0 ], [ -100.046856444569244, 16.930055318997802, 0.0 ], [ -100.047141219391733, 16.930168728903769, 0.0 ], [ -100.047234158929257, 16.930192330711517, 0.0 ], [ -100.047596242172801, 16.93033297388769, 0.0 ], [ -100.047726435226764, 16.930331655481552, 0.0 ], [ -100.047858241664471, 16.930358971489394, 0.0 ], [ -100.048037622238439, 16.930334470359583, 0.0 ], [ -100.048266966447329, 16.930331974740906, 0.0 ], [ -100.048316508300161, 16.930349110423155, 0.0 ], [ -100.048416584857478, 16.930411594419581, 0.0 ], [ -100.048559649008553, 16.93046404198202, 0.0 ], [ -100.048727927451878, 16.930510214075188, 0.0 ], [ -100.048838021557401, 16.930521634565817, 0.0 ], [ -100.048889969996083, 16.930535892417534, 0.0 ], [ -100.048941015515425, 16.930561687671798, 0.0 ], [ -100.049109862330226, 16.930684827342926, 0.0 ], [ -100.049163368394716, 16.930710654972813, 0.0 ], [ -100.049234782659084, 16.930733399726645, 0.0 ], [ -100.04938118509358, 16.930780017883585, 0.0 ], [ -100.049509448202457, 16.930775970035025, 0.0 ], [ -100.049559425327175, 16.930785104449058, 0.0 ], [ -100.049615587089647, 16.930807348280549, 0.0 ], [ -100.049754669042741, 16.930928923131379, 0.0 ], [ -100.049802789067428, 16.930996065615997, 0.0 ], [ -100.049891374986942, 16.931045466275293, 0.0 ], [ -100.049933097234614, 16.931046047237309, 0.0 ], [ -100.050002458346739, 16.93100659937511, 0.0 ], [ -100.050041580654408, 16.931009056322914, 0.0 ], [ -100.050069276176146, 16.931019976790534, 0.0 ], [ -100.050112030845526, 16.931074556645509, 0.0 ], [ -100.050240559254348, 16.931130267847603, 0.0 ], [ -100.050291851187922, 16.931146174156655, 0.0 ], [ -100.050400889489424, 16.931148388287507, 0.0 ], [ -100.050457174458984, 16.931160499457516, 0.0 ], [ -100.050509236212235, 16.931210249953097, 0.0 ], [ -100.050637457052972, 16.931259627230077, 0.0 ], [ -100.050653147524727, 16.93129346781933, 0.0 ], [ -100.050645802761551, 16.931330354412353, 0.0 ], [ -100.05062663551081, 16.931370447987831, 0.0 ], [ -100.050632160046121, 16.93137793934045, 0.0 ], [ -100.050654164657942, 16.931380230813033, 0.0 ], [ -100.050775476906722, 16.931340380054561, 0.0 ], [ -100.050897076039178, 16.931345331721726, 0.0 ], [ -100.051061186124798, 16.931404773311669, 0.0 ], [ -100.051098084409034, 16.931431165715768, 0.0 ], [ -100.051137935167574, 16.93143954739725, 0.0 ], [ -100.051192836080475, 16.931476412406539, 0.0 ], [ -100.051236669036996, 16.931464680750477, 0.0 ], [ -100.051251926035548, 16.93146775733118, 0.0 ], [ -100.051263528189224, 16.931475605714695, 0.0 ], [ -100.051283571379656, 16.931517087843364, 0.0 ], [ -100.051326646207713, 16.931539525928432, 0.0 ], [ -100.051495448955791, 16.931532772919184, 0.0 ], [ -100.051597158681886, 16.931552640741803, 0.0 ], [ -100.051672198113408, 16.93157710050286, 0.0 ], [ -100.051743096166945, 16.931567688198303, 0.0 ], [ -100.051772170349352, 16.93157147974005, 0.0 ], [ -100.051807335639978, 16.931679668182198, 0.0 ], [ -100.051853179480588, 16.931705444550687, 0.0 ], [ -100.051959994657977, 16.931733212018173, 0.0 ], [ -100.052091518708608, 16.931780420130334, 0.0 ], [ -100.052174839996837, 16.931799712386862, 0.0 ], [ -100.052229331718252, 16.931833732840573, 0.0 ], [ -100.052301400689032, 16.931861018271437, 0.0 ], [ -100.052327543081617, 16.931862763855523, 0.0 ], [ -100.052371444386608, 16.931853228343869, 0.0 ], [ -100.052433774598967, 16.931819348184433, 0.0 ], [ -100.052468529798773, 16.931816593560995, 0.0 ], [ -100.052497065287298, 16.931829949392693, 0.0 ], [ -100.052568483148946, 16.931905522122179, 0.0 ], [ -100.052590262030947, 16.931918036188449, 0.0 ], [ -100.052638412632575, 16.931921268351918, 0.0 ], [ -100.052706869026736, 16.931909979162238, 0.0 ], [ -100.052787888050545, 16.931952647496754, 0.0 ], [ -100.052919608153331, 16.931994484857626, 0.0 ], [ -100.053030386643002, 16.932003774854362, 0.0 ], [ -100.053074976828668, 16.931976304163133, 0.0 ], [ -100.053114007405497, 16.93197900392795, 0.0 ], [ -100.053322798508304, 16.9320947394807, 0.0 ], [ -100.053368931031287, 16.932131721401845, 0.0 ], [ -100.053463224048528, 16.93216868083999, 0.0 ], [ -100.053560373312564, 16.932212648694811, 0.0 ], [ -100.053877755753774, 16.93230220048622, 0.0 ], [ -100.053973113568304, 16.93235338989706, 0.0 ], [ -100.054069945371623, 16.932384018107996, 0.0 ], [ -100.05411940088959, 16.932422528876653, 0.0 ], [ -100.054156524903647, 16.932440431680618, 0.0 ], [ -100.0546888776895, 16.932579713283186, 0.0 ], [ -100.05518708771389, 16.932730521496403, 0.0 ], [ -100.055255217654121, 16.932744983494221, 0.0 ], [ -100.055332985628752, 16.932734911087323, 0.0 ], [ -100.055410892998282, 16.93275151886758, 0.0 ], [ -100.055453367978487, 16.932767388304399, 0.0 ], [ -100.055484912598615, 16.932800097546529, 0.0 ], [ -100.055514556951209, 16.932811875068012, 0.0 ], [ -100.055716928693244, 16.932841803606383, 0.0 ], [ -100.055831071546663, 16.932898716302763, 0.0 ], [ -100.055915271472543, 16.932920568929148, 0.0 ], [ -100.055985718965715, 16.932929551357741, 0.0 ], [ -100.056051177020151, 16.932921313567814, 0.0 ], [ -100.056112660071165, 16.932934299778136, 0.0 ], [ -100.056167924310216, 16.932931645878796, 0.0 ], [ -100.056237751271169, 16.932942221906043, 0.0 ], [ -100.056393690116707, 16.933024514369887, 0.0 ], [ -100.056456155227352, 16.933043497259632, 0.0 ], [ -100.056589451841717, 16.933068051449474, 0.0 ], [ -100.05665754401042, 16.93311090324562, 0.0 ], [ -100.05668247411684, 16.933141214895219, 0.0 ], [ -100.056719864330262, 16.933169646062368, 0.0 ], [ -100.056765551688841, 16.933190658721969, 0.0 ], [ -100.056959506675867, 16.933228421254679, 0.0 ], [ -100.0570630699047, 16.933230163241493, 0.0 ], [ -100.057139640881701, 16.933247870892554, 0.0 ], [ -100.057207858056188, 16.933284583916471, 0.0 ], [ -100.057265874220661, 16.933332603217139, 0.0 ], [ -100.057456507112079, 16.933419387794569, 0.0 ], [ -100.057622959032301, 16.933418490271151, 0.0 ], [ -100.057715590102362, 16.933441762927085, 0.0 ], [ -100.057769693316629, 16.933469926995603, 0.0 ], [ -100.05787668655978, 16.933569661810502, 0.0 ], [ -100.057927460483882, 16.933595149496625, 0.0 ], [ -100.0580020097849, 16.933607308330689, 0.0 ], [ -100.058062771579614, 16.933602041001446, 0.0 ], [ -100.058238110600314, 16.933605200319782, 0.0 ], [ -100.058293739964085, 16.933617322281634, 0.0 ], [ -100.058440204451813, 16.933660896233448, 0.0 ], [ -100.058508723798525, 16.933701222733308, 0.0 ], [ -100.058650276189269, 16.933757837754055, 0.0 ], [ -100.058765547691848, 16.933791260158557, 0.0 ], [ -100.058880878549644, 16.933815165937233, 0.0 ], [ -100.058984306880234, 16.933851515635006, 0.0 ], [ -100.059032665225288, 16.933880015150635, 0.0 ], [ -100.059117258154913, 16.933908282641195, 0.0 ], [ -100.059252993730638, 16.933943849928767, 0.0 ], [ -100.059491362636265, 16.934006315938802, 0.0 ], [ -100.059714464650767, 16.934070768551184, 0.0 ], [ -100.059909923304303, 16.934173984641749, 0.0 ], [ -100.060021439237971, 16.934222430221041, 0.0 ], [ -100.060240442142629, 16.93427927456889, 0.0 ], [ -100.060372946454265, 16.934294485702026, 0.0 ], [ -100.060497884769518, 16.934355505602124, 0.0 ], [ -100.060686392562957, 16.934409453233744, 0.0 ], [ -100.060814718624329, 16.934456699117447, 0.0 ], [ -100.061072487705133, 16.934527359749893, 0.0 ], [ -100.061212391638549, 16.934591193628705, 0.0 ], [ -100.061688753533133, 16.934729021027515, 0.0 ], [ -100.061969601915564, 16.934822924638301, 0.0 ], [ -100.062179482996726, 16.934877030550577, 0.0 ], [ -100.06223293869914, 16.934876671721096, 0.0 ], [ -100.06274532024031, 16.935010846973057, 0.0 ], [ -100.063186259638144, 16.935236354674089, 0.0 ], [ -100.063283416996057, 16.935272806894545, 0.0 ], [ -100.063460434151693, 16.935318622856187, 0.0 ], [ -100.064261765168283, 16.935500277815606, 0.0 ], [ -100.064520686280616, 16.935590170450041, 0.0 ], [ -100.064690057400185, 16.935638872336138, 0.0 ], [ -100.064742480680877, 16.935663563222935, 0.0 ], [ -100.064831966821771, 16.935731706652966, 0.0 ], [ -100.064957947451262, 16.935758896755718, 0.0 ], [ -100.065120910901271, 16.935831935195726, 0.0 ], [ -100.065607326317036, 16.936009804009302, 0.0 ], [ -100.065812435595376, 16.93606494324257, 0.0 ], [ -100.065981241041413, 16.936119864839949, 0.0 ], [ -100.066256300487851, 16.936185375954381, 0.0 ], [ -100.066436931119426, 16.93621246982968, 0.0 ], [ -100.066574127194201, 16.936243415501281, 0.0 ], [ -100.066657557300402, 16.936279892003483, 0.0 ], [ -100.06671120455843, 16.93632346595524, 0.0 ], [ -100.066781153827151, 16.936365463395472, 0.0 ], [ -100.067063327810274, 16.936422024456931, 0.0 ], [ -100.067139400562837, 16.936455927998733, 0.0 ], [ -100.067322795710425, 16.936516855268675, 0.0 ], [ -100.067371995820906, 16.936547716404053, 0.0 ], [ -100.067600045006031, 16.936644183981972, 0.0 ], [ -100.067686173078414, 16.936704389995668, 0.0 ], [ -100.067837771795723, 16.936713503725287, 0.0 ], [ -100.067939188342848, 16.936745547469116, 0.0 ], [ -100.06797105042358, 16.93674907730809, 0.0 ], [ -100.068331924079018, 16.936878861170548, 0.0 ], [ -100.068546558077173, 16.93694094317004, 0.0 ], [ -100.068785602373623, 16.936985553140804, 0.0 ], [ -100.068954108345395, 16.937030342076692, 0.0 ], [ -100.069084067575602, 16.937045090058916, 0.0 ], [ -100.069271198506954, 16.937097193180989, 0.0 ], [ -100.069570107074767, 16.937180416443137, 0.0 ], [ -100.069738894534339, 16.937231638229544, 0.0 ], [ -100.070006321434562, 16.937351920754569, 0.0 ], [ -100.070099955248679, 16.937380850146155, 0.0 ], [ -100.070131333494203, 16.937400127114245, 0.0 ], [ -100.070209097871555, 16.937427385565456, 0.0 ], [ -100.070254999268741, 16.937452795909849, 0.0 ], [ -100.070747891601854, 16.937587287723204, 0.0 ], [ -100.070887605778367, 16.937608365133993, 0.0 ], [ -100.071100130866284, 16.93766592714087, 0.0 ], [ -100.071410757600347, 16.937758495258372, 0.0 ], [ -100.071653299360264, 16.937856753386484, 0.0 ], [ -100.072027760872459, 16.937964251149307, 0.0 ], [ -100.072347628140506, 16.938046953703971, 0.0 ], [ -100.072738951041742, 16.938142151439195, 0.0 ], [ -100.073035240783724, 16.938228131123427, 0.0 ], [ -100.07336938478926, 16.938331292355318, 0.0 ], [ -100.07344548811875, 16.93836518330659, 0.0 ], [ -100.073547516204883, 16.938395630753806, 0.0 ], [ -100.073658264117569, 16.938440113020871, 0.0 ], [ -100.074127258765941, 16.938590620860509, 0.0 ], [ -100.07461634966478, 16.938719491911058, 0.0 ], [ -100.074846833314666, 16.938798856182302, 0.0 ], [ -100.075024905375074, 16.938847639007406, 0.0 ], [ -100.075117988804095, 16.938883600198039, 0.0 ], [ -100.075447199128917, 16.938967441294437, 0.0 ], [ -100.075493621233605, 16.938986647216041, 0.0 ], [ -100.075567824295604, 16.938995178184999, 0.0 ], [ -100.075735735815499, 16.939037252966898, 0.0 ], [ -100.076220245567868, 16.939237139882152, 0.0 ], [ -100.076515386875542, 16.939310620788547, 0.0 ], [ -100.07699275151424, 16.939447745816892, 0.0 ], [ -100.077417893421, 16.939600492069076, 0.0 ], [ -100.077688993152492, 16.93966846642661, 0.0 ], [ -100.07785983826092, 16.939696270766319, 0.0 ], [ -100.078102420490268, 16.939787434142829, 0.0 ], [ -100.078615731930427, 16.939919358391705, 0.0 ], [ -100.07903858146534, 16.94004526977341, 0.0 ], [ -100.079288896965011, 16.940107495664449, 0.0 ], [ -100.079300933491268, 16.940110486809544, 0.0 ], [ -100.07969755879526, 16.940246576718209, 0.0 ], [ -100.080015915202296, 16.940328325991516, 0.0 ], [ -100.08009511759559, 16.940350466400957, 0.0 ], [ -100.080374912871889, 16.940455937091883, 0.0 ], [ -100.080538549014761, 16.940498734928724, 0.0 ], [ -100.080870337695899, 16.940569529560207, 0.0 ], [ -100.081190249930046, 16.940653772653551, 0.0 ], [ -100.081300486128512, 16.940698687494489, 0.0 ], [ -100.081697244532165, 16.940818269447618, 0.0 ], [ -100.081991003581891, 16.940935168723112, 0.0 ], [ -100.082116888883263, 16.940975824374842, 0.0 ], [ -100.082245214045372, 16.941008179284101, 0.0 ], [ -100.082583137901452, 16.941113781276044, 0.0 ], [ -100.082923736341343, 16.941194278693047, 0.0 ], [ -100.083027203342738, 16.941252397380314, 0.0 ], [ -100.083171509457543, 16.941307389124749, 0.0 ], [ -100.083403753080688, 16.941355162910497, 0.0 ], [ -100.083551339922352, 16.941394256439818, 0.0 ], [ -100.08363412701334, 16.941420805325947, 0.0 ], [ -100.083804814740347, 16.941491230336059, 0.0 ], [ -100.08414015304561, 16.941533565921358, 0.0 ], [ -100.084209846007525, 16.941549554968045, 0.0 ], [ -100.084287790249277, 16.941578236146707, 0.0 ], [ -100.084668821309037, 16.941684337262416, 0.0 ], [ -100.084853215603403, 16.941749003014138, 0.0 ], [ -100.08497476167588, 16.941802622393137, 0.0 ], [ -100.085371249383627, 16.941916775139134, 0.0 ], [ -100.085524685415862, 16.94195233882942, 0.0 ], [ -100.085625505712471, 16.941963046157689, 0.0 ], [ -100.085849572699601, 16.942038924656682, 0.0 ], [ -100.086006731025805, 16.942083208173589, 0.0 ], [ -100.086275251501604, 16.942132692469841, 0.0 ], [ -100.086605648032219, 16.942256178379978, 0.0 ], [ -100.086796090267342, 16.942343649140124, 0.0 ], [ -100.086983304835613, 16.942376085887705, 0.0 ], [ -100.087100819247382, 16.942417460997092, 0.0 ], [ -100.087333391123082, 16.942420660784936, 0.0 ], [ -100.087600654346659, 16.942462079061723, 0.0 ], [ -100.087706772549495, 16.942512173098351, 0.0 ], [ -100.087901040500583, 16.942536599584454, 0.0 ], [ -100.087961525304138, 16.942571155134768, 0.0 ], [ -100.088100975979216, 16.942630399773176, 0.0 ], [ -100.088250625865669, 16.942649061604985, 0.0 ], [ -100.088471011028275, 16.942755550328453, 0.0 ], [ -100.088581654619645, 16.942787597669568, 0.0 ], [ -100.088795141982189, 16.942868418842522, 0.0 ], [ -100.089173216071003, 16.942956080258966, 0.0 ], [ -100.089273435620498, 16.942973170075785, 0.0 ], [ -100.089306062125047, 16.942973909318479, 0.0 ], [ -100.089382331829142, 16.94297562612428, 0.0 ], [ -100.089537241850223, 16.943007717532172, 0.0 ], [ -100.08964703198491, 16.943043004231303, 0.0 ], [ -100.090393962111648, 16.943244556691017, 0.0 ], [ -100.090562355668169, 16.943299079888671, 0.0 ], [ -100.0909796734731, 16.943409377241043, 0.0 ], [ -100.091103662104274, 16.943469162371972, 0.0 ], [ -100.091253244541576, 16.943508583254587, 0.0 ], [ -100.09160788859316, 16.94362497171511, 0.0 ], [ -100.091931372934482, 16.943709829045417, 0.0 ], [ -100.092118062298709, 16.943738755739055, 0.0 ], [ -100.092349868851329, 16.943789685245804, 0.0 ], [ -100.092423098846893, 16.943791941644861, 0.0 ], [ -100.092599901064546, 16.943819294524868, 0.0 ], [ -100.092904903438523, 16.943890980384481, 0.0 ], [ -100.093259579865673, 16.943999583414097, 0.0 ], [ -100.093705208328686, 16.944102646619914, 0.0 ], [ -100.093767177912866, 16.944127315023593, 0.0 ], [ -100.093957057172418, 16.944228655128367, 0.0 ], [ -100.094330153513738, 16.944362447269153, 0.0 ], [ -100.094425715474358, 16.944389211992579, 0.0 ], [ -100.094645810155953, 16.944441122659718, 0.0 ], [ -100.095356498503577, 16.944528336213811, 0.0 ], [ -100.095480705670028, 16.944562395338323, 0.0 ], [ -100.095676053706882, 16.944655976991783, 0.0 ], [ -100.095841750196612, 16.944719404377057, 0.0 ], [ -100.096292384286087, 16.944833361970151, 0.0 ], [ -100.096417648155921, 16.944838935068848, 0.0 ], [ -100.096551783837697, 16.94485709507893, 0.0 ], [ -100.096689288379935, 16.944890964446529, 0.0 ], [ -100.096764530158907, 16.944900005331018, 0.0 ], [ -100.097131229622505, 16.944995576284839, 0.0 ], [ -100.097193482493196, 16.945020412861819, 0.0 ], [ -100.097223038712229, 16.945042279877381, 0.0 ], [ -100.097452288492264, 16.945113417150534, 0.0 ], [ -100.097831422881825, 16.945209236317226, 0.0 ], [ -100.09838555275104, 16.945365392798688, 0.0 ], [ -100.098472255490151, 16.945366968410891, 0.0 ], [ -100.098838024155441, 16.945431368862611, 0.0 ], [ -100.099109980041533, 16.945503611402611, 0.0 ], [ -100.099245177822638, 16.945528217753122, 0.0 ], [ -100.09932185761761, 16.945556800905699, 0.0 ], [ -100.099391310460589, 16.945582691488088, 0.0 ], [ -100.099641712295139, 16.945654470877173, 0.0 ], [ -100.099790738052093, 16.945676697621533, 0.0 ], [ -100.099916422804654, 16.945706100056498, 0.0 ], [ -100.100060222601144, 16.94572264308556, 0.0 ], [ -100.100524601928782, 16.945856419038538, 0.0 ], [ -100.100860901609281, 16.945941345616628, 0.0 ], [ -100.101235921600463, 16.946005364755816, 0.0 ], [ -100.10154213086463, 16.946057636950457, 0.0 ], [ -100.10163485546417, 16.94607415210049, 0.0 ], [ -100.101728941637305, 16.946094126043139, 0.0 ], [ -100.101894692985638, 16.946129314716131, 0.0 ], [ -100.101899720195888, 16.946129802148679, 0.0 ], [ -100.101959232832314, 16.946135573098275, 0.0 ], [ -100.102083937323812, 16.946163051883389, 0.0 ], [ -100.102111574389596, 16.946169141192968, 0.0 ], [ -100.102118485679512, 16.946171262693667, 0.0 ], [ -100.10221163835638, 16.94619986203406, 0.0 ], [ -100.102340499514412, 16.946239423210844, 0.0 ], [ -100.102540908935737, 16.946300950328627, 0.0 ], [ -100.102623606094483, 16.94632196029028, 0.0 ], [ -100.102770612873428, 16.946359308235518, 0.0 ], [ -100.102970358595144, 16.946386572982025, 0.0 ], [ -100.103324331752447, 16.946469566017694, 0.0 ], [ -100.103592778483915, 16.946509565164376, 0.0 ], [ -100.10368799150757, 16.946526035348313, 0.0 ], [ -100.104078424079944, 16.946597004448222, 0.0 ], [ -100.104150243938591, 16.946597222084161, 0.0 ], [ -100.104270644274777, 16.946616888458667, 0.0 ], [ -100.10441846943678, 16.946641034356276, 0.0 ], [ -100.104511078023791, 16.946647330509958, 0.0 ], [ -100.104615215919466, 16.946672507929971, 0.0 ], [ -100.104928228554854, 16.946716973109854, 0.0 ], [ -100.10527880677148, 16.946798922931976, 0.0 ], [ -100.105581782073571, 16.946851140267935, 0.0 ], [ -100.105944259220166, 16.946948910064179, 0.0 ], [ -100.106029317099285, 16.946971962386208, 0.0 ], [ -100.106031582491482, 16.946972464207931, 0.0 ], [ -100.106037325562113, 16.946974012840489, 0.0 ], [ -100.106218886092677, 16.947014198146803, 0.0 ], [ -100.106338629923812, 16.947040700268129, 0.0 ], [ -100.106460122036992, 16.947040195748457, 0.0 ], [ -100.106574671383953, 16.947050267256088, 0.0 ], [ -100.106731484370471, 16.947075890739828, 0.0 ], [ -100.10688608232681, 16.947068011779379, 0.0 ], [ -100.106998109974768, 16.94707093817328, 0.0 ], [ -100.107227383137172, 16.947129952585268, 0.0 ], [ -100.107413017596627, 16.947177733565585, 0.0 ], [ -100.107609415142349, 16.947228285357138, 0.0 ], [ -100.107658079256908, 16.947240811114561, 0.0 ], [ -100.107758252041663, 16.947256973730418, 0.0 ], [ -100.107765167828177, 16.947258089789045, 0.0 ], [ -100.107774477610008, 16.947260405543318, 0.0 ], [ -100.108126151200906, 16.947347860115713, 0.0 ], [ -100.108268874508894, 16.947360790568098, 0.0 ], [ -100.108346231493329, 16.947367798984768, 0.0 ], [ -100.108386580476292, 16.947369493307519, 0.0 ], [ -100.108411370288479, 16.947370417810589, 0.0 ], [ -100.108458559514872, 16.947372177783848, 0.0 ], [ -100.108470384700468, 16.947372618451649, 0.0 ], [ -100.108480618086048, 16.947372999764184, 0.0 ], [ -100.108488349557661, 16.947373288446556, 0.0 ], [ -100.108495126848595, 16.947373600511298, 0.0 ], [ -100.108564237949167, 16.947384166646032, 0.0 ], [ -100.108737991465091, 16.947410730820597, 0.0 ], [ -100.108748944308275, 16.947412042931493, 0.0 ], [ -100.108799805466617, 16.947419819369205, 0.0 ], [ -100.108880851470076, 16.947427852113719, 0.0 ], [ -100.108899230015425, 16.947430054553422, 0.0 ], [ -100.109011883591521, 16.947441220535943, 0.0 ], [ -100.109257486643685, 16.947491060064412, 0.0 ], [ -100.109334131365017, 16.947496916449609, 0.0 ], [ -100.109367491716341, 16.94749946512826, 0.0 ], [ -100.109566567443096, 16.947526263126576, 0.0 ], [ -100.109640071731917, 16.947536157467766, 0.0 ], [ -100.109466986412258, 16.947695395925845, 0.0 ], [ -100.109310496282319, 16.947839366593541, 0.0 ], [ -100.109309822690136, 16.947867975826451, 0.0 ], [ -100.109306676861607, 16.948001695122176, 0.0 ], [ -100.109201387833764, 16.948093970960034, 0.0 ], [ -100.109099277909309, 16.94814798963807, 0.0 ], [ -100.10896397760547, 16.948208737043615, 0.0 ], [ -100.10890327966257, 16.948229146258143, 0.0 ], [ -100.10888701722206, 16.948235229272484, 0.0 ], [ -100.108869831177742, 16.948235215782624, 0.0 ], [ -100.108777574225655, 16.948261782655202, 0.0 ], [ -100.108683209262665, 16.948299035272328, 0.0 ], [ -100.108639118200699, 16.948324220786223, 0.0 ], [ -100.108577321286305, 16.94838020448287, 0.0 ], [ -100.108424781878171, 16.94848533163281, 0.0 ], [ -100.108148693607305, 16.948639467337614, 0.0 ], [ -100.108099506986605, 16.948643142866786, 0.0 ], [ -100.107898680279845, 16.948738043825692, 0.0 ], [ -100.10775213305449, 16.948892391770524, 0.0 ], [ -100.10764354891063, 16.948992762406135, 0.0 ], [ -100.107592093300411, 16.949152116876743, 0.0 ], [ -100.10751596928651, 16.949163057129461, 0.0 ], [ -100.107462037842708, 16.949177305088593, 0.0 ], [ -100.107439510724817, 16.94920316779201, 0.0 ], [ -100.107426071256157, 16.949241426750511, 0.0 ], [ -100.107425582924293, 16.949273542440089, 0.0 ], [ -100.107443351729273, 16.949339551778966, 0.0 ], [ -100.107447469724889, 16.949391688175922, 0.0 ], [ -100.107448496750692, 16.949456468141531, 0.0 ], [ -100.107437951300369, 16.949494983406797, 0.0 ], [ -100.107336937649507, 16.949604449785568, 0.0 ], [ -100.107166687892288, 16.949840799713172, 0.0 ], [ -100.107066799293307, 16.950055880674427, 0.0 ], [ -100.107035198915256, 16.950185804831047, 0.0 ], [ -100.107002547229754, 16.950220950336643, 0.0 ], [ -100.106984049973903, 16.950253515687226, 0.0 ], [ -100.106926164211075, 16.950426558738744, 0.0 ], [ -100.106870540243222, 16.950522484025445, 0.0 ], [ -100.106842005654016, 16.950535988245285, 0.0 ], [ -100.106750674104319, 16.950555679800857, 0.0 ], [ -100.106669118185224, 16.950554531366603, 0.0 ], [ -100.106480549237915, 16.95053158426526, 0.0 ], [ -100.106272577417485, 16.950555026893028, 0.0 ], [ -100.106249646503954, 16.950569639077628, 0.0 ], [ -100.106254961497257, 16.950590488959957, 0.0 ], [ -100.106277988638226, 16.950603622659116, 0.0 ], [ -100.106432450796945, 16.950645835037339, 0.0 ], [ -100.106558435923034, 16.950642377144053, 0.0 ], [ -100.106683983978655, 16.950660568630383, 0.0 ], [ -100.106740176318056, 16.950655338173362, 0.0 ], [ -100.10679761871512, 16.950669623004725, 0.0 ], [ -100.106821117100836, 16.950719929281373, 0.0 ], [ -100.106803027237902, 16.950826767841129, 0.0 ], [ -100.106799255481235, 16.950960607645978, 0.0 ], [ -100.106769612027961, 16.951200243696352, 0.0 ], [ -100.106744154019452, 16.951290094961962, 0.0 ], [ -100.106692274828561, 16.951363179267325, 0.0 ], [ -100.106682131375251, 16.95140309207909, 0.0 ], [ -100.106684574833253, 16.95145309618351, 0.0 ], [ -100.106707324083686, 16.95153740762532, 0.0 ], [ -100.106714751584491, 16.95162547193803, 0.0 ], [ -100.106526133174498, 16.951626494467178, 0.0 ], [ -100.10669103556279, 16.951942853479977, 0.0 ], [ -100.106628137878204, 16.952236307659511, 0.0 ], [ -100.10657355352663, 16.952534861894431, 0.0 ], [ -100.106584676341697, 16.952833061796408, 0.0 ], [ -100.106633430388456, 16.953140092141613, 0.0 ], [ -100.106692107554693, 16.953537462084284, 0.0 ], [ -100.106693738025569, 16.953817631478554, 0.0 ], [ -100.106666154019763, 16.953917199918862, 0.0 ], [ -100.106525292308334, 16.953917969738541, 0.0 ], [ -100.106224322494427, 16.953838261926304, 0.0 ], [ -100.105875646343989, 16.953632261419788, 0.0 ], [ -100.105601692164328, 16.953353569611579, 0.0 ], [ -100.105346923221873, 16.953147061887424, 0.0 ], [ -100.104744445799497, 16.95289726169932, 0.0 ], [ -100.104274122852473, 16.952764231284274, 0.0 ], [ -100.104066907361869, 16.952656892701498, 0.0 ], [ -100.103934845516676, 16.952558184912334, 0.0 ], [ -100.103896968770073, 16.952504169831627, 0.0 ], [ -100.103868322664937, 16.952422969144777, 0.0 ], [ -100.103867846024229, 16.952341630861614, 0.0 ], [ -100.103876553260321, 16.952224092168191, 0.0 ], [ -100.103904092299956, 16.952115477447364, 0.0 ], [ -100.103893968631724, 16.951989000392125, 0.0 ], [ -100.103846491622278, 16.951898877531224, 0.0 ], [ -100.103789830736048, 16.95184495418135, 0.0 ], [ -100.103480307470193, 16.951909892427636, 0.0 ], [ -100.103198907803289, 16.951965646797188, 0.0 ], [ -100.102880260915299, 16.952075830834985, 0.0 ], [ -100.102683799517706, 16.952203415855021, 0.0 ], [ -100.102571476892138, 16.952267292901297, 0.0 ], [ -100.102440276597463, 16.952313200593778, 0.0 ], [ -100.102261860996066, 16.952314153875133, 0.0 ], [ -100.101959984665541, 16.952080800488595, 0.0 ], [ -100.101610753633338, 16.951775385325849, 0.0 ], [ -100.101139491794072, 16.951479662156711, 0.0 ], [ -100.100687692183214, 16.95130133918547, 0.0 ], [ -100.100320507085712, 16.951140631235202, 0.0 ], [ -100.100029091669228, 16.951087969634155, 0.0 ], [ -100.099389584661594, 16.950928723082143, 0.0 ], [ -100.098985584017441, 16.950894753889827, 0.0 ], [ -100.098601045601754, 16.950978169606909, 0.0 ], [ -100.098235446008971, 16.951088584770446, 0.0 ], [ -100.097944968585409, 16.951198615923431, 0.0 ], [ -100.097701291881094, 16.951281261820842, 0.0 ], [ -100.097523353819668, 16.951363569573122, 0.0 ], [ -100.097326307862772, 16.951391739037604, 0.0 ], [ -100.097166553193858, 16.951374523315625, 0.0 ], [ -100.096959291837834, 16.951258138452371, 0.0 ], [ -100.096676153781473, 16.951015630866717, 0.0 ], [ -100.096346076510201, 16.950773369695291, 0.0 ], [ -100.09586573781354, 16.950531908021162, 0.0 ], [ -100.095066030972532, 16.950274092175675, 0.0 ], [ -100.094304245844228, 16.950079338590626, 0.0 ], [ -100.093805768721211, 16.949946431382727, 0.0 ], [ -100.093345230398029, 16.949876599925176, 0.0 ], [ -100.092724615448617, 16.949735308337836, 0.0 ], [ -100.091822553168242, 16.949640707752508, 0.0 ], [ -100.090760661575246, 16.949510815971447, 0.0 ], [ -100.090111615458625, 16.94932447734282, 0.0 ], [ -100.089349122563945, 16.949003169360822, 0.0 ], [ -100.088362030283463, 16.948818631174959, 0.0 ], [ -100.087930230695576, 16.9488480462004, 0.0 ], [ -100.087094014976799, 16.948771154165453, 0.0 ], [ -100.08669976927888, 16.948800369541452, 0.0 ], [ -100.086107554020373, 16.948695061627856, 0.0 ], [ -100.085543184470339, 16.948535385199932, 0.0 ], [ -100.084941061380846, 16.948339738588118, 0.0 ], [ -100.084432938129567, 16.948161677319607, 0.0 ], [ -100.083679799982747, 16.947831261903275, 0.0 ], [ -100.083133753220125, 16.947590123085778, 0.0 ], [ -100.082822830609132, 16.947411000617247, 0.0 ], [ -100.082653491865145, 16.947357677115178, 0.0 ], [ -100.082089400205632, 16.947243169136978, 0.0 ], [ -100.081327383951589, 16.947003169760528, 0.0 ], [ -100.080791522910431, 16.946897554278735, 0.0 ], [ -100.08035006100647, 16.946881799955179, 0.0 ], [ -100.079758784640148, 16.946939169507125, 0.0 ], [ -100.078961784758519, 16.94715126202118, 0.0 ], [ -100.078314630815498, 16.947290246847441, 0.0 ], [ -100.077929768643855, 16.947319400170212, 0.0 ], [ -100.077074214803147, 16.947143138445142, 0.0 ], [ -100.076311753384701, 16.946821784597713, 0.0 ], [ -100.075333861168701, 16.946600984847635, 0.0 ], [ -100.074591261277646, 16.946469323200745, 0.0 ], [ -100.074083460883003, 16.946345461373991, 0.0 ], [ -100.073434553261961, 16.946177138863902, 0.0 ], [ -100.072850815013055, 16.945909061753866, 0.0 ], [ -100.072389307220703, 16.945667446295662, 0.0 ], [ -100.071635768875581, 16.945264676823399, 0.0 ], [ -100.07121229251328, 16.945104215287362, 0.0 ], [ -100.070591461726565, 16.944917661720751, 0.0 ], [ -100.070102845669737, 16.944866000165799, 0.0 ], [ -100.06954903056328, 16.944905046031124, 0.0 ], [ -100.069014183957393, 16.944980153811116, 0.0 ], [ -100.068676907613167, 16.945117492878072, 0.0 ], [ -100.068311599400772, 16.945282092194873, 0.0 ], [ -100.067974169272475, 16.94539232299735, 0.0 ], [ -100.067683368992277, 16.945448077366908, 0.0 ], [ -100.067383030502413, 16.945476754049025, 0.0 ], [ -100.067119999488341, 16.94546006173249, 0.0 ], [ -100.066809353868564, 16.94532610771375, 0.0 ], [ -100.066479722661029, 16.945156092679614, 0.0 ], [ -100.066112030345892, 16.944895908019813, 0.0 ], [ -100.065848338330113, 16.944761707586785, 0.0 ], [ -100.065519323158185, 16.94470015438867, 0.0 ], [ -100.065152492393565, 16.944593615303177, 0.0 ], [ -100.064606984324826, 16.944442799895345, 0.0 ], [ -100.064126707681396, 16.944201277067346, 0.0 ], [ -100.063702723202084, 16.943950415679179, 0.0 ], [ -100.063419384596898, 16.943662661402755, 0.0 ], [ -100.063192907426696, 16.943465000309569, 0.0 ], [ -100.062966984238869, 16.943366753872624, 0.0 ], [ -100.06262786158652, 16.943178708330777, 0.0 ], [ -100.062156630324182, 16.94287386153951, 0.0 ], [ -100.061816953689402, 16.942586400442053, 0.0 ], [ -100.0615621532707, 16.942361769580032, 0.0 ], [ -100.061241830945733, 16.942173631408025, 0.0 ], [ -100.06105301558415, 16.941993846139155, 0.0 ], [ -100.060911645755823, 16.941904199918952, 0.0 ], [ -100.06048838433145, 16.941779861451494, 0.0 ], [ -100.059839199719249, 16.941557262157964, 0.0 ], [ -100.059020476713613, 16.941245169528994, 0.0 ], [ -100.058079491775118, 16.940897554578548, 0.0 ], [ -100.057374430485538, 16.940756600236966, 0.0 ], [ -100.056160830457941, 16.940356153713591, 0.0 ], [ -100.054778061658169, 16.939929461375584, 0.0 ], [ -100.054251322440564, 16.939769477379517, 0.0 ], [ -100.053620968732673, 16.939555815548491, 0.0 ], [ -100.053084984484428, 16.939423000071425, 0.0 ], [ -100.051759168850538, 16.93910446200135, 0.0 ], [ -100.05131713857503, 16.938980199976296, 0.0 ], [ -100.050583353838647, 16.938739938897132, 0.0 ], [ -100.050075399659931, 16.938579862270895, 0.0 ], [ -100.049708430399733, 16.93844616995483, 0.0 ], [ -100.048945076853784, 16.937952985342069, 0.0 ], [ -100.048351461350819, 16.937585446810996, 0.0 ], [ -100.04781452292184, 16.937280907587876, 0.0 ], [ -100.047390630173425, 16.937039046614757, 0.0 ], [ -100.047136507843504, 16.93693189239298, 0.0 ], [ -100.046957646178384, 16.936851461525805, 0.0 ], [ -100.046768999889423, 16.936698769232866, 0.0 ], [ -100.046514368543228, 16.936501231346821, 0.0 ], [ -100.046221830772822, 16.936240615911736, 0.0 ], [ -100.045854368684104, 16.936016539032096, 0.0 ], [ -100.04514818414134, 16.935667661433456, 0.0 ], [ -100.044554722422447, 16.935327231166802, 0.0 ], [ -100.043885645705927, 16.934896815635568, 0.0 ], [ -100.043348737853933, 16.934592246734834, 0.0 ], [ -100.042981384583186, 16.934386246228311, 0.0 ], [ -100.041936277037507, 16.933876384587503, 0.0 ], [ -100.041079814881527, 16.933519215239638, 0.0 ], [ -100.040299169171305, 16.933288200090434, 0.0 ], [ -100.039698015550925, 16.933255107737065, 0.0 ], [ -100.038879661267345, 16.932997154295268, 0.0 ], [ -100.038314738634256, 16.93271983125527, 0.0 ], [ -100.037778337999839, 16.932505646018793, 0.0 ], [ -100.037250722842543, 16.93218293869171, 0.0 ], [ -100.036572292277413, 16.931752538448958, 0.0 ], [ -100.036110753908133, 16.931492769275909, 0.0 ], [ -100.035668492506886, 16.931323277647206, 0.0 ], [ -100.035075814996844, 16.931118400393924, 0.0 ], [ -100.034765600152298, 16.931056707800849, 0.0 ], [ -100.034474430250725, 16.931040092826098, 0.0 ], [ -100.034145737935432, 16.931032723781247, 0.0 ], [ -100.033807260996241, 16.930953092411354, 0.0 ], [ -100.033412199613281, 16.930828554294411, 0.0 ], [ -100.032923353330034, 16.930722569191293, 0.0 ], [ -100.0321052148837, 16.930500738818072, 0.0 ], [ -100.031380630211856, 16.930215169894211, 0.0 ], [ -100.030805738593926, 16.929829415595123, 0.0 ], [ -100.029967845639533, 16.92942690782559, 0.0 ], [ -100.029234322605873, 16.929222723050255, 0.0 ], [ -100.028868430733439, 16.929278800276442, 0.0 ], [ -100.028549276627757, 16.929298477442842, 0.0 ], [ -100.028164445932418, 16.929327523746277, 0.0 ], [ -100.027957584774697, 16.929274338739788, 0.0 ], [ -100.027627815071583, 16.929068123295281, 0.0 ], [ -100.02692138411453, 16.928664938336286, 0.0 ], [ -100.026319076664038, 16.92841489263321, 0.0 ], [ -100.024003661439792, 16.927396123532333, 0.0 ], [ -100.02264878421397, 16.926887723289838, 0.0 ], [ -100.021999738097406, 16.926674046170319, 0.0 ], [ -100.021745984489556, 16.926630123281598, 0.0 ], [ -100.021501953452344, 16.926649415538122, 0.0 ], [ -100.021154291737162, 16.926605954001619, 0.0 ], [ -100.020477077055432, 16.926392415377734, 0.0 ], [ -100.019376015490721, 16.925936953727497, 0.0 ], [ -100.01752255322323, 16.925250231413091, 0.0 ], [ -100.015904307737571, 16.924652708355836, 0.0 ], [ -100.015772568749014, 16.92459912315104, 0.0 ], [ -100.015264230559751, 16.924357615611545, 0.0 ], [ -100.014859476283789, 16.924169815584541, 0.0 ], [ -100.013711246177024, 16.923669354557092, 0.0 ], [ -100.013306538665802, 16.923490599911307, 0.0 ], [ -100.01283606103533, 16.923303123640263, 0.0 ], [ -100.012694830601902, 16.923231507927824, 0.0 ], [ -100.012553845683385, 16.923205092141359, 0.0 ], [ -100.012075076303688, 16.923225539127369, 0.0 ], [ -100.01153069238751, 16.923264385343145, 0.0 ], [ -100.011202630496953, 16.923374477650096, 0.0 ], [ -100.010921337849425, 16.923448169897195, 0.0 ], [ -100.010686599506926, 16.923449339015853, 0.0 ], [ -100.010461169147618, 16.92343236970817, 0.0 ], [ -100.010075860912195, 16.923370999971723, 0.0 ], [ -100.009783968855061, 16.923218800507296, 0.0 ], [ -100.009341077029049, 16.922922707716847, 0.0 ], [ -100.0088792149038, 16.922590569199482, 0.0 ], [ -100.008577460881099, 16.922348015748355, 0.0 ], [ -100.008228460974635, 16.922051476894186, 0.0 ], [ -100.007954923181103, 16.921817815939498, 0.0 ], [ -100.007332923275726, 16.921387046075381, 0.0 ], [ -100.006937369064303, 16.921163031248966, 0.0 ], [ -100.006598353431229, 16.920974892177583, 0.0 ], [ -100.006250230363833, 16.92084103078901, 0.0 ], [ -100.0056011230933, 16.920609215243129, 0.0 ], [ -100.004933322514773, 16.92039558488835, 0.0 ], [ -100.004472383993289, 16.920235153929241, 0.0 ], [ -100.003917276561026, 16.920020954303645, 0.0 ], [ -100.003625584153326, 16.919904892296984, 0.0 ], [ -100.003399569234716, 16.919779462052588, 0.0 ], [ -100.003041584201711, 16.919555246677366, 0.0 ], [ -100.002693230907823, 16.919376184463367, 0.0 ], [ -100.002053753577854, 16.919189522978172, 0.0 ], [ -100.001564660880376, 16.919029215226143, 0.0 ], [ -100.001070900159746, 16.918857679190555, 0.0 ] ] ] ] } }
]
}
